,Description,Source,Rent
0,WF Credit Card AUTO PAY 260102 OOOOO OOOOO,real,0
1,WF Credit Card AUTO PAY 260101 OOOOO OOOOO,real,0
2,ZELLE FROM OOOOO ON 12/26 REF # COF2H8DF53VH KNEESHEEKEE,real,0
3,FEDERAL NATIONAL PAYROLL 251226 939238644926DV3 OOOOO,real,0
4,BENEFIT PAYMENT EDI PYMNTS OOOOO OOOOO,real,0
5,BENEFIT PAYMENT EDI PYMNTS OOOOO OOOOO,real,0
6,FEDERAL NATIONAL PAYROLL 251212 771079747757DV3 OOOOO,real,0
7,VANGUARD BUY INVESTMENT 120325 OOOOO OOOOO,real,0
8,WF Credit Card AUTO PAY 251202 OOOOO OOOOO,real,0
9,WF Credit Card AUTO PAY 251201 OOOOO OOOOO,real,0
10,ZELLE TO OOOOO ON 11/28 REF # WFCT0ZJPSK7J AMAZON,real,0
11,FEDERAL NATIONAL PAYROLL 251128 671069963167DV3 OOOOO,real,0
12,FEDERAL NATIONAL PAYROLL 251114 597074639499DV3 OOOOO,real,0
13,WF Credit Card AUTO PAY 251102 OOOOO OOOOO,real,0
14,WF Credit Card AUTO PAY 251102 OOOOO OOOOO,real,0
15,FEDERAL NATIONAL PAYROLL 251031 090089911267DV3 OOOOO,real,0
16,FEDERAL NATIONAL PAYROLL 251017 732063753454DV3 OOOOO,real,0
17,FEDERAL NATIONAL PAYROLL 251003 666085947407DV3 OOOOO,real,0
18,WF Credit Card AUTO PAY 251002 OOOOO OOOOO,real,0
19,WF Credit Card AUTO PAY 251001 OOOOO OOOOO,real,0
20,FEDERAL NATIONAL PAYROLL 250919 631075178823DV3 OOOOO,real,0
21,FEDERAL NATIONAL PAYROLL 250919 631075178824DV3 OOOOO,real,0
22,VANGUARD BUY INVESTMENT 091525 OOOOO OOOOO,real,0
23,WELLS FARGO REWARDS,real,0
24,FEDERAL NATIONAL PAYROLL 250905 452565949438DV3 OOOOO,real,0
25,WF Credit Card AUTO PAY 250902 OOOOO OOOOO,real,0
26,FEDERAL NATIONAL PAYROLL 250822 669078945226DV3 OOOOO,real,0
27,BOARD OF REGENTS Georgia Te 081625 OOOOO,real,0
28,ZELLE FROM OOOOO ON 08/18 REF # PP0Z62CR8H HAPPY BIRTHDAY,real,0
29,TRAVELERS PER INSUR 250813 9564791 OOOOO,real,0
30,TRAVELERS PER INSUR 250811 8789492 OOOOO,real,0
31,ONLINE TRANSFER REF #IB0TH45PQR TO WELLS FARGO ACTIVE CASH VISA CARD XXXXXXXXXXXX5691 ON 08/10/25,real,0
32,FEDERAL NATIONAL PAYROLL 250808 541077497284DV3 OOOOO,real,0
33,FEDERAL NATIONAL PAYROLL 250808 541077497285DV3 OOOOO,real,0
34,WF Credit Card AUTO PAY 250803 OOOOO OOOOO,real,0
35,WF Credit Card AUTO PAY 250801 OOOOO OOOOO,real,0
36,VANGUARD BUY INVESTMENT 072925 OOOOO OOOOO,real,0
37,FEDERAL NATIONAL DIRECT DEP 250725 646096457570DV3 OOOOO,real,0
38,FEDERAL NATIONAL DIRECT DEP 250711 939036059377DV3 OOOOO,real,0
39,ST. OF MARYLAND TAX REFUND 070825 000962553247738 OOOOO,real,0
40,WF Credit Card AUTO PAY 250702 OOOOO OOOOO,real,0
41,WF Credit Card AUTO PAY 250701 OOOOO OOOOO,real,0
42,FEDERAL NATIONAL DIRECT DEP 250627 514099350661DV3 OOOOO,real,0
43,VENMO PAYMENT 250622 1043025080333 OOOOO,real,1
44,FEDERAL NATIONAL DIRECT DEP 250613 931937615998DV3 OOOOO,real,0
45,WF Credit Card AUTO PAY 250602 OOOOO OOOOO,real,0
46,WF Credit Card AUTO PAY 250602 OOOOO OOOOO,real,0
47,FEDERAL NATIONAL DIRECT DEP 250530 937235704225DV3 OOOOO,real,0
48,VENMO PAYMENT 250622 1043025080333 OOOOO,real,1
49,FEDERAL NATIONAL DIRECT DEP 250516 668083540456DV3 OOOOO,real,0
50,BOARD OF REGENTS Georgia Te 050325 OOOOO,real,0
51,WF Credit Card AUTO PAY 250502 OOOOO OOOOO,real,0
52,FEDERAL NATIONAL DIRECT DEP 250502 671067179550DV3 OOOOO,real,0
53,WF Credit Card AUTO PAY 250501 OOOOO OOOOO,real,0
54,FEDERAL NATIONAL DIRECT DEP 250418 621072664118DV3 OOOOO,real,0
55,MOBILE DEPOSIT : REF NUMBER :618170187807,real,0
56,VENMO PAYMENT 250410 1041472055875 OOOOO,real,1
57,FANNIE MAE DIRECT DEP 250404 490075914784P22 OOOOO,real,0
58,WF Credit Card AUTO PAY 250402 OOOOO OOOOO,real,0
59,WF Credit Card AUTO PAY 250401 OOOOO OOOOO,real,0
60,IRS TREAS 310 TAX REF 040125 XXXXXXXXXX00908 REF*OOOOO*ANDOVE*12/2024*TAX REFUND*30\,real,0
61,FANNIE MAE DIRECT DEP 250321 592058991092P22 OOOOO,real,0
62,ZELLE TO OOOOO ON 03/13 REF #PP0YM6M5S3 TT MARYLAND,real,0
63,ZELLE FROM OOOOO ON 03/09 REF # BACEA5XC4I7T,real,0
64,FANNIE MAE DIRECT DEP 250307 676081756499P22 OOOOO,real,0
65,VENMO PAYMENT 250305 1040700088878 OOOOO,real,1
66,WF Credit Card AUTO PAY 250302 OOOOO OOOOO,real,0
67,WF Credit Card AUTO PAY 250302 OOOOO OOOOO,real,0
68,CAMBRIDGE TAX 250223 5177162 OOOOO,real,0
69,INVOICE CLOUD EPAYMENT 250223 5177129 OOOOO,real,0
70,FANNIE MAE DIRECT DEP 250221 555093800464P22 OOOOO,real,0
71,FANNIE MAE DIRECT DEP 250207 764096584047P22 OOOOO,real,0
72,VANGUARD BUY INVESTMENT 020325 OOOOO OOOOO,real,0
73,WF Credit Card AUTO PAY 250202 OOOOO OOOOO,real,0
74,WF Credit Card AUTO PAY 250202 OOOOO OOOOO,real,0
75,FANNIE MAE DIRECT DEP 250124 090086202977P22 OOOOO,real,0
76,VENMO PAYMENT 250110 1039547754209 OOOOO,real,0
77,FANNIE MAE DIRECT DEP 250110 633094596462P22 OOOOO,real,0
78,VENMO PAYMENT 250108 1039507346029 OOOOO,real,1
79,BOARD OF REGENTS Georgia Te 010225 OOOOO,real,0
80,WF Credit Card AUTO PAY 250102 OOOOO OOOOO,real,0
81,WF Credit Card AUTO PAY 250101 90496783313038 OOOOO,real,0
82,FANNIE MAE DIRECT DEP 241227 794095968300P22 OOOOO,real,0
83,VANGUARD BUY INVESTMENT 122324 OOOOO OOOOO,real,0
84,WELLS FARGO REWARDS,real,0
85,BENEFIT PAYMENT EDI PYMNTS OOOOO OOOOO,real,0
86,ZELLE FROM OOOOO ON 12/16 REF # COFXOZ28ILLP,real,0
87,ZELLE FROM OOOOO ON 12/13 REF # COFAE2MWIWG2,real,0
88,FANNIE MAE DIRECT DEP 241213 676080547167P22 OOOOO,real,0
89,ZELLE FROM OOOOO ON 12/04 REF # COFBWR1F6ZUE,real,0
90,WF Credit Card AUTO PAY 241202 OOOOO OOOOO,real,0
91,WF Credit Card AUTO PAY 241202 OOOOO OOOOO,real,0
92,VANGUARD BUY INVESTMENT 112924 OOOOO OOOOO,real,0
93,MOBILE DEPOSIT : REF NUMBER :608010580825,real,0
94,VENMO PAYMENT 241128 1038544084601 OOOOO,real,1
95,FANNIE MAE DIRECT DEP 241129 504095267521P22 OOOOO,real,0
96,ZELLE FROM OOOOO ON 11/20 REF # COFONWFLTNTT,real,0
97,FANNIE MAE DIRECT DEP 241115 671064926312P22 OOOOO,real,0
98,ZELLE FROM OOOOO ON 11/13 REF # COFWGIOXLANZ,real,0
99,WF Credit Card AUTO PAY 241103 OOOOO OOOOO,real,0
100,WF Credit Card AUTO PAY 241101 OOOOO OOOOO,real,0
101,FANNIE MAE DIRECT DEP 241101 933134613527P22 OOOOO,real,0
102,ZELLE FROM OOOOO ON 10/31 REF # COF2J993S7XO,real,0
103,ZELLE FROM OOOOO ON 10/23 REF # COFMP3I1UBY0,real,0
104,FANNIE MAE DIRECT PAY 241022 24102210007731 OOOOO,real,0
105,FANNIE MAE DIRECT DEP 241018 944832527671P22 OOOOO,real,0
106,VENMO PAYMENT 241014 1037580892542 OOOOO,real,1
107,ZELLE FROM OOOOO ON 10/15 REF # COFM3AWEN75B,real,0
108,CAMBRIDGE TAX 241009 5932125 OOOOO,real,0
109,INVOICE CLOUD EPAYMENT 241009 5931820 OOOOO,real,0
110,FANNIE MAE DIRECT DEP 241004 932134104512P22 OOOOO,real,0
111,WF Credit Card AUTO PAY 241002 OOOOO OOOOO,real,0
112,WF Credit Card AUTO PAY 241001 OOOOO OOOOO,real,0
113,ZELLE FROM OOOOO ON 09/30 REF # COFPDAR195XB,real,0
114,TRAVELERS PER INSUR 240924 0964539 UNKNOWN *UNKNOWN,real,0
115,ZELLE FROM OOOOO ON 09/25 REF # COF2NJWIDU0B,real,0
116,WELLS FARGO REWARDS,real,0
117,FANNIE MAE DIRECT DEP 240920 678079323062P22 OOOOO,real,0
118,ONLINE TRANSFER REF #IB0PL55V4P TO WELLS FARGO AUTOGRAPH VISA CARD OOOOO ON 09/16/24,real,0
119,ZELLE FROM OOOOO ON 09/16 REF # COFALA7W9JGN,real,0
120,TRAVELERS PER INSUR 240909 5951844 UNKNOWN *UNKNOWN,real,0
121,VENMO PAYMENT 240908 1036794655691 OOOOO,real,1
122,FANNIE MAE DIRECT DEP 240906 634092560472P22 OOOOO,real,0
123,ONLINE TRANSFER REF #IB0PGM3H3N TO WELLS FARGO ACTIVE CASH VISA CARD OOOOO ON 09/05/24,real,0
124,WF Credit Card AUTO PAY 240902 OOOOO OOOOO,real,0
125,WF Credit Card AUTO PAY 240902 OOOOO OOOOO,real,0
126,ZELLE FROM OOOOO ON 09/03 REF # COFC68377FCT,real,0
127,VENMO PAYMENT 240830 1036619478116 OOOOO,real,0
128,ZELLE FROM OOOOO ON 08/29 REF # JPM99AMRB1DA COSTCO RUN,real,0
129,ZELLE FROM OOOOO ON 08/29 REF # JPM99AMRAMT5 TEST,real,0
130,ZELLE FROM OOOOO ON 08/28 REF # COFA3QIPAR4N,real,0
131,TRAVELERS PER INSUR 240826 1177143 UNKNOWN *UNKNOWN,real,0
132,FANNIE MAE DIRECT DEP 240823 535094861491P22 OOOOO,real,0
133,BENEFIT PAYMENT EDI PYMNTS OOOOO OOOOO,real,0
134,FANNIE MAE DIRECT PAY 240819 24081910007731 OOOOO,real,0
135,VENMO PAYMENT 240817 1036337571510 OOOOO,real,0
136,VENMO PAYMENT 240818 1036367213398 OOOOO,real,0
137,ZELLE FROM OOOOO ON 08/19 REF # COFQSQEFN4V2,real,0
138,TRAVELERS PER INSUR 240815 BPITPI172805684 OOOOO,real,0
139,ZELLE FROM OOOOO ON 08/11 REF # COFNXY367HDZ,real,0
140,FANNIE MAE DIRECT DEP 240809 629069781635P22 OOOOO,real,0
141,WF Credit Card AUTO PAY 240802 OOOOO OOOOO,real,0
142,WF Credit Card AUTO PAY 240801 OOOOO OOOOO,real,0
143,ZELLE TO OOOOO ON 07/28 REF #PP0XXPHGQ5,real,0
144,ZELLE TO OOOOO ON 07/27 REF #RP0XXMW95D GUITAR JULY,real,0
145,FANNIE MAE DIRECT DEP 240726 595067835251P22 OOOOO,real,0
146,BOARD OF REGENTS Georgia Te 071724 OOOOO,real,0
147,ZELLE FROM OOOOO ON 07/14 REF # PP0SF7ZS5M AUTO INSURANCE CREDIT,real,0
148,ZEL ZELLE TO LIU BAOZHU,real,1
149,ECK VENMO 3264681992  BR PAYMENT,real,0
150,INT INTEREST CREDIT,real,0
151,ECK VENMO 3264681992  BR PAYMENT,real,0
152,DIR FEDERAL NATIONAL 9111111101  BR PAYROLL,real,0
153,ZEL ZELLE FROM MARTINEZ JARON,real,0
154,ECK VENMO 3264681992  BR PAYMENT,real,0
155,ECK VENMO 3264681992  BR PAYMENT,real,0
156,ECK VENMO 3264681992  BR PAYMENT,real,0
157,ECK VENMO 3264681992  BR PAYMENT,real,0
158,ECK VENMO 3264681992  BR PAYMENT,real,0
159,ECK VENMO 3264681992  BR PAYMENT,real,0
160,ECK CITI AUTOPAY CITICARDAP  BR PAYMENT,real,0
161,ECK AMEX EPAYMENT 0005000040  BR ACH PMT,real,0
162,DIR PAYPAL PAYPALSD11  BR TRANSFER,real,0
163,DIR FEDERAL NATIONAL 9111111101  BR PAYROLL,real,0
164,DIR BENEFIT PAYMENT N943351864  BR EDI PYMNTS,real,0
165,ECK DISCOVER 3510020270  BR E PAYMENT,real,0
166,ZEL ZELLE TO LIU BAOZHU,real,1
167,ECK VENMO 3264681992  BR PAYMENT,real,0
168,ECK VENMO 3264681992  BR PAYMENT,real,0
169,INT INTEREST CREDIT,real,0
170,DIR FEDERAL NATIONAL 9111111101  BR PAYROLL,real,0
171,ECK VENMO 3264681992  BR PAYMENT,real,0
172,ECK VENMO 3264681992  BR PAYMENT,real,0
173,ECK VENMO 3264681992  BR PAYMENT,real,0
174,ECK VENMO 3264681992  BR PAYMENT,real,0
175,ECK VENMO 3264681992  BR PAYMENT,real,0
176,ECK CITI AUTOPAY CITICARDAP  BR PAYMENT,real,0
177,ZEL ZELLE FROM FEIERTAG ADRIAN,real,0
178,ECK VENMO 3264681992  BR PAYMENT,real,0
179,DIR FEDERAL NATIONAL 9111111101  BR PAYROLL,real,0
180,ECK AMEX EPAYMENT 0005000040  BR ACH PMT,real,0
181,ECK DISCOVER 3510020270  BR E PAYMENT,real,0
182,ECK VENMO 3264681992  BR PAYMENT,real,0
183,ZEL ZELLE FROM LI JERRY,real,0
184,DIR PTC EZ PASS AUTO 0383913206  BR PAYMENT,real,0
185,ZEL ZELLE TO LIU BAOZHU,real,1
186,INT INTEREST CREDIT,real,0
187,ECK VENMO 3264681992  BR PAYMENT,real,0
188,DIR FEDERAL NATIONAL 9111111101  BR PAYROLL,real,0
189,ECK AMEX EPAYMENT 0005000008  BR ACH PMT,real,0
190,ECK VENMO 3264681992  BR PAYMENT,real,0
191,DIR FEDERAL NATIONAL 9111111101  BR PAYROLL,real,0
192,ECK CITI AUTOPAY CITICARDAP  BR PAYMENT,real,0
193,ECK VENMO 3264681992  BR PAYMENT,real,0
194,ECK VENMO 3264681992  BR PAYMENT,real,0
195,ECK VENMO 3264681992  BR PAYMENT,real,0
196,ECK VENMO 3264681992  BR PAYMENT,real,0
197,ECK VENMO 3264681992  BR PAYMENT,real,0
198,ECK VENMO 3264681992  BR PAYMENT,real,0
199,ZEL ZELLE FROM LI PING,real,0
200,ZEL ZELLE FROM MARTINEZ JARON,real,0
201,ECK DISCOVER 3510020270  BR E PAYMENT,real,0
202,ECK VENMO 3264681992  BR PAYMENT,real,0
203,ZEL ZELLE TO LIU BAOZHU,real,1
204,ZEL ZELLE FROM LI PING,real,0
205,ZEL ZELLE FROM LI PING,real,0
206,DIR FEDERAL NATIONAL 9111111101  BR PAYROLL,real,0
207,DIR VENMO 5264681992  BR CASHOUT,real,0
208,INT INTEREST CREDIT,real,0
209,ECK VENMO 3264681992  BR PAYMENT,real,0
210,ECK VENMO 3264681992  BR PAYMENT,real,0
211,ZEL ZELLE TO BUTTIMER JOHN,real,0
212,ZEL ZELLE FROM Insu UPS,real,0
213,ECK VENMO 3264681992  BR PAYMENT,real,0
214,ECK VENMO 3264681992  BR PAYMENT,real,0
215,DIR FEDERAL NATIONAL 9111111101  BR PAYROLL,real,0
216,DIR VENMO 5264681992  BR CASHOUT,real,0
217,ECK VENMO 3264681992  BR PAYMENT,real,0
218,ECK VENMO 3264681992  BR PAYMENT,real,0
219,ECK VENMO 3264681992  BR PAYMENT,real,0
220,ECK CITI AUTOPAY CITICARDAP  BR PAYMENT,real,0
221,ZEL ZELLE FROM WANG JOYCE,real,0
222,ECK VENMO 3264681992  BR PAYMENT,real,0
223,ZEL ZELLE TO KAPLAN JACOB,real,0
224,ZEL ZELLE FROM Insu UPS,real,0
225,ZEL ZELLE TO GEORGE,real,0
226,ECK DISCOVER 3510020270  BR E PAYMENT,real,0
227,ECK VENMO 3264681992  BR PAYMENT,real,0
228,DIR FEDERAL NATIONAL 9111111101  BR PAYROLL,real,0
229,ECK VENMO 3264681992  BR PAYMENT,real,0
230,ECK VENMO 3264681992  BR PAYMENT,real,0
231,ECK VENMO 3264681992  BR PAYMENT,real,0
232,ECK VENMO 3264681992  BR PAYMENT,real,0
233,DIR VENMO 5264681992  BR CASHOUT,real,0
234,ZEL ZELLE TO LIU BAOZHU,real,1
235,INT INTEREST CREDIT,real,0
236,ECK VENMO 3264681992  BR PAYMENT,real,0
237,ECK VENMO 3264681992  BR PAYMENT,real,0
238,ECK VENMO 3264681992  BR PAYMENT,real,0
239,ECK VENMO 3264681992  BR PAYMENT,real,0
240,ECK VENMO 3264681992  BR PAYMENT,real,0
241,DIR PTC EZ PASS AUTO 0383913206  BR PAYMENT,real,0
242,ECK VENMO 3264681992  BR PAYMENT,real,0
243,ECK VENMO 3264681992  BR PAYMENT,real,0
244,ZEL ZELLE FROM MARTINEZ JARON,real,0
245,ECK VENMO 3264681992  BR PAYMENT,real,0
246,ECK VENMO 3264681992  BR PAYMENT,real,0
247,ECK VENMO 3264681992  BR PAYMENT,real,0
248,ECK VENMO 3264681992  BR PAYMENT,real,0
249,ECK VENMO 3264681992  BR PAYMENT,real,0
250,ECK VENMO 3264681992  BR PAYMENT,real,0
251,DIR FEDERAL NATIONAL 9111111101  BR PAYROLL,real,0
252,ZEL ZELLE TO LAUDER JESSE,real,0
253,ECK VENMO 3264681992  BR PAYMENT,real,0
254,ECK AMEX EPAYMENT 0005000008  BR ACH PMT,real,0
255,ECK VENMO 3264681992  BR PAYMENT,real,0
256,ECK VENMO 3264681992  BR PAYMENT,real,0
257,ECK VENMO 3264681992  BR PAYMENT,real,0
258,ECK VENMO 3264681992  BR PAYMENT,real,0
259,ECK VENMO 3264681992  BR PAYMENT,real,0
260,ECK VENMO 3264681992  BR PAYMENT,real,0
261,ECK VENMO 3264681992  BR PAYMENT,real,0
262,ECK VENMO 3264681992  BR PAYMENT,real,0
263,ECK CITI AUTOPAY CITICARDAP  BR PAYMENT,real,0
264,ECK VENMO 3264681992  BR PAYMENT,real,0
265,ZEL ZELLE FROM MARTINEZ JARON,real,0
266,ECK VENMO 3264681992  BR PAYMENT,real,0
267,DIR VENMO 5264681992  BR CASHOUT,real,0
268,ZEL ZELLE FROM LI PING,real,0
269,ECK DISCOVER 3510020270  BR E PAYMENT,real,0
270,ECK VENMO 3264681992  BR PAYMENT,real,0
271,ECK VENMO 3264681992  BR PAYMENT,real,0
272,DIR FEDERAL NATIONAL 9111111101  BR PAYROLL,real,0
273,ECK VENMO 3264681992  BR PAYMENT,real,0
274,ECK VENMO 3264681992  BR PAYMENT,real,0
275,ZEL ZELLE FROM MARTINEZ JARON,real,0
276,ECK VENMO 3264681992  BR PAYMENT,real,0
277,ECK VENMO 3264681992  BR PAYMENT,real,0
278,ECK VENMO 3264681992  BR PAYMENT,real,0
279,ECK VENMO 3264681992  BR PAYMENT,real,0
280,DIR PAYPAL PAYPALSD11  BR TRANSFER,real,0
281,ZEL ZELLE TO LIU BAOZHU,real,1
282,ECK VENMO 3264681992  BR PAYMENT,real,0
283,ZEL ZELLE FROM WANG JOYCE,real,0
284,INT INTEREST CREDIT,real,0
285,ECK VENMO 3264681992  BR PAYMENT,real,0
286,ECK VENMO 3264681992  BR PAYMENT,real,0
287,ECK VENMO 3264681992  BR PAYMENT,real,0
288,DEP Forbright Bank 055003612  BR ACH Trans devr,real,0
289,ECK VENMO 3264681992  BR PAYMENT,real,0
290,ECK VENMO 3264681992  BR PAYMENT,real,0
291,DIR FEDERAL NATIONAL 9111111101  BR DIRECT DEP,real,0
292,ECK VENMO 3264681992  BR PAYMENT,real,0
293,ECK VENMO 3264681992  BR PAYMENT,real,0
294,ECK VENMO 3264681992  BR PAYMENT,real,0
295,ECK VENMO 3264681992  BR PAYMENT,real,0
296,DIR VENMO 5264681992  BR CASHOUT,real,0
297,DEP Forbright Bank 055003612  BR ACH Trans Covering my ass,real,0
298,ATS AUTOMATIC TRANSFER DEPOSIT,real,0
299,ECK VENMO 3264681992  BR PAYMENT,real,0
300,ECK VENMO 3264681992  BR PAYMENT,real,0
301,ECK CITI AUTOPAY CITICARDAP  BR PAYMENT,real,0
302,ECK VENMO 3264681992  BR PAYMENT,real,0
303,ECK VENMO 3264681992  BR PAYMENT,real,0
304,ECK VENMO 3264681992  BR PAYMENT,real,0
305,DIR VENMO 5264681992  BR CASHOUT,real,0
306,ZEL ZELLE TO LIU BAOZHU,real,1
307,DIR FEDERAL NATIONAL 9111111101  BR DIRECT DEP,real,0
308,ECK VENMO 3264681992  BR PAYMENT,real,0
309,ECK VENMO 3264681992  BR PAYMENT,real,0
310,ZEL ZELLE FROM VO KHUE,real,0
311,ECK VENMO 3264681992  BR PAYMENT,real,0
312,INT INTEREST CREDIT,real,0
313,DIR VENMO 5264681992  BR CASHOUT,real,0
314,DIR FEDERAL NATIONAL 9111111101  BR DIRECT DEP,real,0
315,ECK VENMO 3264681992  BR PAYMENT,real,0
316,ECK VENMO 3264681992  BR PAYMENT,real,0
317,ECK VENMO 3264681992  BR PAYMENT,real,0
318,ECK VENMO 3264681992  BR PAYMENT,real,0
319,ECK VENMO 3264681992  BR PAYMENT,real,0
320,ECK VENMO 3264681992  BR PAYMENT,real,0
321,ECK VENMO 3264681992  BR PAYMENT,real,0
322,DIR VENMO 5264681992  BR CASHOUT,real,0
323,ECK VENMO 3264681992  BR PAYMENT,real,0
324,ECK Forbright Bank 055003612  BR ACH Trans,real,0
325,ZEL ZELLE FROM LI PING,real,0
326,ECK VENMO 3264681992  BR PAYMENT,real,0
327,ECK VENMO 3264681992  BR PAYMENT,real,0
328,ECK CITI AUTOPAY CITICARDAP  BR PAYMENT,real,0
329,ECK VENMO 3264681992  BR PAYMENT,real,0
330,ECK VENMO 3264681992  BR PAYMENT,real,0
331,DIR FEDERAL NATIONAL 9111111101  BR DIRECT DEP,real,0
332,ECK DISCOVER 2510020270  BR E PAYMENT,real,0
333,ECK VENMO 3264681992  BR PAYMENT,real,0
334,ECK DISCOVER 3510020270  BR E PAYMENT,real,0
335,ECK VENMO 3264681992  BR PAYMENT,real,0
336,ECK Forbright Bank 055003612  BR ACH Trans,real,0
337,ZEL ZELLE FROM WANG JOYCE,real,0
338,DIR VENMO 5264681992  BR CASHOUT,real,0
339,ZEL ZELLE FROM MARTINEZ JARON,real,0
340,ZEL ZELLE TO LIU BAOZHU,real,1
341,ECK VENMO 3264681992  BR PAYMENT,real,0
342,INT INTEREST CREDIT,real,0
343,ZEL ZELLE FROM MARTINEZ JARON,real,0
344,DIR PTC EZ PASS AUTO 0383913206  BR PAYMENT,real,0
345,DIR FEDERAL NATIONAL 9111111101  BR DIRECT DEP,real,0
346,ECK VENMO 3264681992  BR PAYMENT,real,0
347,ECK PAYPAL PAYPALSI77  BR INST XFER,real,0
348,ECK VENMO 3264681992  BR PAYMENT,real,0
349,ECK VENMO 3264681992  BR PAYMENT,real,0
350,ECK VENMO 3264681992  BR PAYMENT,real,0
351,ECK AMEX EPAYMENT 0005000008  BR ACH PMT,real,0
352,ECK VENMO 3264681992  BR PAYMENT,real,0
353,ECK VENMO 3264681992  BR PAYMENT,real,0
354,ECK VENMO 3264681992  BR PAYMENT,real,0
355,ECK VENMO 3264681992  BR PAYMENT,real,0
356,ECK VENMO 3264681992  BR PAYMENT,real,0
357,ECK CITI AUTOPAY CITICARDAP  BR PAYMENT,real,0
358,DIR FEDERAL NATIONAL 9111111101  BR DIRECT DEP,real,0
359,ECK VENMO 3264681992  BR PAYMENT,real,0
360,DEP TD BANK NA 1770527921  BR ZELLE JOYCE WANG,real,0
361,DEP TD BANK NA 1770527921  BR ZELLE JOYCE WANG,real,0
362,ZEL ZELLE FROM WANG JOYCE,real,0
363,ECK DISCOVER 3510020270  BR E PAYMENT,real,0
364,ZEL ZELLE TO LIU BAOZHU,real,1
365,ZEL ZELLE FROM MARTINEZ JARON,real,0
366,DIR FEDERAL NATIONAL 9111111101  BR DIRECT DEP,real,0
367,INT INTEREST CREDIT,real,0
368,ECK VENMO 3264681992  BR PAYMENT,real,0
369,ECK VENMO 3264681992  BR PAYMENT,real,0
370,ECK VENMO 3264681992  BR PAYMENT,real,0
371,ECK VENMO 3264681992  BR PAYMENT,real,0
372,ECK VENMO 3264681992  BR PAYMENT,real,0
373,DIR FEDERAL NATIONAL 9111111101  BR DIRECT DEP,real,0
374,ECK VENMO 3264681992  BR PAYMENT,real,0
375,DIR NOTIFICATION  PRE AUTH CREDIT  BR FEDERAL NATIONAL 091000,real,0
376,ECK VENMO 3264681992  BR PAYMENT,real,0
377,ECK VENMO 3264681992  BR PAYMENT,real,0
378,ECK CITI AUTOPAY CITICARDAP  BR PAYMENT,real,0
379,DIR VENMO 5264681992  BR CASHOUT,real,0
380,ZEL ZELLE TO MASIAS ALEJANDRO,real,0
381,ECK VENMO 3264681992  BR PAYMENT,real,0
382,ECK VENMO 3264681992  BR PAYMENT,real,0
383,ECK VENMO 3264681992  BR PAYMENT,real,0
384,ECK VENMO 3264681992  BR PAYMENT,real,0
385,ECK VENMO 3264681992  BR PAYMENT,real,0
386,ECK VENMO 3264681992  BR PAYMENT,real,0
387,ZEL ZELLE TO LIU BAOZHU,real,1
388,ZEL ZELLE FROM MARTINEZ JARON,real,0
389,ECK VENMO 3264681992  BR PAYMENT,real,0
390,DIR FANNIE MAE 9111111101  BR DIRECT DEP,real,0
391,INT INTEREST CREDIT,real,0
392,ECK VENMO 3264681992  BR PAYMENT,real,0
393,ECK VENMO 3264681992  BR PAYMENT,real,0
394,ECK AMEX EPAYMENT 0005000008  BR ACH PMT,real,0
395,ZEL ZELLE TO RAPID,real,0
396,ECK VENMO 3264681992  BR PAYMENT,real,0
397,ECK VENMO 3264681992  BR PAYMENT,real,0
398,DIR PTC EZ PASS AUTO 0383913206  BR PAYMENT,real,0
399,ECK VENMO 3264681992  BR PAYMENT,real,0
400,ZEL ZELLE FROM MARTINEZ JARON,real,0
401,ECK VENMO 3264681992  BR PAYMENT,real,0
402,ZEL ZELLE FROM MARTINEZ JARON,real,0
403,ZEL ZELLE FROM MARTINEZ JARON,real,0
404,DIR FANNIE MAE 9111111101  BR DIRECT DEP,real,0
405,ECK VENMO 3264681992  BR PAYMENT,real,0
406,ECK VENMO 3264681992  BR PAYMENT,real,0
407,ECK CITI AUTOPAY CITICARDAP  BR PAYMENT,real,0
408,POS MC PLCB NEW ECOM 46  BR 7177837637 PA,real,0
409,ECK DISCOVER 3510020270  BR E PAYMENT,real,0
410,ECK VENMO 3264681992  BR PAYMENT,real,0
411,ECK VENMO 3264681992  BR PAYMENT,real,0
412,ECK VENMO 3264681992  BR PAYMENT,real,0
413,ECK VENMO 3264681992  BR PAYMENT,real,0
414,DIR FANNIE MAE 9111111101  BR DIRECT DEP,real,0
415,ZEL ZELLE TO LIU BAOZHU,real,1
416,ECK VENMO 3264681992  BR PAYMENT,real,0
417,ECK VENMO 3264681992  BR PAYMENT,real,0
418,ZEL ZELLE TO GIBSON SAMUEL,real,0
419,INT INTEREST CREDIT,real,0
420,ECK VENMO 3264681992  BR PAYMENT,real,0
421,ECK VENMO 3264681992  BR PAYMENT,real,0
422,ECK VENMO 3264681992  BR PAYMENT,real,0
423,ECK VENMO 3264681992  BR PAYMENT,real,0
424,DIR FANNIE MAE 9111111101  BR DIRECT DEP,real,0
425,ECK AMEX EPAYMENT 0005000008  BR ACH PMT,real,0
426,ECK VENMO 3264681992  BR PAYMENT,real,0
427,ECK VENMO 3264681992  BR PAYMENT,real,0
428,ECK VENMO 3264681992  BR PAYMENT,real,0
429,ECK CITI AUTOPAY CITICARDAP  BR PAYMENT,real,0
430,ZEL ZELLE FROM LI PING,real,0
431,ZEL ZELLE TO BLAYLOCK BARBARA,real,0
432,ZEL ZELLE FROM WILL CHRISTOPHER,real,0
433,DIR FANNIE MAE 9111111101  BR DIRECT DEP,real,0
434,ECK VENMO 3264681992  BR PAYMENT,real,0
435,ECK VENMO 3264681992  BR PAYMENT,real,0
436,ZEL ZELLE TO LIU BAOZHU,real,1
437,INT INTEREST CREDIT,real,0
438,ECK VENMO 3264681992  BR PAYMENT,real,0
439,ECK VENMO 3264681992  BR PAYMENT,real,0
440,ECK VENMO 3264681992  BR PAYMENT,real,0
441,ZEL ZELLE TO GEORGE,real,0
442,DIR FANNIE MAE 9111111101  BR DIRECT DEP,real,0
443,ZEL ZELLE FROM WANG JOYCE,real,0
444,ECK AMEX EPAYMENT 0005000008  BR ACH PMT,real,0
445,ECK CITI AUTOPAY CITICARDAP  BR PAYMENT,real,0
446,DIR FANNIE MAE 9111111101  BR DIRECT DEP,real,0
447,DIR PTC EZ PASS AUTO 0383913206  BR PAYMENT,real,0
448,POS MC USPS CHANGE OF A  BR 800 2383150 TN,real,0
449,ZEL ZELLE TO LIU BAOZHU,real,1
450,INT INTEREST CREDIT,real,0
451,DIR PTC EZ PASS AUTO 0383913206  BR PAYMENT,real,0
452,DEP CHECK   NORTH HILLS OFFICE,real,0
453,DEP CASH   NORTH HILLS OFFICE,real,0
454,DIR BENEFIT PAYMENT N943351864  BR EDI PYMNTS,real,0
455,DIR FANNIE MAE 9111111101  BR DIRECT DEP,real,0
456,ECK AMEX EPAYMENT 0005000008  BR ACH PMT,real,0
457,ECK CITI AUTOPAY CITICARDAP  BR PAYMENT,real,0
458,DIR FANNIE MAE 9111111101  BR DIRECT DEP,real,0
459,ZEL ZELLE TO LIU BAOZHU,real,1
460,INT INTEREST CREDIT,real,0
461,DIR FANNIE MAE 9111111101  BR DIRECT DEP,real,0
462,ECK AMEX EPAYMENT 0005000008  BR ACH PMT,real,0
463,ECK CITI AUTOPAY CITICARDAP  BR PAYMENT,real,0
464,DIR FANNIE MAE 9111111101  BR DIRECT DEP,real,0
465,ZEL ZELLE TO LIU BAOZHU,real,1
466,DIR OTAKORP INC 2251800552  BR Gofer Reim,real,0
467,INT INTEREST CREDIT,real,0
468,DIR FANNIE MAE 9111111101  BR DIRECT DEP,real,0
469,ZEL ZELLE TO BOYACK LINDA,real,0
470,DIR FANNIE MAE 9111111101  BR DIRECT DEP,real,0
471,ECK PAYPAL PAYPALSI77  BR INST XFER,real,0
472,ECK CITI AUTOPAY CITICARDAP  BR PAYMENT,real,0
473,DEP CITIZE SV WEBXFR 1770527921  BR P2P ZUOYANG LI,real,0
474,ECK PAYPAL PAYPALSI77  BR INST XFER,real,0
475,ECK DISCOVER 3510020270  BR E PAYMENT,real,0
476,ECK AMEX EPAYMENT 0005000008  BR ACH PMT,real,0
477,ZEL ZELLE TO LIU BAOZHU,real,1
478,ZEL ZELLE FROM LI PING,real,0
479,DIR FANNIE MAE 9111111101  BR DIRECT DEP,real,0
480,INT INTEREST CREDIT,real,0
481,ECK Subscription 9000142694  BR Acorns,real,0
482,DIR FANNIE MAE 9111111101  BR DIRECT DEP,real,0
483,ECK CITI AUTOPAY CITICARDAP  BR PAYMENT,real,0
484,DEP CITIZE CK WEBXFR 1770527921  BR P2P ZUOYANG LI,real,0
485,DEP CITIZE SV WEBXFR 1770527921  BR P2P ZUOYANG LI,real,0
486,ECK DISCOVER 3510020270  BR E PAYMENT,real,0
487,DIR FANNIE MAE 9111111101  BR DIRECT DEP,real,0
488,ECK CITIZE CK WEBXFR 3770527921  BR ETRANSFER,real,0
489,ZEL ZELLE TO LIU BAOZHU,real,1
490,INT INTEREST CREDIT,real,0
491,DIR FANNIE MAE 9111111101  BR DIRECT DEP,real,0
492,ECK Subscription 9000142694  BR Acorns,real,0
493,ECK CITI AUTOPAY CITICARDAP  BR PAYMENT,real,0
494,DIR FANNIE MAE 9111111101  BR DIRECT DEP,real,0
495,ECK PAYPAL PAYPALSI77  BR INST XFER,real,0
496,ZEL ZELLE TO LIU BAOZHU,real,1
497,INT INTEREST CREDIT,real,0
498,ECK CITIZE CK WEBXFR 3770527921  BR ETRANSFER,real,0
499,DIR FANNIE MAE 9111111101  BR DIRECT DEP,real,0
500,ECK Subscription 9000142694  BR Acorns,real,0
501,ECK CITI AUTOPAY CITICARDAP  BR PAYMENT,real,0
502,Rant remittance,synthetic,1
503,Rent payment ,synthetic,1
504,Payment on 1st of month,synthetic,1
505,Habitation remittance with utilities,synthetic,1
506,Property payment for residential unit,synthetic,1
507,Quarterly dwelling,synthetic,0
508,ACH to Johnson LLC,synthetic,0
509,Lease payment for residential unit,synthetic,1
510,Service Quarterly,synthetic,0
511,Complex charge for residential unit,synthetic,1
512,Zelle to Davis,synthetic,0
513,CHARGE - MONTHLY,synthetic,0
514,Complex charge,synthetic,0
515,Unit payment including maintenance,synthetic,1
516,UTILITY - AUTO,synthetic,0
517,Wire to Thompson,synthetic,0
518,Payment on 1st of month,synthetic,1
519,Unit payment for residential unit,synthetic,1
520,Premises Services,synthetic,1
521,Abode payment plus insurance,synthetic,1
522,Membership Monthly anniversary,synthetic,0
523,CHARGE - MONTHLY,synthetic,0
524,ACH to Johnson LLC,synthetic,1
525,Rental payment,synthetic,0
526,Subscripton payment,synthetic,0
527,Utility fee + tax,synthetic,0
528,Building Management (Unit 12B),synthetic,1
529,Payment on 1st of month,synthetic,0
530,Rent payment ,synthetic,1
531,Subscription Monthly anniversary,synthetic,0
532,Zelle to Davis,synthetic,0
533,Strata payment,synthetic,1
534,Habitation remittance,synthetic,1
535,Pad payment,synthetic,1
536,Recurring 1st week,synthetic,0
537,Unit charge,synthetic,0
538,Payment to Wilson (Unit 23A),synthetic,1
539,Membership Monthly anniversary,synthetic,0
540,Semi-monthly residence (Unit 36A),synthetic,1
541,Maintenance fee incl. services,synthetic,0
542,Rent payment (primary residence),synthetic,1
543,Subscripton payment,synthetic,0
544,Landlord services payment,synthetic,1
545,Unit fee for residential unit,synthetic,1
546,R3nt fee,synthetic,1
547,Quarterly dwelling,synthetic,0
548,Recurring 1st week (Unit 3B),synthetic,1
549,SERVICE - MONTHLY,synthetic,0
550,Lease charge for residential unit,synthetic,1
551,Payment to Wilson (Unit 39B),synthetic,1
552,RENT - DO NOT DELETE,synthetic,1
553,Rent payment (apartment),synthetic,1
554,Property remittance,synthetic,0
555,Unit payment including maintenance,synthetic,1
556,Residential Services,synthetic,1
557,Rent payment (apartment),synthetic,1
558,SERVICE - AUTO,synthetic,0
559,Residential payment Semi-monthly,synthetic,1
560,Property fee for residential unit,synthetic,1
561,End of month remittance,synthetic,1
562,Payment ref: HOUSING-,synthetic,1
563,Excluding rent - HOA,synthetic,0
564,Besides rent - insurance,synthetic,0
565,Unit charge,synthetic,0
566,Rent payment (primary residence),synthetic,1
567,Membership Semi-monthly,synthetic,0
568,Subscription 20th periodic,synthetic,0
569,Residential Services,synthetic,1
570,Residential payment Semi-monthly,synthetic,1
571,Apartment payment + parking,synthetic,1
572,Additional to rent - fee,synthetic,0
573,Distinct from rent - service,synthetic,0
574,Tenancy remittance,synthetic,1
575,Dwelling remittance,synthetic,1
576,Utility fee + tax,synthetic,0
577,Service 15th auto,synthetic,0
578,Utility fee incl. services,synthetic,0
579,Monthly housing and utilities bundle,synthetic,1
580,Wire to Thompson,synthetic,0
581,Apart from rent - maintenance,synthetic,0
582,Building Management,synthetic,0
583,Zelle to Davis,synthetic,0
584,Zelle to Davis,synthetic,0
585,Rent payment (apartment),synthetic,1
586,Besides rent - insurance,synthetic,0
587,Subscription Bi-weekly,synthetic,0
588,Ren tpayment,synthetic,1
589,Facility Solutions (Unit 38C),synthetic,1
590,Monthly payment to John,synthetic,1
591,Subscription Quarterly,synthetic,0
592,Unit fee,synthetic,0
593,Payment on 1st of month,synthetic,0
594,Unit letting,synthetic,1
595,Membership 20th periodic,synthetic,0
596,Apartment payment + parking,synthetic,1
597,Rent payment (apartment),synthetic,1
598,UTILITY - AUTO,synthetic,0
599,Accommodation disbursement,synthetic,1
600,Rent(payment),synthetic,1
601,Other than rent - tax,synthetic,0
602,Rent(payment),synthetic,1
603,RENT>>PAYMENT,synthetic,1
604,Premises Services,synthetic,0
605,Additional to rent - fee,synthetic,0
606,HOA fee incl. services,synthetic,0
607,RENT - APT 5B,synthetic,1
608,Subscripton payment,synthetic,0
609,NOT rent - utilities,synthetic,0
610,Residential Services,synthetic,0
611,Service fee + insurance,synthetic,0
612,Excluding rent - HOA,synthetic,0
613,R3nt fee,synthetic,1
614,CHARGE - MONTHLY,synthetic,0
615,Service Calendar month,synthetic,0
616,Rent ;payment,synthetic,1
617,Residential payment 10th recurring,synthetic,1
618,Condo fee,synthetic,0
619,Rent payment (primary residence),synthetic,1
620,RENT|AUTO,synthetic,1
621,My apartment payment,synthetic,1
622,Remittance to Moore,synthetic,1
623,Besides rent - insurance,synthetic,0
624,Building administration fee,synthetic,1
625,Premises fee with service charge,synthetic,1
626,Tenancy payment,synthetic,0
627,Bi-weekly housing,synthetic,0
628,Pad payment,synthetic,1
629,Bi-weekly housing,synthetic,0
630,RENT - DO NOT DELETE,synthetic,1
631,Residential occupancy fee,synthetic,1
632,Residential payment 25th standing,synthetic,1
633,Rental payment,synthetic,0
634,CHARGE - MONTHLY,synthetic,0
635,Property fee,synthetic,0
636,Property payment,synthetic,0
637,ACH to Johnson LLC,synthetic,0
638,Recurring transfer to Smith,synthetic,0
639,Rent payment (apartment),synthetic,1
640,Premises fee with service charge,synthetic,1
641,Rent payment ,synthetic,1
642,Complex payment,synthetic,0
643,Monthly housing and utilities bundle,synthetic,1
644,RENT|AUTO,synthetic,1
645,Utilitie payment,synthetic,0
646,Bi-weekly housing,synthetic,0
647,Recurring transfer to Smith,synthetic,0
648,Rent payment (primary residence),synthetic,1
649,500 Oak Ave payment,synthetic,1
650,RENT-RECURRING,synthetic,1
651,Unit remittance for residential unit,synthetic,1
652,Subscription Bi-weekly,synthetic,0
653,Abode payment plus insurance,synthetic,1
654,CHARGE - RECURRING,synthetic,0
655,HOA fee + tax,synthetic,0
656,Pad payment,synthetic,0
657,Membership Last day,synthetic,0
658,Lodgings remittance,synthetic,1
659,Servise payment,synthetic,0
660,Residential payment Calendar month,synthetic,1
661,Complex fee,synthetic,0
662,Rant remittance,synthetic,1
663,Utilitie payment,synthetic,0
664,Apart from rent - maintenance,synthetic,0
665,Rent payment (primary residence),synthetic,1
666,Unit fee for residential unit,synthetic,1
667,Check #1234 for monthly (Unit 48B),synthetic,1
668,Crib fee,synthetic,1
669,Habitation remittance,synthetic,1
670,Monthly payment to John,synthetic,0
671,RENT - DO NOT DELETE,synthetic,1
672,Servise payment,synthetic,0
673,Place remittance,synthetic,1
674,Where I live payment,synthetic,1
675,Residential payment Quarterly,synthetic,1
676,Membership Semi-monthly,synthetic,0
677,Independent of rent - repair,synthetic,0
678,Rental payment,synthetic,1
679,Utility fee incl. services,synthetic,0
680,Residential payment Semi-monthly,synthetic,1
681,Rent payment (primary residence),synthetic,1
682,Rent payment (primary residence),synthetic,1
683,Building disbursement,synthetic,0
684,Bi-weekly housing,synthetic,0
685,Property fee for residential unit,synthetic,1
686,Building disbursement,synthetic,0
687,Abode payment plus insurance,synthetic,1
688,Residential payment First Monday,synthetic,1
689,RENT: UNIT 304,synthetic,1
690,Unit remittance for residential unit,synthetic,1
691,Landlord services payment,synthetic,1
692,End of month remittance,synthetic,1
693,Subscripton payment,synthetic,0
694,Invoice: RESIDENCE,synthetic,1
695,Periodic domicile remittance,synthetic,1
696,Subscription 15th auto,synthetic,0
697,Unit charge,synthetic,0
698,Remittance to Moore,synthetic,0
699,Utility fee + tax,synthetic,0
700,Servise payment,synthetic,0
701,Semi-monthly residence,synthetic,0
702,Monthly payment to John,synthetic,1
703,Residential payment 5th monthly,synthetic,1
704,RENT - APT 5B,synthetic,1
705,Unit disbursement,synthetic,0
706,Complex fee,synthetic,0
707,Rent-paymnt,synthetic,1
708,Residential payment Bi-weekly,synthetic,1
709,Unit fee for residential unit,synthetic,1
710,Subscripton payment,synthetic,0
711,ACH to Johnson LLC,synthetic,0
712,Building fee for residential unit,synthetic,1
713,Rent payment (primary residence),synthetic,1
714,Service 1st of month,synthetic,0
715,Ref: RES-UNIT-5B,synthetic,1
716,Unit fee,synthetic,0
717,Strata payment,synthetic,0
718,Rent-paymnt,synthetic,1
719,Servise payment,synthetic,0
720,Habitation remittance,synthetic,1
721,Residential payment 25th standing,synthetic,1
722,Servise payment,synthetic,0
723,Rnet payment,synthetic,1
724,RENT: UNIT 304,synthetic,1
725,Separate from rent - deposit,synthetic,0
726,Lodgings remittance,synthetic,0
727,Service 1st of month,synthetic,0
728,Residential payment Bi-weekly,synthetic,1
729,Utility fee incl. services,synthetic,0
730,Bi-weekly housing,synthetic,0
731,HOA fee incl. services,synthetic,0
732,Rent payment (primary residence),synthetic,1
733,Domicile Solutions,synthetic,0
734,Real Estate Solutions,synthetic,0
735,Rent payment ,synthetic,1
736,Subscription 10th recurring,synthetic,0
737,Other than rent - tax,synthetic,0
738,Unit fee for residential unit,synthetic,1
739,Tenancy payment,synthetic,0
740,Apart from rent - maintenance,synthetic,0
741,Domicile Solutions,synthetic,0
742,Complex Services,synthetic,0
743,Lodgings remittance,synthetic,0
744,Building fee,synthetic,0
745,Condo fee,synthetic,0
746,HOA fee + insurance,synthetic,0
747,Lodgings remittance,synthetic,1
748,Premises Services,synthetic,1
749,Besides rent - insurance,synthetic,0
750,Residential facility fee,synthetic,1
751,Membership First Monday,synthetic,0
752,Besides rent - insurance,synthetic,0
753,Recurring 1st week,synthetic,0
754,Monthly on 15th,synthetic,0
755,Premises maintenance remittance,synthetic,1
756,Unit Management,synthetic,0
757,Rant remittance,synthetic,1
758,Check #1234 for monthly,synthetic,1
759,Residential payment 10th recurring,synthetic,1
760,Recurring transfer to Smith,synthetic,0
761,Rent payment ,synthetic,1
762,Premises Services,synthetic,0
763,CHARGE - RECURRING,synthetic,0
764,Wire to Thompson,synthetic,0
765,Unit payment including maintenance,synthetic,1
766,Residential payment First Monday,synthetic,1
767,Ren tpayment,synthetic,1
768,Complex charge,synthetic,0
769,Spot payment,synthetic,0
770,Debit to Anderson,synthetic,0
771,SERVICE - MONTHLY,synthetic,0
772,Service 5th monthly,synthetic,0
773,Lease charge for residential unit,synthetic,1
774,CHARGE - MONTHLY,synthetic,0
775,UTILITY - RECURRING,synthetic,0
776,Rent payment (apartment),synthetic,1
777,Wire to Thompson,synthetic,0
778,Subscription Last day,synthetic,0
779,RENT: UNIT 304,synthetic,1
780,Rent (missed auto),synthetic,1
781,Rent payment ,synthetic,1
782,RENT-RECURRING,synthetic,1
783,Spot payment,synthetic,1
784,Place remittance,synthetic,0
785,Crib fee,synthetic,0
786,Unit fee for residential unit,synthetic,1
787,Additional to rent - fee,synthetic,0
788,Housing Associates,synthetic,0
789,Building Management,synthetic,0
790,Zelle to Davis,synthetic,1
791,Monthly on 15th,synthetic,1
792,Quarterly dwelling,synthetic,1
793,Residential payment Every 30 days,synthetic,1
794,Property payment,synthetic,0
795,CHARGE - RECURRING,synthetic,0
796,Unit 7B monthly,synthetic,1
797,Property fee for residential unit,synthetic,1
798,Subscripton payment,synthetic,0
799,Unit Management,synthetic,0
800,Residential payment Quarterly,synthetic,1
801,Rnet payment,synthetic,1
802,NOT rent - utilities,synthetic,0
803,Membership 1st of month,synthetic,0
804,Housing allocation payment,synthetic,1
805,Property fee,synthetic,0
806,UTILITY - AUTO,synthetic,0
807,NOT rent - utilities,synthetic,0
808,Residential payment 15th auto,synthetic,1
809,Residential payment Bi-weekly,synthetic,1
810,Place remittance,synthetic,1
811,RENT-RECURRING,synthetic,1
812,Rent-pay ment,synthetic,1
813,Accommodation remittance including tax,synthetic,1
814,Unit Management,synthetic,0
815,Maintenence payment,synthetic,0
816,Servise payment,synthetic,0
817,Building payment,synthetic,0
818,Real Estate Solutions,synthetic,0
819,Unit charge,synthetic,0
820,Unit remittance for residential unit,synthetic,1
821,Rent payment (primary residence),synthetic,1
822,Subscripton payment,synthetic,0
823,Membership 25th standing,synthetic,0
824,Subscription 10th recurring,synthetic,0
825,Subscription 25th standing,synthetic,0
826,End of month remittance,synthetic,0
827,Rnet payment,synthetic,1
828,Apartment payment + parking,synthetic,1
829,Domicile Solutions,synthetic,0
830,Real Estate Solutions,synthetic,0
831,Apartment payment + parking,synthetic,1
832,Service Last day,synthetic,0
833,Lease payment for residential unit,synthetic,1
834,Quarterly dwelling,synthetic,0
835,Flat fee,synthetic,0
836,Property management remittance,synthetic,1
837,Wire to Thompson,synthetic,1
838,Unit payment including maintenance,synthetic,1
839,NOT rent - utilities,synthetic,0
840,Property Services LLC (Unit 8B),synthetic,1
841,Unit disbursement,synthetic,0
842,Crib fee,synthetic,0
843,Abode payment plus insurance,synthetic,1
844,Payment on 1st of month,synthetic,0
845,Wire to Thompson,synthetic,1
846,Building administration fee,synthetic,1
847,Subscripton payment,synthetic,0
848,Unit Management,synthetic,0
849,For 303 Parkview,synthetic,1
850,Residential Services,synthetic,0
851,Additional to rent - fee,synthetic,0
852,Accommodation remittance including tax,synthetic,1
853,Strata payment,synthetic,1
854,Strata payment,synthetic,0
855,RENT - DO NOT DELETE,synthetic,1
856,Payment on 1st of month,synthetic,0
857,Rental payment,synthetic,1
858,Rent-paymnt,synthetic,1
859,RENT~MONTHLY,synthetic,1
860,RENT_INVOICE_001,synthetic,1
861,Residential payment 10th recurring,synthetic,1
862,Residential payment Quarterly,synthetic,1
863,Unit charge for residential unit,synthetic,1
864,Subscripton payment,synthetic,0
865,Strata payment,synthetic,1
866,Premises fee with service charge,synthetic,1
867,Building fee for residential unit,synthetic,1
868,Letting fee,synthetic,1
869,Premises fee with service charge,synthetic,1
870,Ren tpayment,synthetic,1
871,Unit Management,synthetic,0
872,RENT - DO NOT DELETE,synthetic,1
873,Semi-monthly residence,synthetic,0
874,RENT - APT 5B,synthetic,1
875,Lodgings remittance,synthetic,0
876,Recurring transfer to Smith,synthetic,1
877,Utilitie payment,synthetic,0
878,Residential facility fee,synthetic,1
879,Rent with included services,synthetic,1
880,Monthly housing and utilities bundle,synthetic,1
881,Remittance: DWELLING,synthetic,1
882,Building payment,synthetic,0
883,Recurring 1st week,synthetic,0
884,Apart from rent - maintenance,synthetic,0
885,Rnet payment,synthetic,1
886,Service 10th recurring,synthetic,0
887,Property remittance,synthetic,0
888,Monthly housing and utilities bundle,synthetic,1
889,FEE - RECURRING,synthetic,0
890,Servise payment,synthetic,0
891,Facility management disbursement,synthetic,1
892,Building administration fee,synthetic,1
893,Membership 10th recurring,synthetic,0
894,CHARGE - AUTO,synthetic,0
895,Letting fee,synthetic,0
896,Membership Last day,synthetic,0
897,Rent(payment),synthetic,1
898,Distinct from rent - service,synthetic,0
899,UTILITY - MONTHLY,synthetic,0
900,Lodging remittance,synthetic,1
901,SERVICE - MONTHLY,synthetic,0
902,Rent payment ,synthetic,1
903,RENT_INVOICE_001,synthetic,1
904,Payment on 1st of month,synthetic,1
905,Residential payment 1st of month,synthetic,1
906,Monthly on 15th,synthetic,0
907,UTILITY - AUTO,synthetic,0
908,Non-rent housing expense,synthetic,0
909,Residential payment Bi-weekly,synthetic,1
910,Maintenence payment,synthetic,0
911,Letting fee,synthetic,1
912,Service 10th recurring,synthetic,0
913,Place remittance,synthetic,1
914,Place remittance,synthetic,1
915,Pad payment,synthetic,0
916,Non-rent housing expense,synthetic,0
917,Complex payment,synthetic,0
918,Recurring habitation expenditure,synthetic,1
919,Membership Last day,synthetic,0
920,Subscription Quarterly,synthetic,0
921,Service fee + insurance,synthetic,0
922,Residential payment Last day,synthetic,1
923,Condo fee,synthetic,1
924,Semi-monthly residence,synthetic,0
925,Zelle to Davis,synthetic,0
926,Property remittance for residential unit,synthetic,1
927,Lease fee,synthetic,0
928,Utilitie payment,synthetic,0
929,SERVICE - AUTO,synthetic,0
930,Membership First Monday,synthetic,0
931,Property Services LLC,synthetic,0
932,Transfer to Miller,synthetic,0
933,Property remittance for residential unit,synthetic,1
934,Zelle to Davis,synthetic,0
935,Rent-paymnt,synthetic,1
936,Property fee,synthetic,0
937,UTILITY - MONTHLY,synthetic,0
938,Building administration fee,synthetic,1
939,CHARGE - RECURRING,synthetic,0
940,Residential payment First Monday,synthetic,1
941,Rent payment (apartment),synthetic,1
942,Quarterly dwelling,synthetic,1
943,Letting fee,synthetic,0
944,Premises Services,synthetic,0
945,RENT_INVOICE_001,synthetic,1
946,Housing Associates,synthetic,0
947,RENT_INVOICE_001,synthetic,1
948,Building fee,synthetic,0
949,Ref: RES-UNIT-5B,synthetic,1
950,Rent payment (primary residence),synthetic,1
951,Lease charge for residential unit,synthetic,1
952,Periodic 30th payment (Unit 4A),synthetic,1
953,Lease payment for residential unit,synthetic,1
954,Lease payment for residential unit,synthetic,1
955,FEE - AUTO,synthetic,0
956,Rent with included services,synthetic,1
957,Residential payment Quarterly,synthetic,1
958,FEE - AUTO,synthetic,0
959,Remittance to Moore,synthetic,0
960,Residential payment Calendar month,synthetic,1
961,HOA fee + tax,synthetic,0
962,Maintenence payment,synthetic,0
963,Unit remittance,synthetic,0
964,Unit fee,synthetic,0
965,Unit Management,synthetic,0
966,Complex fee,synthetic,0
967,Servise payment,synthetic,0
968,Maintenence payment,synthetic,0
969,UTILITY - RECURRING,synthetic,0
970,Bi-weekly housing,synthetic,0
971,Complex fee,synthetic,0
972,Building Management,synthetic,0
973,Rent/payment,synthetic,1
974,Independent of rent - repair,synthetic,0
975,Rent-pay ment,synthetic,1
976,Habitation remittance with utilities,synthetic,1
977,Recurring transfer to Smith,synthetic,0
978,SERVICE - RECURRING,synthetic,0
979,Debit to Anderson (Unit 2C),synthetic,1
980,RENT #2024-001,synthetic,1
981,RENT - APT 5B,synthetic,1
982,Servise payment,synthetic,0
983,Service fee + insurance,synthetic,0
984,Rent payment (apartment),synthetic,1
985,Excluding rent - HOA,synthetic,0
986,Monthly payment to John,synthetic,0
987,Membership Monthly anniversary,synthetic,0
988,Residential payment 20th periodic,synthetic,1
989,Building disbursement for residential unit,synthetic,1
990,Apartment payment + parking,synthetic,1
991,Building disbursement,synthetic,0
992,CHARGE - AUTO,synthetic,0
993,Residential payment First Monday,synthetic,1
994,Monthly on 15th,synthetic,0
995,Payment on 1st of month,synthetic,0
996,RENT|AUTO,synthetic,1
997,Property fee for residential unit,synthetic,1
998,Apartment payment + parking,synthetic,1
999,Building disbursement for residential unit,synthetic,1
1000,UTILITY - RECURRING,synthetic,0
1001,Facility Solutions,synthetic,0
1002,Rent(payment),synthetic,1
1003,Unit fee,synthetic,0
1004,Lease payment,synthetic,0
1005,Spot payment,synthetic,0
1006,Zelle to Davis,synthetic,0
1007,Utilitie payment,synthetic,0
1008,Strata payment,synthetic,0
1009,Residential payment Calendar month,synthetic,1
1010,My unit disbursement,synthetic,1
1011,Building disbursement for residential unit,synthetic,1
1012,Maintenence payment,synthetic,0
1013,Recurring 1st week (Unit 23C),synthetic,1
1014,Real Estate Solutions,synthetic,0
1015,Maintenence payment,synthetic,0
1016,Recurring transfer to Smith,synthetic,0
1017,FEE - MONTHLY,synthetic,0
1018,Digs payment,synthetic,1
1019,Additional to rent - fee,synthetic,0
1020,Rent..payment,synthetic,1
1021,Wire to Thompson,synthetic,1
1022,Place I stay remittance,synthetic,1
1023,Unit remittance,synthetic,0
1024,Maintenence payment,synthetic,0
1025,123 Main St monthly,synthetic,1
1026,Zelle to Davis,synthetic,1
1027,UTILITY - MONTHLY,synthetic,0
1028,Habitation remittance with utilities,synthetic,1
1029,Subscription Calendar month,synthetic,0
1030,Complex Services,synthetic,0
1031,Residential facility fee,synthetic,1
1032,UTILITY - AUTO,synthetic,0
1033,Rent-pay ment,synthetic,1
1034,Separate from rent - deposit,synthetic,0
1035,Rant fee,synthetic,1
1036,End of month remittance,synthetic,0
1037,UTILITY - RECURRING,synthetic,0
1038,Monthly on 15th,synthetic,0
1039,Apartment 12C fee,synthetic,1
1040,Maintenence payment,synthetic,0
1041,Domicile Solutions,synthetic,1
1042,Rent payment (apartment),synthetic,1
1043,Rent-paymnt,synthetic,1
1044,ACH to Johnson LLC,synthetic,1
1045,Pad payment,synthetic,0
1046,Complex charge for residential unit,synthetic,1
1047,Additional to rent - fee,synthetic,0
1048,RENT PAYMENT (MONTHLY),synthetic,1
1049,RENT|AUTO,synthetic,1
1050,Strata payment,synthetic,1
1051,Mid-month transfer,synthetic,0
1052,Unit payment for residential unit,synthetic,1
1053,Premises Services,synthetic,1
1054,Payment to Wilson,synthetic,1
1055,Service 1st of month,synthetic,0
1056,Pad payment,synthetic,0
1057,Quarterly dwelling (Unit 26B),synthetic,1
1058,RENT~MONTHLY,synthetic,1
1059,Wire to Thompson,synthetic,0
1060,RENT: UNIT 304,synthetic,1
1061,RENT - APT 5B,synthetic,1
1062,Monthly housing and utilities bundle,synthetic,1
1063,Residential payment Semi-monthly,synthetic,1
1064,Domicile Solutions,synthetic,0
1065,RENT PAYMENT (MONTHLY),synthetic,1
1066,Tenancy payment,synthetic,0
1067,RENT|AUTO,synthetic,1
1068,Place remittance,synthetic,0
1069,Letting fee,synthetic,1
1070,Subscription First Monday,synthetic,0
1071,Invoice: RESIDENCE,synthetic,1
1072,Recurring 1st week,synthetic,0
1073,End of month remittance,synthetic,0
1074,CHARGE - AUTO,synthetic,0
1075,Strata payment,synthetic,1
1076,Subscription Semi-monthly,synthetic,0
1077,Rent payment (apartment),synthetic,1
1078,Utility fee + tax,synthetic,0
1079,Residential payment Last day,synthetic,1
1080,Building administration fee,synthetic,1
1081,Premises fee with service charge,synthetic,1
1082,Domicile Solutions,synthetic,0
1083,Monthly payment to John,synthetic,1
1084,Strata payment,synthetic,0
1085,Subscription 25th standing,synthetic,0
1086,Wire to Thompson,synthetic,0
1087,Membership Monthly anniversary,synthetic,0
1088,Separate from rent - deposit,synthetic,0
1089,Apart from rent - maintenance,synthetic,0
1090,Rent/payment,synthetic,1
1091,RENT - DO NOT DELETE,synthetic,1
1092,Residential payment First Monday,synthetic,1
1093,Service Quarterly,synthetic,0
1094,Periodic 30th payment,synthetic,0
1095,Premises fee with service charge,synthetic,1
1096,Building payment,synthetic,0
1097,Unit letting,synthetic,1
1098,Subscripton payment,synthetic,0
1099,Unit payment including maintenance,synthetic,1
1100,Digs payment,synthetic,0
1101,Rent payment (primary residence),synthetic,1
1102,Pad payment,synthetic,0
1103,End of month remittance,synthetic,0
1104,Membership Calendar month,synthetic,0
1105,Pad payment,synthetic,0
1106,Rent payment (apartment),synthetic,1
1107,Place remittance,synthetic,0
1108,Crib fee,synthetic,1
1109,HOA fee incl. services,synthetic,0
1110,Service Calendar month,synthetic,0
1111,Property Services LLC,synthetic,0
1112,Maintenance fee + insurance,synthetic,0
1113,Monthly payment to John,synthetic,0
1114,Check #1234 for monthly (Unit 31C),synthetic,1
1115,Debit to Anderson (Unit 25B),synthetic,1
1116,Lodgings remittance,synthetic,1
1117,Subscription Bi-weekly,synthetic,0
1118,Crib fee,synthetic,1
1119,Besides rent - insurance,synthetic,0
1120,500 Oak Ave payment,synthetic,1
1121,Residential payment Monthly anniversary,synthetic,1
1122,Monthly payment to John,synthetic,0
1123,Recurring 1st week,synthetic,0
1124,Abode payment plus insurance,synthetic,1
1125,ACH to Johnson LLC,synthetic,0
1126,Subscripton payment,synthetic,0
1127,Residential payment 20th periodic,synthetic,1
1128,Lease obligation payment,synthetic,1
1129,NOT rent - utilities,synthetic,0
1130,Rent payment ,synthetic,1
1131,Rent-paymnt,synthetic,1
1132,Rent with included services,synthetic,1
1133,Utility fee incl. services,synthetic,0
1134,Unit fee,synthetic,0
1135,Payment to Wilson,synthetic,0
1136,Flat fee,synthetic,0
1137,Real Estate Solutions,synthetic,0
1138,Property payment,synthetic,0
1139,Recurring transfer to Smith,synthetic,0
1140,Strata payment,synthetic,0
1141,Condo fee,synthetic,1
1142,Spot payment,synthetic,1
1143,Rent..payment,synthetic,1
1144,Remittance to Moore,synthetic,0
1145,RENT PAYMENT (MONTHLY),synthetic,1
1146,Building administration fee,synthetic,1
1147,Unit charge,synthetic,0
1148,RENT - APT 5B,synthetic,1
1149,Domicile Solutions,synthetic,0
1150,Residential payment 5th monthly,synthetic,1
1151,Accommodation remittance including tax,synthetic,1
1152,Crib fee,synthetic,1
1153,Rent payment (primary residence),synthetic,1
1154,Flat fee,synthetic,0
1155,Unit Management,synthetic,0
1156,Subscription First Monday,synthetic,0
1157,My house monthly,synthetic,1
1158,Maintenence payment,synthetic,0
1159,Real estate management fee,synthetic,1
1160,Remittance to Moore (Unit 26C),synthetic,1
1161,RENT>>PAYMENT,synthetic,1
1162,Maintenence payment,synthetic,0
1163,RENT - APT 5B,synthetic,1
1164,Flat fee,synthetic,0
1165,Utilitie payment,synthetic,0
1166,Apartment 12C fee,synthetic,1
1167,Excluding rent - HOA,synthetic,0
1168,Abode payment plus insurance,synthetic,1
1169,Service 5th monthly,synthetic,0
1170,Maintenance fee + tax,synthetic,0
1171,Accommodation disbursement,synthetic,1
1172,Rant remittance,synthetic,1
1173,Rent payment ,synthetic,1
1174,Rental payment,synthetic,1
1175,Crib fee,synthetic,1
1176,Maintenence payment,synthetic,0
1177,Bi-weekly housing,synthetic,0
1178,Membership Bi-weekly,synthetic,0
1179,Building Management,synthetic,1
1180,Excluding rent - HOA,synthetic,0
1181,Subscription Bi-weekly,synthetic,0
1182,Semi-monthly residence,synthetic,0
1183,Debit to Anderson,synthetic,1
1184,Accommodation remittance including tax,synthetic,1
1185,Residential payment Monthly anniversary,synthetic,1
1186,Spot payment,synthetic,1
1187,RENT-RECURRING,synthetic,1
1188,Utilitie payment,synthetic,0
1189,Monthly on 15th (Unit 6C),synthetic,1
1190,Service fee + insurance,synthetic,0
1191,Rnet payment,synthetic,1
1192,Ref: RES-UNIT-5B,synthetic,1
1193,Subscripton payment,synthetic,0
1194,Payment ref: HOUSING-,synthetic,1
1195,Unit fee for residential unit,synthetic,1
1196,Remittance to Moore,synthetic,0
1197,Distinct from rent - service,synthetic,0
1198,Rent payment (primary residence),synthetic,1
1199,My unit disbursement,synthetic,1
1200,Lease charge,synthetic,0
1201,Letting fee,synthetic,1
1202,RENT PAYMENT (MONTHLY),synthetic,1
1203,Utility fee + tax,synthetic,0
1204,CHARGE - MONTHLY,synthetic,0
1205,Utility fee + tax,synthetic,0
1206,Real estate management fee,synthetic,1
1207,Service 1st of month,synthetic,0
1208,Ren tpayment,synthetic,1
1209,CHARGE - AUTO,synthetic,0
1210,Strata payment,synthetic,0
1211,Rent(payment),synthetic,1
1212,Pad payment,synthetic,0
1213,SERVICE - AUTO,synthetic,0
1214,Servise payment,synthetic,0
1215,SERVICE - MONTHLY,synthetic,0
1216,Flat fee,synthetic,0
1217,Periodic 30th payment,synthetic,1
1218,Building Management,synthetic,1
1219,First of month payment,synthetic,1
1220,Debit to Anderson,synthetic,0
1221,Apartment payment + parking,synthetic,1
1222,Rent payment (primary residence),synthetic,1
1223,Unit disbursement for residential unit,synthetic,1
1224,Facility Solutions,synthetic,0
1225,Bi-weekly housing,synthetic,0
1226,Rent-paymnt,synthetic,1
1227,RENT: UNIT 304,synthetic,1
1228,Rental payment,synthetic,0
1229,Place remittance,synthetic,0
1230,Domicile Solutions,synthetic,0
1231,Recurring 1st week,synthetic,0
1232,Excluding rent - HOA,synthetic,0
1233,Housing Associates,synthetic,0
1234,Building disbursement,synthetic,0
1235,Tenancy payment,synthetic,1
1236,Transfer to Miller,synthetic,0
1237,Maintenance fee + insurance,synthetic,0
1238,Excluding rent - HOA,synthetic,0
1239,RENT: UNIT 304,synthetic,1
1240,Digs payment,synthetic,0
1241,Property remittance,synthetic,0
1242,Residence fee including amenities,synthetic,1
1243,Condo fee,synthetic,0
1244,RENT-RECURRING,synthetic,1
1245,RENT>>PAYMENT,synthetic,1
1246,HOA fee + tax,synthetic,0
1247,Maintenence payment,synthetic,0
1248,UTILITY - RECURRING,synthetic,0
1249,UTILITY - MONTHLY,synthetic,0
1250,Complex payment,synthetic,0
1251,Bi-weekly housing,synthetic,0
1252,Excluding rent - HOA,synthetic,0
1253,Complex Services,synthetic,0
1254,Rent payment ,synthetic,1
1255,Subscription Semi-monthly,synthetic,0
1256,Spot payment,synthetic,0
1257,Semi-monthly residence,synthetic,0
1258,Accommodation remittance including tax,synthetic,1
1259,Rent payment (primary residence),synthetic,1
1260,Quarterly dwelling,synthetic,0
1261,Service fee incl. services,synthetic,0
1262,Rent payment ,synthetic,1
1263,Maintenance fee + insurance,synthetic,0
1264,Rent payment ,synthetic,1
1265,Residential payment 10th recurring,synthetic,1
1266,Service fee + tax,synthetic,0
1267,Building Management,synthetic,0
1268,Unit payment including maintenance,synthetic,1
1269,Residential payment First Monday,synthetic,1
1270,Residential payment Quarterly,synthetic,1
1271,End of month remittance,synthetic,0
1272,Digs payment,synthetic,1
1273,Monthly payment to John,synthetic,0
1274,Remittance to Moore,synthetic,0
1275,Residence fee including amenities,synthetic,1
1276,Dwelling disbursement plus fees,synthetic,1
1277,Maintenence payment,synthetic,0
1278,Unit fee,synthetic,0
1279,Residential payment 15th auto,synthetic,1
1280,Rant remittance,synthetic,1
1281,Where I live payment,synthetic,1
1282,Dwelling disbursement plus fees,synthetic,1
1283,Rent/payment,synthetic,1
1284,Housing Associates,synthetic,1
1285,Unit fee,synthetic,0
1286,FEE - AUTO,synthetic,0
1287,Residence fee including amenities,synthetic,1
1288,Zelle to Davis,synthetic,0
1289,Maintenence payment,synthetic,0
1290,Building disbursement for residential unit,synthetic,1
1291,SERVICE - AUTO,synthetic,0
1292,Premises fee with service charge,synthetic,1
1293,Dwelling disbursement plus fees,synthetic,1
1294,Accommodation disbursement,synthetic,1
1295,Monthly on 15th,synthetic,0
1296,ACH to Johnson LLC (Unit 10B),synthetic,1
1297,Abode disbursement,synthetic,1
1298,Premises maintenance remittance,synthetic,1
1299,Place I stay remittance,synthetic,1
1300,Facility Solutions,synthetic,1
1301,500 Oak Ave payment,synthetic,1
1302,Rent..payment,synthetic,1
1303,RENT~MONTHLY,synthetic,1
1304,Complex payment for residential unit,synthetic,1
1305,Rent-pay ment,synthetic,1
1306,RENT~MONTHLY,synthetic,1
1307,Maintenence payment,synthetic,0
1308,Rent payment (primary residence),synthetic,1
1309,Unit remittance,synthetic,0
1310,Apartment 12C fee,synthetic,1
1311,Property Services LLC,synthetic,0
1312,Residential payment Calendar month,synthetic,1
1313,Condo fee,synthetic,0
1314,Rent payment ,synthetic,1
1315,Facility Solutions,synthetic,0
1316,Rent payment ,synthetic,1
1317,Complex charge for residential unit,synthetic,1
1318,Rent payment (apartment),synthetic,1
1319,Rent payment (primary residence),synthetic,1
1320,Unit fee,synthetic,0
1321,Property management remittance,synthetic,1
1322,Real Estate Solutions,synthetic,0
1323,Rant remittance,synthetic,1
1324,SERVICE - AUTO,synthetic,0
1325,Real Estate Solutions,synthetic,0
1326,Strata payment,synthetic,0
1327,RENT~MONTHLY,synthetic,1
1328,Payment to Wilson,synthetic,0
1329,Rent payment (apartment),synthetic,1
1330,Zelle to Davis,synthetic,0
1331,Crib fee,synthetic,0
1332,Unit remittance,synthetic,0
1333,Remittance to Moore,synthetic,0
1334,Membership Calendar month,synthetic,0
1335,Wire to Thompson (Unit 46A),synthetic,1
1336,Unit payment for residential unit,synthetic,1
1337,First of month payment,synthetic,0
1338,SERVICE - AUTO,synthetic,0
1339,Residence fee including amenities,synthetic,1
1340,Recurring transfer to Smith,synthetic,0
1341,Unit Management,synthetic,0
1342,Apart from rent - maintenance,synthetic,0
1343,Bi-weekly housing,synthetic,0
1344,Lease payment,synthetic,0
1345,First of month payment,synthetic,0
1346,Facility Solutions,synthetic,1
1347,Payment on 1st of month,synthetic,0
1348,Housing Associates (Unit 32A),synthetic,1
1349,Monthly payment to John,synthetic,0
1350,Maintenance fee + insurance,synthetic,0
1351,Rent-paymnt,synthetic,1
1352,Other than rent - tax,synthetic,0
1353,Utilitie payment,synthetic,0
1354,Payment to Wilson,synthetic,1
1355,Payment on 1st of month (Unit 7C),synthetic,1
1356,Maintenance fee + tax,synthetic,0
1357,Mid-month transfer,synthetic,1
1358,Rent-pay ment,synthetic,1
1359,Rent payment ,synthetic,1
1360,Service fee + insurance,synthetic,0
1361,Utilitie payment,synthetic,0
1362,Premises maintenance remittance,synthetic,1
1363,Recurring transfer to Smith,synthetic,0
1364,Unit payment for residential unit,synthetic,1
1365,Monthly housing and utilities bundle,synthetic,1
1366,Complex Services,synthetic,0
1367,Zelle to Davis,synthetic,1
1368,Residential payment Calendar month,synthetic,1
1369,Subscription 10th recurring,synthetic,0
1370,Dwelling remittance,synthetic,1
1371,Utilitie payment,synthetic,0
1372,Service First Monday,synthetic,0
1373,RENT~MONTHLY,synthetic,1
1374,Building Management,synthetic,0
1375,Utility fee incl. services,synthetic,0
1376,Residential Services,synthetic,0
1377,Subscription 25th standing,synthetic,0
1378,Utilitie payment,synthetic,0
1379,Domicile disbursement,synthetic,1
1380,Service fee + insurance,synthetic,0
1381,Monthly on 15th,synthetic,0
1382,Residential payment 5th monthly,synthetic,1
1383,Wire to Thompson,synthetic,0
1384,Rent payment (primary residence),synthetic,1
1385,Strata payment,synthetic,0
1386,Premises Services,synthetic,1
1387,RENT_INVOICE_001,synthetic,1
1388,Real Estate Solutions,synthetic,0
1389,Accommodation remittance including tax,synthetic,1
1390,Property Services LLC,synthetic,0
1391,Facility Solutions,synthetic,0
1392,Facility Solutions,synthetic,0
1393,Maintenance fee + insurance,synthetic,0
1394,Remittance to Moore,synthetic,1
1395,Unit charge for residential unit,synthetic,1
1396,Maintenance fee incl. services,synthetic,0
1397,Complex Services,synthetic,0
1398,Rent payment (apartment),synthetic,1
1399,Utilitie payment,synthetic,0
1400,R3nt fee,synthetic,1
1401,Remittance to Moore,synthetic,1
1402,Transfer to Miller,synthetic,1
1403,Service 15th auto,synthetic,0
1404,RENT~MONTHLY,synthetic,1
1405,ACH to Johnson LLC,synthetic,0
1406,Premises Services,synthetic,0
1407,SERVICE - AUTO,synthetic,0
1408,Service 15th auto,synthetic,0
1409,Spot payment,synthetic,1
1410,RENT PAYMENT (MONTHLY),synthetic,1
1411,Residential payment Semi-monthly,synthetic,1
1412,Rental payment,synthetic,1
1413,Housing Associates,synthetic,0
1414,SERVICE - RECURRING,synthetic,0
1415,ACH to Johnson LLC,synthetic,0
1416,FEE - AUTO,synthetic,0
1417,Utility fee incl. services,synthetic,0
1418,Remittance to Moore,synthetic,1
1419,Habitation remittance with utilities,synthetic,1
1420,Maintenance fee + insurance,synthetic,0
1421,Residential payment Bi-weekly,synthetic,1
1422,UTILITY - RECURRING,synthetic,0
1423,Service 5th monthly,synthetic,0
1424,Zelle to Davis,synthetic,0
1425,Property remittance,synthetic,0
1426,End of month remittance (Unit 19B),synthetic,1
1427,HOA fee + tax,synthetic,0
1428,Housing Associates,synthetic,0
1429,Complex charge for residential unit,synthetic,1
1430,Domicile Solutions,synthetic,1
1431,Wire to Thompson,synthetic,1
1432,Property Services LLC,synthetic,0
1433,Semi-monthly residence,synthetic,0
1434,FEE - AUTO,synthetic,0
1435,Recurring transfer to Smith,synthetic,0
1436,Semi-monthly residence,synthetic,0
1437,Excluding rent - HOA,synthetic,0
1438,Rent (missed auto),synthetic,1
1439,Residential payment 15th auto,synthetic,1
1440,Subscription 5th monthly,synthetic,0
1441,Invoice: RESIDENCE,synthetic,1
1442,HOA fee + insurance,synthetic,0
1443,Subscripton payment,synthetic,0
1444,RENT PAYMENT (MONTHLY),synthetic,1
1445,End of month remittance,synthetic,1
1446,Condo fee,synthetic,1
1447,Maintenence payment,synthetic,0
1448,Service fee + insurance,synthetic,0
1449,End of month remittance,synthetic,0
1450,Rental payment,synthetic,0
1451,Rent payment ,synthetic,1
1452,Complex Services,synthetic,0
1453,Semi-monthly residence,synthetic,0
1454,FEE - MONTHLY,synthetic,0
1455,Housing Associates,synthetic,0
1456,Maintenance fee incl. services,synthetic,0
1457,Tenancy remittance,synthetic,1
1458,Periodic 30th payment,synthetic,1
1459,Rent payment ,synthetic,1
1460,Building Management,synthetic,0
1461,Invoice #APT2024-001,synthetic,1
1462,Independent of rent - repair,synthetic,0
1463,Utilitie payment,synthetic,0
1464,Domicile Solutions,synthetic,0
1465,Rent-paymnt,synthetic,1
1466,CHARGE - MONTHLY,synthetic,0
1467,Servise payment,synthetic,0
1468,Wire to Thompson,synthetic,0
1469,Recurring transfer to Smith,synthetic,0
1470,RENT|AUTO,synthetic,1
1471,Condo fee,synthetic,1
1472,UTILITY - AUTO,synthetic,0
1473,Rent(payment),synthetic,1
1474,Residential facility fee,synthetic,1
1475,Non-rent housing expense,synthetic,0
1476,Rent payment (primary residence),synthetic,1
1477,Tenancy payment,synthetic,0
1478,Rent-pay ment,synthetic,1
1479,FEE - MONTHLY,synthetic,0
1480,Property fee for residential unit,synthetic,1
1481,500 Oak Ave payment,synthetic,1
1482,Subscription 1st of month,synthetic,0
1483,Unit Management,synthetic,0
1484,Besides rent - insurance,synthetic,0
1485,Residential payment 20th periodic,synthetic,1
1486,Monthly payment to John,synthetic,0
1487,Recurring transfer to Smith,synthetic,0
1488,Residential payment First Monday,synthetic,1
1489,SERVICE - RECURRING,synthetic,0
1490,Digs payment,synthetic,1
1491,Recurring 1st week,synthetic,0
1492,Independent of rent - repair,synthetic,0
1493,Crib fee,synthetic,0
1494,Debit to Anderson,synthetic,0
1495,Facility Solutions (Unit 11C),synthetic,1
1496,Building fee for residential unit,synthetic,1
1497,Lease fee,synthetic,0
1498,Subscription 20th periodic,synthetic,0
1499,CHARGE - RECURRING,synthetic,0
1500,SERVICE - MONTHLY,synthetic,0
1501,FEE - MONTHLY,synthetic,0
1502,Crib fee,synthetic,0
1503,Dwelling disbursement plus fees,synthetic,1
1504,Place remittance,synthetic,1
1505,Abode payment plus insurance,synthetic,1
1506,RENT>>PAYMENT,synthetic,1
1507,Condo fee,synthetic,0
1508,Check #1234 for monthly,synthetic,0
1509,Residential Services,synthetic,0
1510,Building disbursement for residential unit,synthetic,1
1511,Transfer to Miller,synthetic,0
1512,Property Services LLC,synthetic,0
1513,Semi-monthly residence,synthetic,0
1514,Rent..payment,synthetic,1
1515,Place remittance,synthetic,1
1516,Residential payment Bi-weekly,synthetic,1
1517,Service 1st of month,synthetic,0
1518,SERVICE - AUTO,synthetic,0
1519,Dwelling remittance,synthetic,1
1520,Place remittance,synthetic,1
1521,Property Services LLC,synthetic,0
1522,Lease obligation payment,synthetic,1
1523,Spot payment,synthetic,1
1524,Ref: RES-UNIT-5B,synthetic,1
1525,Mid-month transfer,synthetic,0
1526,Rent/payment,synthetic,1
1527,Facility Solutions,synthetic,0
1528,Periodic 30th payment,synthetic,1
1529,First of month payment,synthetic,1
1530,Premises Services,synthetic,1
1531,Accommodation remittance including tax,synthetic,1
1532,Utility fee + insurance,synthetic,0
1533,Unit fee,synthetic,0
1534,ACH to Johnson LLC,synthetic,1
1535,Property Services LLC,synthetic,1
1536,Facility Solutions,synthetic,0
1537,Rent(payment),synthetic,1
1538,Residential payment 1st of month,synthetic,1
1539,Ref: RES-UNIT-5B,synthetic,1
1540,Abode payment plus insurance,synthetic,1
1541,Rant remittance,synthetic,1
1542,Monthly housing and utilities bundle,synthetic,1
1543,Habitation remittance,synthetic,1
1544,Apart from rent - maintenance,synthetic,0
1545,Strata payment,synthetic,1
1546,Rent payment (apartment),synthetic,1
1547,Periodic 30th payment,synthetic,1
1548,Lease fee for residential unit,synthetic,1
1549,Property Services LLC,synthetic,0
1550,Domicile Solutions (Unit 31C),synthetic,1
1551,Real estate management fee,synthetic,1
1552,Maintenance fee + tax,synthetic,0
1553,RENT - DO NOT DELETE,synthetic,1
1554,RENT PAYMENT (MONTHLY),synthetic,1
1555,End of month remittance,synthetic,0
1556,Debit to Anderson,synthetic,0
1557,Crib fee,synthetic,0
1558,Debit to Anderson,synthetic,1
1559,Subscripton payment,synthetic,0
1560,Lodgings remittance,synthetic,0
1561,Housing Associates,synthetic,0
1562,RENT~MONTHLY,synthetic,1
1563,Periodic 30th payment,synthetic,0
1564,Digs payment,synthetic,0
1565,Additional to rent - fee,synthetic,0
1566,ACH to Johnson LLC,synthetic,0
1567,Residential payment 5th monthly,synthetic,1
1568,Property Services LLC (Unit 48C),synthetic,1
1569,Maintenence payment,synthetic,0
1570,Apartment payment + parking,synthetic,1
1571,Place remittance,synthetic,0
1572,Complex payment,synthetic,0
1573,UTILITY - RECURRING,synthetic,0
1574,RENT_INVOICE_001,synthetic,1
1575,Flat fee,synthetic,0
1576,HOA fee + insurance,synthetic,0
1577,Apartment 12C fee,synthetic,1
1578,RENT>>PAYMENT,synthetic,1
1579,Remittance to Moore,synthetic,0
1580,RENT-RECURRING,synthetic,1
1581,Subscripton payment,synthetic,0
1582,Maintenance fee incl. services,synthetic,0
1583,Residential payment First Monday,synthetic,1
1584,CHARGE - RECURRING,synthetic,0
1585,FEE - RECURRING,synthetic,0
1586,RENT-RECURRING,synthetic,1
1587,Monthly housing and utilities bundle,synthetic,1
1588,Membership Every 30 days,synthetic,0
1589,Abode disbursement,synthetic,1
1590,Condo fee,synthetic,0
1591,Unit payment,synthetic,0
1592,Unit Management,synthetic,0
1593,Monthly payment to John,synthetic,0
1594,Mid-month transfer,synthetic,0
1595,Rent..payment,synthetic,1
1596,Premises fee with service charge,synthetic,1
1597,Complex charge for residential unit,synthetic,1
1598,RENT: UNIT 304,synthetic,1
1599,123 Main St monthly,synthetic,1
1600,Unit Management,synthetic,1
1601,Housing Associates,synthetic,0
1602,Dwelling disbursement plus fees,synthetic,1
1603,Subscripton payment,synthetic,0
1604,Residential payment Semi-monthly,synthetic,1
1605,Mid-month transfer,synthetic,1
1606,Spot payment,synthetic,0
1607,Residence fee including amenities,synthetic,1
1608,Remittance: DWELLING,synthetic,1
1609,Residential payment Semi-monthly,synthetic,1
1610,R3nt fee,synthetic,1
1611,Unit Management,synthetic,0
1612,RENT|AUTO,synthetic,1
1613,Housing allocation payment,synthetic,1
1614,Place remittance,synthetic,1
1615,Zelle to Davis,synthetic,0
1616,Besides rent - insurance,synthetic,0
1617,Building Management,synthetic,0
1618,Subscripton payment,synthetic,0
1619,Rent (missed auto),synthetic,1
1620,Utility fee + insurance,synthetic,0
1621,RENT_INVOICE_001,synthetic,1
1622,Apart from rent - maintenance,synthetic,0
1623,Mid-month transfer,synthetic,0
1624,Maintenence payment,synthetic,0
1625,Rent payment (primary residence),synthetic,1
1626,Premises Services,synthetic,1
1627,Utilitie payment,synthetic,0
1628,HOA fee incl. services,synthetic,0
1629,Habitation remittance with utilities,synthetic,1
1630,Subscription Calendar month,synthetic,0
1631,Real Estate Solutions,synthetic,0
1632,Digs payment,synthetic,1
1633,Residential payment Calendar month,synthetic,1
1634,Remittance to Moore (Unit 8B),synthetic,1
1635,Utility fee + tax,synthetic,0
1636,End of month remittance (Unit 39C),synthetic,1
1637,Building disbursement,synthetic,0
1638,Maintenance fee + insurance,synthetic,0
1639,500 Oak Ave payment,synthetic,1
1640,Besides rent - insurance,synthetic,0
1641,Unit fee for residential unit,synthetic,1
1642,Maintenence payment,synthetic,0
1643,Zelle to Davis,synthetic,1
1644,Rent payment ,synthetic,1
1645,Residential payment First Monday,synthetic,1
1646,Rent payment (apartment),synthetic,1
1647,Payment to Wilson,synthetic,0
1648,Premises fee with service charge,synthetic,1
1649,Property fee for residential unit,synthetic,1
1650,Check #1234 for monthly,synthetic,0
1651,Building disbursement for residential unit,synthetic,1
1652,Unit letting,synthetic,1
1653,Accommodation remittance including tax,synthetic,1
1654,Remittance to Moore,synthetic,0
1655,Utilitie payment,synthetic,0
1656,Residential payment Every 30 days,synthetic,1
1657,Subscripton payment,synthetic,0
1658,Rnet payment,synthetic,1
1659,Flat fee,synthetic,1
1660,Rental payment,synthetic,0
1661,Mid-month transfer,synthetic,0
1662,Service fee + insurance,synthetic,0
1663,Apartment 12C fee,synthetic,1
1664,Invoice: RESIDENCE,synthetic,1
1665,Excluding rent - HOA,synthetic,0
1666,Rent payment (apartment),synthetic,1
1667,RENT-RECURRING,synthetic,1
1668,123 Main St monthly,synthetic,1
1669,Utility fee incl. services,synthetic,0
1670,Tenancy payment,synthetic,0
1671,Strata payment,synthetic,1
1672,Residential payment 5th monthly,synthetic,1
1673,Debit to Anderson,synthetic,0
1674,Check #1234 for monthly,synthetic,0
1675,Remittance to Moore,synthetic,0
1676,Spot payment,synthetic,0
1677,Residential occupancy fee,synthetic,1
1678,Rent with included services,synthetic,1
1679,Rental payment,synthetic,0
1680,Apartment payment + parking,synthetic,1
1681,Service fee incl. services,synthetic,0
1682,RENT_INVOICE_001,synthetic,1
1683,Unit Management (Unit 36B),synthetic,1
1684,End of month remittance,synthetic,0
1685,Utilitie payment,synthetic,0
1686,Spot payment,synthetic,0
1687,Mid-month transfer,synthetic,1
1688,Monthly payment to John,synthetic,0
1689,Utilitie payment,synthetic,0
1690,Independent of rent - repair,synthetic,0
1691,Service Calendar month,synthetic,0
1692,UTILITY - MONTHLY,synthetic,0
1693,Condo fee,synthetic,1
1694,Rent payment (apartment),synthetic,1
1695,Rent ;payment,synthetic,1
1696,Rent payment ,synthetic,1
1697,Unit fee for residential unit,synthetic,1
1698,Residential payment 15th auto,synthetic,1
1699,First of month payment,synthetic,0
1700,RENT~MONTHLY,synthetic,1
1701,Unit payment,synthetic,0
1702,Rent payment ,synthetic,1
1703,Service 1st of month,synthetic,0
1704,FEE - MONTHLY,synthetic,0
1705,Semi-monthly residence,synthetic,0
1706,Membership 10th recurring,synthetic,0
1707,Rent payment (primary residence),synthetic,1
1708,Check #1234 for monthly,synthetic,0
1709,Habitation remittance with utilities,synthetic,1
1710,ACH to Johnson LLC,synthetic,0
1711,Check #1234 for monthly,synthetic,1
1712,Rent(payment),synthetic,1
1713,Complex management remittance,synthetic,1
1714,Utility fee + tax,synthetic,0
1715,Lease fee for residential unit,synthetic,1
1716,Payment to Wilson,synthetic,0
1717,My unit disbursement,synthetic,1
1718,Facility Solutions,synthetic,1
1719,Property payment for residential unit,synthetic,1
1720,Tenancy payment,synthetic,0
1721,Rant fee,synthetic,1
1722,Lodgings remittance,synthetic,0
1723,Non-rent housing expense,synthetic,0
1724,Spot payment,synthetic,1
1725,Periodic 30th payment,synthetic,1
1726,Property fee,synthetic,0
1727,Recurring 1st week (Unit 33B),synthetic,1
1728,Check #1234 for monthly,synthetic,0
1729,Place I stay remittance,synthetic,1
1730,Letting fee,synthetic,1
1731,RENT #2024-001,synthetic,1
1732,Utility fee + insurance,synthetic,0
1733,Accommodation remittance including tax,synthetic,1
1734,Payment to Wilson (Unit 41B),synthetic,1
1735,Facility Solutions,synthetic,0
1736,Rent payment (apartment),synthetic,1
1737,Rent with included services,synthetic,1
1738,Membership 5th monthly,synthetic,0
1739,Monthly payment to John,synthetic,0
1740,Service Semi-monthly,synthetic,0
1741,Debit to Anderson,synthetic,0
1742,Besides rent - insurance,synthetic,0
1743,RENT: UNIT 304,synthetic,1
1744,Residential payment 1st of month,synthetic,1
1745,Subscription Quarterly,synthetic,0
1746,Building disbursement for residential unit,synthetic,1
1747,Residential Services,synthetic,1
1748,FEE - MONTHLY,synthetic,0
1749,RENT PAYMENT (MONTHLY),synthetic,1
1750,Residential Services,synthetic,0
1751,Property remittance,synthetic,0
1752,SERVICE - RECURRING,synthetic,0
1753,Facility management disbursement,synthetic,1
1754,Complex payment for residential unit,synthetic,1
1755,Residential payment 25th standing,synthetic,1
1756,Transfer to Miller,synthetic,0
1757,Rent ;payment,synthetic,1
1758,RENT PAYMENT (MONTHLY),synthetic,1
1759,Facility management disbursement,synthetic,1
1760,Additional to rent - fee,synthetic,0
1761,Residential occupancy fee,synthetic,1
1762,Membership First Monday,synthetic,0
1763,Residential payment 20th periodic,synthetic,1
1764,Rent with included services,synthetic,1
1765,Rent payment (primary residence),synthetic,1
1766,Check #1234 for monthly,synthetic,0
1767,Unit Management (Unit 14C),synthetic,1
1768,Premises Services,synthetic,1
1769,Real estate management fee,synthetic,1
1770,Membership Every 30 days,synthetic,0
1771,RENT PAYMENT (MONTHLY),synthetic,1
1772,Monthly on 15th,synthetic,1
1773,Residential payment Bi-weekly,synthetic,1
1774,Property payment,synthetic,0
1775,Domicile Solutions,synthetic,0
1776,My house monthly,synthetic,1
1777,Service 10th recurring,synthetic,0
1778,Rent (missed auto),synthetic,1
1779,Residential payment First Monday,synthetic,1
1780,Subscription 10th recurring,synthetic,0
1781,HOA fee + insurance,synthetic,0
1782,RENT - APT 5B,synthetic,1
1783,Bi-weekly housing,synthetic,0
1784,First of month payment,synthetic,0
1785,Building disbursement for residential unit,synthetic,1
1786,Recurring transfer to Smith,synthetic,0
1787,Domicile Solutions,synthetic,0
1788,Monthly payment to John,synthetic,1
1789,Complex management remittance,synthetic,1
1790,Semi-monthly residence,synthetic,0
1791,Real Estate Solutions,synthetic,0
1792,Subscription Semi-monthly,synthetic,0
1793,Lodgings remittance,synthetic,1
1794,RENT: UNIT 304,synthetic,1
1795,Utility fee + tax,synthetic,0
1796,Property payment for residential unit,synthetic,1
1797,RENT - APT 5B,synthetic,1
1798,Subscription Last day,synthetic,0
1799,Subscription First Monday,synthetic,0
1800,HOA fee incl. services,synthetic,0
1801,Tenancy remittance,synthetic,1
1802,Rent payment (apartment),synthetic,1
1803,Tenancy payment,synthetic,1
1804,Membership Quarterly,synthetic,0
1805,FEE - RECURRING,synthetic,0
1806,Landlord services payment,synthetic,1
1807,Unit letting,synthetic,0
1808,Membership Last day,synthetic,0
1809,End of month remittance,synthetic,0
1810,Property Services LLC,synthetic,0
1811,Abode payment plus insurance,synthetic,1
1812,Habitation remittance with utilities,synthetic,1
1813,Digs payment,synthetic,0
1814,Accommodation remittance including tax,synthetic,1
1815,Where I live payment,synthetic,1
1816,Tenancy remittance,synthetic,1
1817,Unit payment including maintenance,synthetic,1
1818,Membership Quarterly,synthetic,0
1819,Membership Semi-monthly,synthetic,0
1820,123 Main St monthly,synthetic,1
1821,Complex charge for residential unit,synthetic,1
1822,Building fee for residential unit,synthetic,1
1823,Monthly on 15th,synthetic,1
1824,Subscripton payment,synthetic,0
1825,HOA fee + insurance,synthetic,0
1826,Recurring transfer to Smith,synthetic,1
1827,Wire to Thompson,synthetic,0
1828,Habitation remittance with utilities,synthetic,1
1829,Premises Services,synthetic,1
1830,Unit Management (Unit 39C),synthetic,1
1831,SERVICE - MONTHLY,synthetic,0
1832,Wire to Thompson,synthetic,0
1833,Apartment 12C fee,synthetic,1
1834,Residential payment 1st of month,synthetic,1
1835,Mid-month transfer,synthetic,0
1836,Remittance to Moore,synthetic,0
1837,Transfer to Miller,synthetic,0
1838,Zelle to Davis,synthetic,0
1839,RENT - APT 5B,synthetic,1
1840,HOA fee + insurance,synthetic,0
1841,RENT>>PAYMENT,synthetic,1
1842,Rent payment (primary residence),synthetic,1
1843,Remittance to Moore,synthetic,1
1844,Remittance: DWELLING,synthetic,1
1845,Check #1234 for monthly,synthetic,0
1846,Servise payment,synthetic,0
1847,SERVICE - RECURRING,synthetic,0
1848,Rent payment ,synthetic,1
1849,500 Oak Ave payment,synthetic,1
1850,Rent payment ,synthetic,1
1851,Check #1234 for monthly (Unit 25C),synthetic,1
1852,Domicile Solutions,synthetic,1
1853,Recurring transfer to Smith,synthetic,1
1854,Domicile Solutions,synthetic,1
1855,End of month remittance,synthetic,0
1856,Complex Services,synthetic,0
1857,Unit charge for residential unit,synthetic,1
1858,Unit payment including maintenance,synthetic,1
1859,Monthly housing and utilities bundle,synthetic,1
1860,Tenancy remittance,synthetic,1
1861,Rant fee,synthetic,1
1862,Facility Solutions,synthetic,0
1863,Lease charge,synthetic,0
1864,Residential payment Calendar month,synthetic,1
1865,R3nt fee,synthetic,1
1866,Payment to Wilson,synthetic,0
1867,Residential payment 25th standing,synthetic,1
1868,Complex Services,synthetic,0
1869,Monthly payment to John,synthetic,0
1870,Residential payment Semi-monthly,synthetic,1
1871,Residential occupancy fee,synthetic,1
1872,Property remittance for residential unit,synthetic,1
1873,Servise payment,synthetic,0
1874,Tenancy payment,synthetic,1
1875,Unit payment including maintenance,synthetic,1
1876,Crib fee,synthetic,0
1877,Besides rent - insurance,synthetic,0
1878,End of month remittance,synthetic,0
1879,Lease payment,synthetic,0
1880,Residence disbursement,synthetic,1
1881,Pad payment,synthetic,1
1882,Premises fee with service charge,synthetic,1
1883,RENT: UNIT 304,synthetic,1
1884,Unit fee,synthetic,0
1885,Debit to Anderson,synthetic,1
1886,Monthly housing and utilities bundle,synthetic,1
1887,Semi-monthly residence (Unit 7A),synthetic,1
1888,Check #1234 for monthly,synthetic,0
1889,Utility fee + insurance,synthetic,0
1890,Spot payment,synthetic,1
1891,Premises Services,synthetic,0
1892,Rent payment (primary residence),synthetic,1
1893,Letting fee,synthetic,0
1894,Residential payment First Monday,synthetic,1
1895,SERVICE - RECURRING,synthetic,0
1896,Accommodation remittance including tax,synthetic,1
1897,Property fee,synthetic,0
1898,Maintenance fee + tax,synthetic,0
1899,Bi-weekly housing,synthetic,0
1900,Servise payment,synthetic,0
1901,Payment to Wilson,synthetic,0
1902,Lease payment for residential unit,synthetic,1
1903,Building Management,synthetic,1
1904,Crib fee,synthetic,1
1905,Rent(payment),synthetic,1
1906,CHARGE - AUTO,synthetic,0
1907,Rent payment (primary residence),synthetic,1
1908,Transfer to Miller,synthetic,0
1909,Property payment,synthetic,0
1910,Strata payment,synthetic,1
1911,Rent payment (primary residence),synthetic,1
1912,RENT - APT 5B,synthetic,1
1913,Service 1st of month,synthetic,0
1914,Residential payment Last day,synthetic,1
1915,Facility Solutions,synthetic,0
1916,Recurring transfer to Smith,synthetic,0
1917,Utility fee incl. services,synthetic,0
1918,Building Management,synthetic,0
1919,Unit fee,synthetic,0
1920,Place remittance,synthetic,0
1921,Monthly premises fee,synthetic,1
1922,Complex management remittance,synthetic,1
1923,Recurring 1st week,synthetic,0
1924,Maintenence payment,synthetic,0
1925,Property remittance for residential unit,synthetic,1
1926,Rant remittance,synthetic,1
1927,Premises fee with service charge,synthetic,1
1928,Rental payment,synthetic,0
1929,Zelle to Davis,synthetic,0
1930,Flat fee,synthetic,0
1931,Monthly payment to John,synthetic,0
1932,Spot payment,synthetic,1
1933,Membership First Monday,synthetic,0
1934,Membership Monthly anniversary,synthetic,0
1935,Payment to Wilson,synthetic,0
1936,Maintenance fee + tax,synthetic,0
1937,Rent payment (apartment),synthetic,1
1938,Tenancy payment,synthetic,0
1939,Apartment payment + parking,synthetic,1
1940,Condo fee,synthetic,1
1941,Residential payment 20th periodic,synthetic,1
1942,Check #1234 for monthly (Unit 29A),synthetic,1
1943,Separate from rent - deposit,synthetic,0
1944,FEE - RECURRING,synthetic,0
1945,Service 1st of month,synthetic,0
1946,Unit fee,synthetic,0
1947,Pad payment,synthetic,1
1948,Rent payment (apartment),synthetic,1
1949,Property payment,synthetic,0
1950,R3nt fee,synthetic,1
1951,Accommodation remittance including tax,synthetic,1
1952,Quarterly dwelling,synthetic,1
1953,Residential Services,synthetic,0
1954,RENT - APT 5B,synthetic,1
1955,Recurring transfer to Smith,synthetic,0
1956,Property fee,synthetic,0
1957,Utility fee incl. services,synthetic,0
1958,Facility Solutions,synthetic,0
1959,RENT>>PAYMENT,synthetic,1
1960,Distinct from rent - service,synthetic,0
1961,Lease charge,synthetic,0
1962,Complex fee,synthetic,0
1963,Complex fee,synthetic,0
1964,Residential payment 20th periodic,synthetic,1
1965,Strata payment,synthetic,1
1966,Rent payment ,synthetic,1
1967,Condo fee,synthetic,0
1968,Non-rent housing expense,synthetic,0
1969,Servise payment,synthetic,0
1970,Utilitie payment,synthetic,0
1971,UTILITY - AUTO,synthetic,0
1972,Rent payment (primary residence),synthetic,1
1973,RENT - DO NOT DELETE,synthetic,1
1974,Residential Services,synthetic,1
1975,Service fee + insurance,synthetic,0
1976,Lease fee,synthetic,0
1977,Property remittance,synthetic,0
1978,Semi-monthly residence,synthetic,0
1979,Remittance to Moore,synthetic,0
1980,Rent (missed auto),synthetic,1
1981,Recurring transfer to Smith,synthetic,0
1982,Rent payment ,synthetic,1
1983,Apartment payment + parking,synthetic,1
1984,Maintenence payment,synthetic,0
1985,Unit Management (Unit 11C),synthetic,1
1986,Distinct from rent - service,synthetic,0
1987,Lease fee for residential unit,synthetic,1
1988,Rant remittance,synthetic,1
1989,FEE - MONTHLY,synthetic,0
1990,Rent/payment,synthetic,1
1991,Letting fee,synthetic,0
1992,ACH to Johnson LLC,synthetic,0
1993,Digs payment,synthetic,0
1994,Monthly payment to John,synthetic,1
1995,Unit remittance for residential unit,synthetic,1
1996,Debit to Anderson,synthetic,0
1997,Rent (missed auto),synthetic,1
1998,Accommodation remittance including tax,synthetic,1
1999,Besides rent - insurance,synthetic,0
2000,Rent payment ,synthetic,1
2001,Bi-weekly housing,synthetic,1
2002,Subscripton payment,synthetic,0
2003,Property payment,synthetic,0
2004,Residential payment 25th standing,synthetic,1
2005,Residential payment Every 30 days,synthetic,1
2006,Rent payment ,synthetic,1
2007,Recurring 1st week,synthetic,0
2008,Real Estate Solutions,synthetic,0
2009,Periodic 30th payment,synthetic,1
2010,Crib fee,synthetic,0
2011,Check #1234 for monthly,synthetic,0
2012,Maintenence payment,synthetic,0
2013,Residential payment 5th monthly,synthetic,1
2014,UTILITY - MONTHLY,synthetic,0
2015,Tenancy payment,synthetic,0
2016,Lease charge,synthetic,0
2017,RENT PAYMENT (MONTHLY),synthetic,1
2018,Semi-monthly residence,synthetic,0
2019,Property remittance,synthetic,0
2020,First of month payment,synthetic,0
2021,Real Estate Solutions,synthetic,0
2022,Facility Solutions,synthetic,1
2023,Residential payment Quarterly,synthetic,1
2024,Unit remittance for residential unit,synthetic,1
2025,Monthly housing and utilities bundle,synthetic,1
2026,Monthly housing and utilities bundle,synthetic,1
2027,Monthly on 15th,synthetic,0
2028,RENT|AUTO,synthetic,1
2029,Abode payment plus insurance,synthetic,1
2030,Tenancy payment,synthetic,0
2031,ACH to Johnson LLC,synthetic,0
2032,Rant remittance,synthetic,1
2033,RENT - DO NOT DELETE,synthetic,1
2034,Premises Services,synthetic,0
2035,Residential payment 20th periodic,synthetic,1
2036,Subscripton payment,synthetic,0
2037,Digs payment,synthetic,0
2038,Abode payment plus insurance,synthetic,1
2039,NOT rent - utilities,synthetic,0
2040,Flat fee,synthetic,1
2041,Real Estate Solutions,synthetic,0
2042,Residential payment 20th periodic,synthetic,1
2043,Apart from rent - maintenance,synthetic,0
2044,HOA fee incl. services,synthetic,0
2045,Rent payment (primary residence),synthetic,1
2046,RENT|AUTO,synthetic,1
2047,Service 20th periodic,synthetic,0
2048,RENT #2024-001,synthetic,1
2049,Servise payment,synthetic,0
2050,Unit 7B monthly,synthetic,1
2051,Utilitie payment,synthetic,0
2052,Subscripton payment,synthetic,0
2053,RENT PAYMENT (MONTHLY),synthetic,1
2054,Unit letting,synthetic,1
2055,Unit charge for residential unit,synthetic,1
2056,Lease fee for residential unit,synthetic,1
2057,Lease charge for residential unit,synthetic,1
2058,RENT - APT 5B,synthetic,1
2059,Independent of rent - repair,synthetic,0
2060,Payment on 1st of month,synthetic,0
2061,Maintenence payment,synthetic,0
2062,Monthly payment to John,synthetic,0
2063,RENT~MONTHLY,synthetic,1
2064,Rent payment ,synthetic,1
2065,Lodgings remittance,synthetic,0
2066,Check #1234 for monthly,synthetic,0
2067,Abode disbursement,synthetic,1
2068,Membership Every 30 days,synthetic,0
2069,Real Estate Solutions,synthetic,0
2070,Residential payment Every 30 days,synthetic,1
2071,Utilitie payment,synthetic,0
2072,Service fee incl. services,synthetic,0
2073,Maintenence payment,synthetic,0
2074,Zelle to Davis,synthetic,0
2075,Crib fee,synthetic,0
2076,Accommodation remittance including tax,synthetic,1
2077,Unit payment,synthetic,0
2078,RENT~MONTHLY,synthetic,1
2079,Apart from rent - maintenance,synthetic,0
2080,Rent-pay ment,synthetic,1
2081,Excluding rent - HOA,synthetic,0
2082,Subscription 1st of month,synthetic,0
2083,Residence fee including amenities,synthetic,1
2084,CHARGE - AUTO,synthetic,0
2085,Utilitie payment,synthetic,0
2086,CHARGE - RECURRING,synthetic,0
2087,Periodic 30th payment,synthetic,0
2088,Unit letting,synthetic,1
2089,Abode payment plus insurance,synthetic,1
2090,Apartment payment + parking,synthetic,1
2091,RENT-RECURRING,synthetic,1
2092,Servise payment,synthetic,0
2093,Semi-monthly residence,synthetic,0
2094,Subscripton payment,synthetic,0
2095,Rent payment ,synthetic,1
2096,Residential Services,synthetic,0
2097,Rent payment (apartment),synthetic,1
2098,Lease charge for residential unit,synthetic,1
2099,Rent(payment),synthetic,1
2100,Subscription Monthly anniversary,synthetic,0
2101,RENT~MONTHLY,synthetic,1
2102,Maintenence payment,synthetic,0
2103,Transfer to Miller,synthetic,1
2104,Premises fee with service charge,synthetic,1
2105,Unit payment including maintenance,synthetic,1
2106,Rental payment,synthetic,0
2107,Service fee + insurance,synthetic,0
2108,HOA fee + tax,synthetic,0
2109,Complex charge,synthetic,0
2110,Rent payment (apartment),synthetic,1
2111,Unit payment including maintenance,synthetic,1
2112,Rent payment (apartment),synthetic,1
2113,Residential payment Calendar month,synthetic,1
2114,Residential payment 20th periodic,synthetic,1
2115,Letting fee,synthetic,1
2116,Semi-monthly residence,synthetic,0
2117,Independent of rent - repair,synthetic,0
2118,Residential Services,synthetic,0
2119,RENT>>PAYMENT,synthetic,1
2120,Maintenance fee incl. services,synthetic,0
2121,Payment to Wilson,synthetic,0
2122,123 Main St monthly,synthetic,1
2123,Lease payment,synthetic,0
2124,Rant remittance,synthetic,1
2125,Service fee incl. services,synthetic,0
2126,Apartment payment + parking,synthetic,1
2127,Payment to Wilson,synthetic,0
2128,Property payment for residential unit,synthetic,1
2129,Housing Associates,synthetic,0
2130,Recurring 1st week,synthetic,0
2131,Property fee,synthetic,0
2132,Transfer to Miller,synthetic,0
2133,Subscripton payment,synthetic,0
2134,Payment on 1st of month,synthetic,0
2135,Habitation remittance,synthetic,1
2136,ACH to Johnson LLC,synthetic,0
2137,Rental payment,synthetic,0
2138,Membership First Monday,synthetic,0
2139,Maintenance fee + insurance,synthetic,0
2140,Lease fee,synthetic,0
2141,Letting fee,synthetic,0
2142,Crib fee,synthetic,0
2143,Complex Services,synthetic,1
2144,R3nt fee,synthetic,1
2145,Complex fee for residential unit,synthetic,1
2146,Other than rent - tax,synthetic,0
2147,Rent payment (primary residence),synthetic,1
2148,Maintenance fee incl. services,synthetic,0
2149,Letting fee,synthetic,1
2150,Service Quarterly,synthetic,0
2151,Rnet payment,synthetic,1
2152,RENT - DO NOT DELETE,synthetic,1
2153,Rent(payment),synthetic,1
2154,Rant fee,synthetic,1
2155,ACH to Johnson LLC,synthetic,0
2156,End of month remittance,synthetic,0
2157,CHARGE - AUTO,synthetic,0
2158,Payment to Wilson,synthetic,0
2159,500 Oak Ave payment,synthetic,1
2160,RENT #2024-001,synthetic,1
2161,Complex Services,synthetic,0
2162,Utilitie payment,synthetic,0
2163,Unit payment,synthetic,0
2164,Place remittance,synthetic,0
2165,RENT: UNIT 304,synthetic,1
2166,CHARGE - MONTHLY,synthetic,0
2167,Monthly on 15th,synthetic,0
2168,Rent payment (apartment),synthetic,1
2169,Residence fee including amenities,synthetic,1
2170,First of month payment,synthetic,1
2171,Property payment,synthetic,0
2172,Zelle to Davis,synthetic,0
2173,Lease fee for residential unit,synthetic,1
2174,Membership First Monday,synthetic,0
2175,Subscription 10th recurring,synthetic,0
2176,Bi-weekly housing,synthetic,0
2177,Unit Management,synthetic,0
2178,FEE - RECURRING,synthetic,0
2179,RENT|AUTO,synthetic,1
2180,Ren tpayment,synthetic,1
2181,Complex charge for residential unit,synthetic,1
2182,Accommodation remittance including tax,synthetic,1
2183,Housing Associates,synthetic,0
2184,Building fee,synthetic,0
2185,Rentt disbursement,synthetic,1
2186,HOA fee incl. services,synthetic,0
2187,UTILITY - AUTO,synthetic,0
2188,Property Services LLC (Unit 8C),synthetic,1
2189,Maintenance fee + tax,synthetic,0
2190,Subscription 1st of month,synthetic,0
2191,Check #1234 for monthly,synthetic,0
2192,CHARGE - AUTO,synthetic,0
2193,Maintenance fee + insurance,synthetic,0
2194,Digs payment,synthetic,0
2195,HOA fee incl. services,synthetic,0
2196,RENT: UNIT 304,synthetic,1
2197,HOA fee + insurance,synthetic,0
2198,RENT-RECURRING,synthetic,1
2199,Residential Services,synthetic,0
2200,Complex charge,synthetic,0
2201,Mid-month transfer,synthetic,0
2202,RENT_INVOICE_001,synthetic,1
2203,First of month payment,synthetic,0
2204,Bi-weekly housing,synthetic,1
2205,Unit disbursement for residential unit,synthetic,1
2206,Unit letting,synthetic,0
2207,Property Services LLC,synthetic,0
2208,Residence fee including amenities,synthetic,1
2209,Payment to Wilson (Unit 15C),synthetic,1
2210,Lodging remittance,synthetic,1
2211,Pad payment,synthetic,0
2212,Unit letting,synthetic,0
2213,Complex charge,synthetic,0
2214,RENT - DO NOT DELETE,synthetic,1
2215,Complex charge,synthetic,0
2216,Periodic 30th payment (Unit 40B),synthetic,1
2217,Rent payment (apartment),synthetic,1
2218,Residence fee including amenities,synthetic,1
2219,Unit letting,synthetic,1
2220,Maintenance fee + insurance,synthetic,0
2221,Residential payment Semi-monthly,synthetic,1
2222,ACH to Johnson LLC,synthetic,0
2223,Residential payment Monthly anniversary,synthetic,1
2224,Complex management remittance,synthetic,1
2225,SERVICE - MONTHLY,synthetic,0
2226,Housing Associates,synthetic,0
2227,Rent payment ,synthetic,1
2228,Landlord services payment,synthetic,1
2229,Building fee for residential unit,synthetic,1
2230,Premises fee with service charge,synthetic,1
2231,Residential payment Semi-monthly,synthetic,1
2232,Ref: RES-UNIT-5B,synthetic,1
2233,Residential payment 5th monthly,synthetic,1
2234,Debit to Anderson,synthetic,1
2235,Membership Quarterly,synthetic,0
2236,Utilitie payment,synthetic,0
2237,My unit disbursement,synthetic,1
2238,Maintenance fee + insurance,synthetic,0
2239,Non-rent housing expense,synthetic,0
2240,Other than rent - tax,synthetic,0
2241,Servise payment,synthetic,0
2242,Property payment for residential unit,synthetic,1
2243,Lodgings remittance,synthetic,0
2244,Residential payment 15th auto,synthetic,1
2245,Monthly housing and utilities bundle,synthetic,1
2246,Lodging remittance,synthetic,1
2247,Debit to Anderson,synthetic,0
2248,Membership Quarterly,synthetic,0
2249,SERVICE - RECURRING,synthetic,0
2250,Rentt disbursement,synthetic,1
2251,For 303 Parkview,synthetic,1
2252,Rental payment,synthetic,0
2253,Condo fee,synthetic,1
2254,Transfer to Miller,synthetic,0
2255,Rent payment (primary residence),synthetic,1
2256,Rnet payment,synthetic,1
2257,Complex payment,synthetic,0
2258,Zelle to Davis,synthetic,1
2259,Strata payment,synthetic,1
2260,Unit payment including maintenance,synthetic,1
2261,Unit remittance for residential unit,synthetic,1
2262,Rant fee,synthetic,1
2263,RENT~MONTHLY,synthetic,1
2264,Membership 15th auto,synthetic,0
2265,Subscription 10th recurring,synthetic,0
2266,Residential payment 10th recurring,synthetic,1
2267,Rent payment (apartment),synthetic,1
2268,Subscription Last day,synthetic,0
2269,Property fee,synthetic,0
2270,Bi-weekly housing,synthetic,1
2271,Property fee,synthetic,0
2272,Besides rent - insurance,synthetic,0
2273,Independent of rent - repair,synthetic,0
2274,Residential payment Quarterly,synthetic,1
2275,Rent payment (primary residence),synthetic,1
2276,Membership Semi-monthly,synthetic,0
2277,Domicile disbursement,synthetic,1
2278,Residential payment 20th periodic,synthetic,1
2279,Complex fee,synthetic,0
2280,Rent payment (apartment),synthetic,1
2281,Service Every 30 days,synthetic,0
2282,Building administration fee,synthetic,1
2283,Lodgings remittance,synthetic,0
2284,Service 25th standing,synthetic,0
2285,Payment on 1st of month,synthetic,1
2286,RENT-RECURRING,synthetic,1
2287,Subscription 1st of month,synthetic,0
2288,Separate from rent - deposit,synthetic,0
2289,RENT>>PAYMENT,synthetic,1
2290,Unit fee for residential unit,synthetic,1
2291,Servise payment,synthetic,0
2292,Building Management,synthetic,0
2293,RENT: UNIT 304,synthetic,1
2294,RENT: UNIT 304,synthetic,1
2295,Premises Services,synthetic,0
2296,Check #1234 for monthly,synthetic,0
2297,Premises maintenance remittance,synthetic,1
2298,R3nt fee,synthetic,1
2299,Subscripton payment,synthetic,0
2300,Tenancy payment,synthetic,0
2301,Habitation remittance,synthetic,1
2302,Accommodation remittance including tax,synthetic,1
2303,Additional to rent - fee,synthetic,0
2304,Utilitie payment,synthetic,0
2305,HOA fee + tax,synthetic,0
2306,Periodic 30th payment,synthetic,1
2307,Spot payment,synthetic,0
2308,Independent of rent - repair,synthetic,0
2309,Excluding rent - HOA,synthetic,0
2310,Service Quarterly,synthetic,0
2311,Lodgings remittance,synthetic,1
2312,Unit payment for residential unit,synthetic,1
2313,Domicile Solutions,synthetic,0
2314,Check #1234 for monthly,synthetic,0
2315,Facility Solutions,synthetic,0
2316,Accommodation remittance including tax,synthetic,1
2317,Servise payment,synthetic,0
2318,Besides rent - insurance,synthetic,0
2319,Pad payment,synthetic,0
2320,Digs payment,synthetic,1
2321,CHARGE - MONTHLY,synthetic,0
2322,Besides rent - insurance,synthetic,0
2323,Monthly payment to John,synthetic,0
2324,Residential payment First Monday,synthetic,1
2325,Dwelling disbursement plus fees,synthetic,1
2326,Subscripton payment,synthetic,0
2327,Unit payment including maintenance,synthetic,1
2328,Complex fee,synthetic,0
2329,Domicile Solutions,synthetic,0
2330,My unit disbursement,synthetic,1
2331,Residential Services,synthetic,0
2332,Premises Services,synthetic,1
2333,Habitation remittance,synthetic,1
2334,Ren tpayment,synthetic,1
2335,Strata payment,synthetic,0
2336,Rent payment ,synthetic,1
2337,Rent with included services,synthetic,1
2338,Flat fee,synthetic,1
2339,HOA fee incl. services,synthetic,0
2340,Unit charge,synthetic,0
2341,Monthly payment to John,synthetic,0
2342,Complex payment,synthetic,0
2343,HOA fee + tax,synthetic,0
2344,Recurring transfer to Smith,synthetic,0
2345,Rent (missed auto),synthetic,1
2346,Service fee incl. services,synthetic,0
2347,RENT - DO NOT DELETE,synthetic,1
2348,Subscripton payment,synthetic,0
2349,Monthly housing and utilities bundle,synthetic,1
2350,Property fee,synthetic,0
2351,Residential Services,synthetic,1
2352,Rant fee,synthetic,1
2353,Rent..payment,synthetic,1
2354,Rent payment (apartment),synthetic,1
2355,Servise payment,synthetic,0
2356,NOT rent - utilities,synthetic,0
2357,Payment to Wilson,synthetic,0
2358,Rent payment ,synthetic,1
2359,Utilitie payment,synthetic,0
2360,Monthly on 15th,synthetic,0
2361,Housing Associates,synthetic,0
2362,Rent-paymnt,synthetic,1
2363,Debit to Anderson,synthetic,1
2364,Unit remittance for residential unit,synthetic,1
2365,Residential facility fee,synthetic,1
2366,Lease obligation payment,synthetic,1
2367,Ren tpayment,synthetic,1
2368,HOA fee + tax,synthetic,0
2369,Apartment payment + parking,synthetic,1
2370,Habitation remittance,synthetic,1
2371,Rent with included services,synthetic,1
2372,RENT: UNIT 304,synthetic,1
2373,Utility fee incl. services,synthetic,0
2374,HOA fee incl. services,synthetic,0
2375,Building payment,synthetic,0
2376,Accommodation remittance including tax,synthetic,1
2377,Rant fee,synthetic,1
2378,Residential payment First Monday,synthetic,1
2379,Lease payment for residential unit,synthetic,1
2380,RENT - APT 5B,synthetic,1
2381,HOA fee incl. services,synthetic,0
2382,Service 20th periodic,synthetic,0
2383,Facility Solutions (Unit 25C),synthetic,1
2384,RENT>>PAYMENT,synthetic,1
2385,Debit to Anderson,synthetic,1
2386,Maintenence payment,synthetic,0
2387,Unit letting,synthetic,0
2388,Besides rent - insurance,synthetic,0
2389,Abode payment plus insurance,synthetic,1
2390,Rent payment (apartment),synthetic,1
2391,Property payment for residential unit,synthetic,1
2392,Rental payment,synthetic,0
2393,Premises fee with service charge,synthetic,1
2394,Abode payment plus insurance,synthetic,1
2395,Unit payment including maintenance,synthetic,1
2396,My unit disbursement,synthetic,1
2397,Besides rent - insurance,synthetic,0
2398,SERVICE - MONTHLY,synthetic,0
2399,ACH to Johnson LLC,synthetic,0
2400,Lease payment,synthetic,0
2401,CHARGE - AUTO,synthetic,0
2402,Lease fee for residential unit,synthetic,1
2403,Dwelling disbursement plus fees,synthetic,1
2404,Flat fee,synthetic,0
2405,Crib fee,synthetic,0
2406,Maintenance fee incl. services,synthetic,0
2407,Rent (missed auto),synthetic,1
2408,CHARGE - RECURRING,synthetic,0
2409,Building payment,synthetic,0
2410,End of month remittance,synthetic,0
2411,Digs payment,synthetic,0
2412,Rent payment (primary residence),synthetic,1
2413,RENT #2024-001,synthetic,1
2414,Rent payment ,synthetic,1
2415,Besides rent - insurance,synthetic,0
2416,Unit Management,synthetic,0
2417,Apartment payment + parking,synthetic,1
2418,Bi-weekly housing,synthetic,0
2419,Monthly payment to John (Unit 20B),synthetic,1
2420,Premises maintenance remittance,synthetic,1
2421,Utilitie payment,synthetic,0
2422,Maintenence payment,synthetic,0
2423,Habitation remittance,synthetic,1
2424,Building payment for residential unit,synthetic,1
2425,Service fee incl. services,synthetic,0
2426,Lease fee,synthetic,0
2427,Building payment,synthetic,0
2428,RENT|AUTO,synthetic,1
2429,Utilitie payment,synthetic,0
2430,Debit to Anderson,synthetic,0
2431,ACH to Johnson LLC,synthetic,0
2432,Unit letting,synthetic,1
2433,Rent (missed auto),synthetic,1
2434,Quarterly dwelling,synthetic,0
2435,UTILITY - RECURRING,synthetic,0
2436,RENT>>PAYMENT,synthetic,1
2437,Payment on 1st of month,synthetic,1
2438,Rent payment (primary residence),synthetic,1
2439,Membership 25th standing,synthetic,0
2440,Condo fee,synthetic,0
2441,Semi-monthly residence,synthetic,0
2442,Monthly payment to John,synthetic,0
2443,Servise payment,synthetic,0
2444,Residential payment 20th periodic,synthetic,1
2445,Separate from rent - deposit,synthetic,0
2446,Property payment for residential unit,synthetic,1
2447,Periodic 30th payment,synthetic,1
2448,Building fee for residential unit,synthetic,1
2449,Letting fee,synthetic,1
2450,Additional to rent - fee,synthetic,0
2451,UTILITY - RECURRING,synthetic,0
2452,Residential payment Last day,synthetic,1
2453,Quarterly dwelling,synthetic,0
2454,Unit remittance for residential unit,synthetic,1
2455,Rental payment,synthetic,1
2456,Rent/payment,synthetic,1
2457,Building Management,synthetic,0
2458,Spot payment,synthetic,0
2459,Servise payment,synthetic,0
2460,Property fee,synthetic,0
2461,Place remittance,synthetic,1
2462,Flat fee,synthetic,1
2463,Domicile Solutions,synthetic,0
2464,Rent payment (primary residence),synthetic,1
2465,Transfer to Miller,synthetic,0
2466,Rent payment ,synthetic,1
2467,Pad payment,synthetic,0
2468,Condo fee,synthetic,1
2469,Remittance to Moore,synthetic,0
2470,Letting fee,synthetic,0
2471,Rent with included services,synthetic,1
2472,Pad payment,synthetic,1
2473,Rent payment (primary residence),synthetic,1
2474,Housing Associates,synthetic,1
2475,HOA fee + insurance,synthetic,0
2476,Debit to Anderson,synthetic,0
2477,Residential payment 10th recurring,synthetic,1
2478,Facility Solutions,synthetic,0
2479,Facility Solutions,synthetic,0
2480,Where I live payment,synthetic,1
2481,CHARGE - MONTHLY,synthetic,0
2482,SERVICE - MONTHLY,synthetic,0
2483,Debit to Anderson,synthetic,0
2484,Rent payment ,synthetic,1
2485,Mid-month transfer,synthetic,0
2486,Lease charge,synthetic,0
2487,Residential payment Semi-monthly,synthetic,1
2488,Property remittance for residential unit,synthetic,1
2489,Flat fee,synthetic,0
2490,Accommodation remittance including tax,synthetic,1
2491,Periodic 30th payment,synthetic,1
2492,CHARGE - MONTHLY,synthetic,0
2493,HOA fee incl. services,synthetic,0
2494,Flat fee,synthetic,1
2495,Complex charge,synthetic,0
2496,Maintenance fee + insurance,synthetic,0
2497,Maintenence payment,synthetic,0
2498,Residential payment Calendar month,synthetic,1
2499,Building Management,synthetic,0
2500,Utility fee + insurance,synthetic,0
2501,Service Semi-monthly,synthetic,0
2502,Residential payment Monthly anniversary,synthetic,1
2503,CHARGE - MONTHLY,synthetic,0
2504,RENT~MONTHLY,synthetic,1
2505,UTILITY - RECURRING,synthetic,0
2506,Unit payment,synthetic,0
2507,Remittance: DWELLING,synthetic,1
2508,RENT_INVOICE_001,synthetic,1
2509,UTILITY - RECURRING,synthetic,0
2510,UTILITY - AUTO,synthetic,0
2511,Residential payment 25th standing,synthetic,1
2512,Where I live payment,synthetic,1
2513,RENT - DO NOT DELETE,synthetic,1
2514,Pad payment,synthetic,1
2515,UTILITY - RECURRING,synthetic,0
2516,Lease obligation payment,synthetic,1
2517,Wire to Thompson,synthetic,0
2518,Payment on 1st of month,synthetic,1
2519,Rent..payment,synthetic,1
2520,Servise payment,synthetic,0
2521,FEE - RECURRING,synthetic,0
2522,Bi-weekly housing,synthetic,0
2523,Membership Last day,synthetic,0
2524,Crib fee,synthetic,1
2525,Rent..payment,synthetic,1
2526,Residential facility fee,synthetic,1
2527,Dwelling remittance,synthetic,1
2528,Service fee + tax,synthetic,0
2529,Rent payment (primary residence),synthetic,1
2530,Semi-monthly residence,synthetic,0
2531,SERVICE - RECURRING,synthetic,0
2532,Rent payment (primary residence),synthetic,1
2533,Facility Solutions,synthetic,0
2534,Unit Management,synthetic,0
2535,Check #1234 for monthly,synthetic,0
2536,Semi-monthly residence,synthetic,0
2537,Rent payment (apartment),synthetic,1
2538,Lease fee,synthetic,0
2539,SERVICE - AUTO,synthetic,0
2540,Complex payment,synthetic,0
2541,Condo fee,synthetic,0
2542,Lodgings remittance,synthetic,1
2543,Spot payment,synthetic,0
2544,Check #1234 for monthly (Unit 1C),synthetic,1
2545,Quarterly dwelling,synthetic,0
2546,Rent payment (primary residence),synthetic,1
2547,RENT - DO NOT DELETE,synthetic,1
2548,Residential Services,synthetic,1
2549,Residential payment Semi-monthly,synthetic,1
2550,Rant remittance,synthetic,1
2551,Rent payment (apartment),synthetic,1
2552,Dwelling disbursement plus fees,synthetic,1
2553,Real Estate Solutions,synthetic,0
2554,Rant remittance,synthetic,1
2555,RENT #2024-001,synthetic,1
2556,Domicile Solutions,synthetic,0
2557,HOA fee + insurance,synthetic,0
2558,Rent payment (primary residence),synthetic,1
2559,Domicile disbursement,synthetic,1
2560,Membership Semi-monthly,synthetic,0
2561,Residential payment Bi-weekly,synthetic,1
2562,Tenancy payment,synthetic,1
2563,Rent payment ,synthetic,1
2564,Rent payment (primary residence),synthetic,1
2565,Maintenance fee + tax,synthetic,0
2566,Periodic domicile remittance,synthetic,1
2567,Distinct from rent - service,synthetic,0
2568,Residential payment 25th standing,synthetic,1
2569,ACH to Johnson LLC,synthetic,0
2570,Non-rent housing expense,synthetic,0
2571,Distinct from rent - service,synthetic,0
2572,Transfer to Miller,synthetic,1
2573,Housing Associates,synthetic,0
2574,Unit fee for residential unit,synthetic,1
2575,Letting fee,synthetic,0
2576,CHARGE - AUTO,synthetic,0
2577,Place I stay remittance,synthetic,1
2578,Residential payment Every 30 days,synthetic,1
2579,Residential payment First Monday,synthetic,1
2580,Unit payment including maintenance,synthetic,1
2581,Rent payment (apartment),synthetic,1
2582,Monthly payment to John,synthetic,0
2583,Non-rent housing expense,synthetic,0
2584,Payment on 1st of month,synthetic,1
2585,Rent ;payment,synthetic,1
2586,Service Every 30 days,synthetic,0
2587,Strata payment,synthetic,0
2588,Recurring 1st week,synthetic,1
2589,UTILITY - AUTO,synthetic,0
2590,Residential payment 15th auto,synthetic,1
2591,First of month payment,synthetic,0
2592,Strata payment,synthetic,1
2593,Crib fee,synthetic,1
2594,Residential Services,synthetic,0
2595,Subscription 5th monthly,synthetic,0
2596,Residential payment 15th auto,synthetic,1
2597,Pad payment,synthetic,0
2598,HOA fee + insurance,synthetic,0
2599,SERVICE - RECURRING,synthetic,0
2600,Residence fee including amenities,synthetic,1
2601,Complex Services,synthetic,0
2602,First of month payment,synthetic,0
2603,Payment to Wilson,synthetic,1
2604,Unit letting,synthetic,0
2605,Residential payment Last day,synthetic,1
2606,Rent payment ,synthetic,1
2607,Unit charge for residential unit,synthetic,1
2608,Residential payment 15th auto,synthetic,1
2609,Residential Services,synthetic,0
2610,CHARGE - AUTO,synthetic,0
2611,Utilitie payment,synthetic,0
2612,Complex charge,synthetic,0
2613,Accommodation disbursement,synthetic,1
2614,Unit payment for residential unit,synthetic,1
2615,Wire to Thompson,synthetic,1
2616,Subscripton payment,synthetic,0
2617,HOA fee + tax,synthetic,0
2618,Service 15th auto,synthetic,0
2619,Service fee + tax,synthetic,0
2620,Letting fee,synthetic,0
2621,Unit disbursement,synthetic,0
2622,Maintenence payment,synthetic,0
2623,Accommodation remittance including tax,synthetic,1
2624,RENT - APT 5B,synthetic,1
2625,Residential payment Semi-monthly,synthetic,1
2626,Servise payment,synthetic,0
2627,Property remittance,synthetic,0
2628,Service fee + tax,synthetic,0
2629,Subscripton payment,synthetic,0
2630,UTILITY - MONTHLY,synthetic,0
2631,Property fee,synthetic,0
2632,Housing allocation payment,synthetic,1
2633,Payment on 1st of month,synthetic,0
2634,Rent payment ,synthetic,1
2635,First of month payment,synthetic,0
2636,Other than rent - tax,synthetic,0
2637,Service fee + insurance,synthetic,0
2638,Membership 10th recurring,synthetic,0
2639,Service 15th auto,synthetic,0
2640,Quarterly dwelling,synthetic,0
2641,RENT PAYMENT (MONTHLY),synthetic,1
2642,Residential Services,synthetic,0
2643,Rent payment (apartment),synthetic,1
2644,FEE - RECURRING,synthetic,0
2645,Housing Associates,synthetic,0
2646,Recurring transfer to Smith,synthetic,0
2647,Lodgings remittance,synthetic,0
2648,Periodic domicile remittance,synthetic,1
2649,Dwelling disbursement plus fees,synthetic,1
2650,Subscripton payment,synthetic,0
2651,RENT PAYMENT (MONTHLY),synthetic,1
2652,Rent ;payment,synthetic,1
2653,Utility fee + insurance,synthetic,0
2654,Place remittance,synthetic,1
2655,Monthly on 15th,synthetic,0
2656,Habitation remittance with utilities,synthetic,1
2657,Premises Services (Unit 5C),synthetic,1
2658,Lease payment,synthetic,0
2659,Apart from rent - maintenance,synthetic,0
2660,RENT - APT 5B,synthetic,1
2661,RENT-RECURRING,synthetic,1
2662,RENT_INVOICE_001,synthetic,1
2663,Lease charge for residential unit,synthetic,1
2664,Residential payment 15th auto,synthetic,1
2665,Rent..payment,synthetic,1
2666,Utilitie payment,synthetic,0
2667,Pad payment,synthetic,0
2668,Complex payment for residential unit,synthetic,1
2669,Unit letting,synthetic,0
2670,Maintenance fee + insurance,synthetic,0
2671,Apartment payment + parking,synthetic,1
2672,Wire to Thompson,synthetic,0
2673,RENT>>PAYMENT,synthetic,1
2674,Pad payment,synthetic,1
2675,Residential payment Semi-monthly,synthetic,1
2676,Habitation remittance with utilities,synthetic,1
2677,Subscription 25th standing,synthetic,0
2678,Complex Services,synthetic,1
2679,Ren tpayment,synthetic,1
2680,Subscription Bi-weekly,synthetic,0
2681,Zelle to Davis,synthetic,0
2682,Residential payment Semi-monthly,synthetic,1
2683,End of month remittance,synthetic,0
2684,Check #1234 for monthly,synthetic,1
2685,Rent with included services,synthetic,1
2686,Rent-paymnt,synthetic,1
2687,Utility fee + insurance,synthetic,0
2688,Condo fee,synthetic,1
2689,Debit to Anderson,synthetic,0
2690,FEE - AUTO,synthetic,0
2691,Rental payment,synthetic,0
2692,Building payment,synthetic,0
2693,Maintenence payment,synthetic,0
2694,RENT-RECURRING,synthetic,1
2695,Remittance to Moore,synthetic,1
2696,Dwelling remittance,synthetic,1
2697,Distinct from rent - service,synthetic,0
2698,My house monthly,synthetic,1
2699,HOA fee + tax,synthetic,0
2700,CHARGE - AUTO,synthetic,0
2701,RENT PAYMENT (MONTHLY),synthetic,1
2702,Rent/payment,synthetic,1
2703,Monthly housing and utilities bundle,synthetic,1
2704,Unit letting,synthetic,1
2705,Wire to Thompson,synthetic,0
2706,Maintenence payment,synthetic,0
2707,Debit to Anderson,synthetic,0
2708,RENT~MONTHLY,synthetic,1
2709,Lodgings remittance,synthetic,0
2710,Rent with included services,synthetic,1
2711,Complex fee for residential unit,synthetic,1
2712,RENT: UNIT 304,synthetic,1
2713,Unit remittance for residential unit,synthetic,1
2714,RENT|AUTO,synthetic,1
2715,First of month payment,synthetic,0
2716,RENT #2024-001,synthetic,1
2717,CHARGE - AUTO,synthetic,0
2718,Wire to Thompson,synthetic,0
2719,Service Every 30 days,synthetic,0
2720,Residential payment Bi-weekly,synthetic,1
2721,R3nt fee,synthetic,1
2722,Rent-paymnt,synthetic,1
2723,Maintenance fee incl. services,synthetic,0
2724,Utilitie payment,synthetic,0
2725,RENT>>PAYMENT,synthetic,1
2726,RENT>>PAYMENT,synthetic,1
2727,Rent..payment,synthetic,1
2728,SERVICE - MONTHLY,synthetic,0
2729,Monthly on 15th,synthetic,0
2730,Recurring habitation expenditure,synthetic,1
2731,Excluding rent - HOA,synthetic,0
2732,Wire to Thompson,synthetic,0
2733,Subscripton payment,synthetic,0
2734,Complex payment for residential unit,synthetic,1
2735,Mid-month transfer,synthetic,0
2736,Flat fee,synthetic,0
2737,Debit to Anderson (Unit 38A),synthetic,1
2738,Rent(payment),synthetic,1
2739,Servise payment,synthetic,0
2740,Building fee,synthetic,0
2741,Invoice: RESIDENCE,synthetic,1
2742,Facility Solutions (Unit 11C),synthetic,1
2743,UTILITY - RECURRING,synthetic,0
2744,Bi-weekly housing,synthetic,0
2745,Rent (missed auto),synthetic,1
2746,Membership Semi-monthly,synthetic,0
2747,Rent payment (apartment),synthetic,1
2748,Rent payment ,synthetic,1
2749,Place remittance,synthetic,1
2750,Tenancy payment,synthetic,1
2751,NOT rent - utilities,synthetic,0
2752,Premises Services,synthetic,0
2753,123 Main St monthly,synthetic,1
2754,Ren tpayment,synthetic,1
2755,Subscription First Monday,synthetic,0
2756,Invoice #APT2024-001,synthetic,1
2757,Separate from rent - deposit,synthetic,0
2758,Monthly on 15th,synthetic,1
2759,CHARGE - MONTHLY,synthetic,0
2760,RENT - APT 5B,synthetic,1
2761,Property Services LLC,synthetic,0
2762,Crib fee,synthetic,1
2763,Transfer to Miller,synthetic,1
2764,Transfer to Miller,synthetic,0
2765,Periodic 30th payment,synthetic,1
2766,ACH to Johnson LLC,synthetic,0
2767,Maintenance fee + tax,synthetic,0
2768,Recurring transfer to Smith,synthetic,1
2769,First of month payment,synthetic,0
2770,Rent payment ,synthetic,1
2771,Recurring transfer to Smith,synthetic,1
2772,Monthly housing and utilities bundle,synthetic,1
2773,Lease charge for residential unit,synthetic,1
2774,Residential payment 1st of month,synthetic,1
2775,Residential payment Last day,synthetic,1
2776,Residential payment 25th standing,synthetic,1
2777,Unit payment,synthetic,0
2778,Unit charge,synthetic,0
2779,Non-rent housing expense,synthetic,0
2780,Unit letting,synthetic,0
2781,Subscription Quarterly,synthetic,0
2782,Residential payment 5th monthly,synthetic,1
2783,RENT - DO NOT DELETE,synthetic,1
2784,Ren tpayment,synthetic,1
2785,Recurring transfer to Smith,synthetic,0
2786,Spot payment,synthetic,0
2787,Unit charge,synthetic,0
2788,Residential payment 25th standing,synthetic,1
2789,Letting fee,synthetic,0
2790,Distinct from rent - service,synthetic,0
2791,Distinct from rent - service,synthetic,0
2792,Zelle to Davis,synthetic,1
2793,Accommodation remittance including tax,synthetic,1
2794,Rent payment (primary residence),synthetic,1
2795,Lease charge for residential unit,synthetic,1
2796,Building payment for residential unit,synthetic,1
2797,Unit fee for residential unit,synthetic,1
2798,CHARGE - AUTO,synthetic,0
2799,Unit Management,synthetic,1
2800,Rent payment (apartment),synthetic,1
2801,Tenancy payment,synthetic,0
2802,Pad payment,synthetic,0
2803,HOA fee + insurance,synthetic,0
2804,Flat fee,synthetic,0
2805,RENT~MONTHLY,synthetic,1
2806,Invoice: RESIDENCE,synthetic,1
2807,Place remittance,synthetic,1
2808,Residential payment Quarterly,synthetic,1
2809,Unit letting,synthetic,0
2810,Premises Services,synthetic,0
2811,HOA fee + insurance,synthetic,0
2812,Additional to rent - fee,synthetic,0
2813,Servise payment,synthetic,0
2814,End of month remittance,synthetic,0
2815,Residential Services,synthetic,1
2816,Service fee + tax,synthetic,0
2817,Remittance to Moore (Unit 49B),synthetic,1
2818,Property Services LLC,synthetic,0
2819,Subscription 5th monthly,synthetic,0
2820,Semi-monthly residence,synthetic,0
2821,Distinct from rent - service,synthetic,0
2822,Subscription 1st of month,synthetic,0
2823,Check #1234 for monthly,synthetic,0
2824,Real Estate Solutions,synthetic,0
2825,Crib fee,synthetic,1
2826,Unit 7B monthly,synthetic,1
2827,Monthly on 15th,synthetic,0
2828,Servise payment,synthetic,0
2829,Subscripton payment,synthetic,0
2830,Servise payment,synthetic,0
2831,Bi-weekly housing,synthetic,0
2832,Utilitie payment,synthetic,0
2833,Complex payment for residential unit,synthetic,1
2834,Lodgings remittance,synthetic,0
2835,Quarterly dwelling,synthetic,0
2836,Other than rent - tax,synthetic,0
2837,Quarterly dwelling,synthetic,1
2838,RENT: UNIT 304,synthetic,1
2839,Habitation remittance with utilities,synthetic,1
2840,Rental payment,synthetic,0
2841,Place remittance,synthetic,0
2842,Residential payment 25th standing,synthetic,1
2843,RENT PAYMENT (MONTHLY),synthetic,1
2844,Payment to Wilson,synthetic,0
2845,Rent payment (apartment),synthetic,1
2846,Residential payment Quarterly,synthetic,1
2847,Strata payment,synthetic,1
2848,Dwelling remittance,synthetic,1
2849,Unit payment including maintenance,synthetic,1
2850,RENT>>PAYMENT,synthetic,1
2851,My apartment payment,synthetic,1
2852,Membership 15th auto,synthetic,0
2853,Letting fee,synthetic,1
2854,Property remittance for residential unit,synthetic,1
2855,Mid-month transfer,synthetic,1
2856,Membership Every 30 days,synthetic,0
2857,Rent payment (apartment),synthetic,1
2858,Property payment for residential unit,synthetic,1
2859,Ref: RES-UNIT-5B,synthetic,1
2860,Distinct from rent - service,synthetic,0
2861,Unit Management,synthetic,0
2862,Lease payment,synthetic,0
2863,Crib fee,synthetic,1
2864,Additional to rent - fee,synthetic,0
2865,Lodgings remittance,synthetic,1
2866,SERVICE - RECURRING,synthetic,0
2867,Subscription Monthly anniversary,synthetic,0
2868,Non-rent housing expense,synthetic,0
2869,Place remittance,synthetic,1
2870,Excluding rent - HOA,synthetic,0
2871,Where I live payment,synthetic,1
2872,Facility Solutions,synthetic,0
2873,Landlord services payment,synthetic,1
2874,Rent with included services,synthetic,1
2875,Debit to Anderson,synthetic,0
2876,Dwelling disbursement plus fees,synthetic,1
2877,Premises fee with service charge,synthetic,1
2878,Residential payment Bi-weekly,synthetic,1
2879,Utility fee + tax,synthetic,0
2880,RENT: UNIT 304,synthetic,1
2881,Periodic 30th payment,synthetic,1
2882,Habitation remittance,synthetic,1
2883,Recurring 1st week,synthetic,1
2884,End of month remittance,synthetic,0
2885,Building payment for residential unit,synthetic,1
2886,Rent-pay ment,synthetic,1
2887,Residential payment Every 30 days,synthetic,1
2888,Rent..payment,synthetic,1
2889,Semi-monthly residence,synthetic,0
2890,NOT rent - utilities,synthetic,0
2891,Rent payment (apartment),synthetic,1
2892,Strata payment,synthetic,0
2893,Subscription 20th periodic,synthetic,0
2894,Service Every 30 days,synthetic,0
2895,Residential payment 10th recurring,synthetic,1
2896,Residential payment Monthly anniversary,synthetic,1
2897,Utility fee + tax,synthetic,0
2898,Utility fee + tax,synthetic,0
2899,Service fee + tax,synthetic,0
2900,Service Quarterly,synthetic,0
2901,Maintenence payment,synthetic,0
2902,Building disbursement for residential unit,synthetic,1
2903,Maintenance fee + tax,synthetic,0
2904,Rentt disbursement,synthetic,1
2905,Transfer to Miller,synthetic,0
2906,Rnet payment,synthetic,1
2907,Subscription 15th auto,synthetic,0
2908,Crib fee,synthetic,1
2909,Complex charge for residential unit,synthetic,1
2910,Recurring transfer to Smith,synthetic,0
2911,Apartment 12C fee,synthetic,1
2912,NOT rent - utilities,synthetic,0
2913,Accommodation remittance including tax,synthetic,1
2914,Remittance: DWELLING,synthetic,1
2915,Wire to Thompson,synthetic,0
2916,Unit remittance for residential unit,synthetic,1
2917,Crib fee,synthetic,0
2918,Unit disbursement for residential unit,synthetic,1
2919,RENT-RECURRING,synthetic,1
2920,Monthly payment to John,synthetic,0
2921,Debit to Anderson,synthetic,0
2922,Lease payment,synthetic,0
2923,Rent/payment,synthetic,1
2924,Rent payment ,synthetic,1
2925,Building Management,synthetic,1
2926,RENT - DO NOT DELETE,synthetic,1
2927,Accommodation remittance including tax,synthetic,1
2928,Condo fee,synthetic,1
2929,Digs payment,synthetic,1
2930,RENT>>PAYMENT,synthetic,1
2931,Letting fee,synthetic,1
2932,Unit letting,synthetic,1
2933,Semi-monthly residence,synthetic,1
2934,Recurring transfer to Smith (Unit 14C),synthetic,1
2935,Residential payment 1st of month,synthetic,1
2936,Debit to Anderson,synthetic,0
2937,Residence disbursement,synthetic,1
2938,Residential payment Every 30 days,synthetic,1
2939,Unit remittance,synthetic,0
2940,Property management remittance,synthetic,1
2941,Residential payment 1st of month,synthetic,1
2942,Unit disbursement,synthetic,0
2943,Domicile Solutions (Unit 44C),synthetic,1
2944,Strata payment,synthetic,1
2945,FEE - MONTHLY,synthetic,0
2946,Residential payment Last day,synthetic,1
2947,CHARGE - RECURRING,synthetic,0
2948,Servise payment,synthetic,0
2949,Building fee,synthetic,0
2950,Service fee incl. services,synthetic,0
2951,Excluding rent - HOA,synthetic,0
2952,Residential payment 20th periodic,synthetic,1
2953,Flat fee,synthetic,0
2954,Rent(payment),synthetic,1
2955,Residential payment Every 30 days,synthetic,1
2956,Property Services LLC,synthetic,0
2957,UTILITY - RECURRING,synthetic,0
2958,ACH to Johnson LLC,synthetic,1
2959,Lease payment,synthetic,0
2960,Subscripton payment,synthetic,0
2961,Complex charge,synthetic,0
2962,Membership Semi-monthly,synthetic,0
2963,Property Services LLC,synthetic,0
2964,Membership 20th periodic,synthetic,0
2965,Ren tpayment,synthetic,1
2966,RENT - DO NOT DELETE,synthetic,1
2967,Unit disbursement for residential unit,synthetic,1
2968,Residential payment Quarterly,synthetic,1
2969,Building disbursement,synthetic,0
2970,HOA fee + tax,synthetic,0
2971,Residence fee including amenities,synthetic,1
2972,Unit 7B monthly,synthetic,1
2973,Real Estate Solutions,synthetic,0
2974,Monthly on 15th,synthetic,0
2975,Service fee incl. services,synthetic,0
2976,Residential payment First Monday,synthetic,1
2977,Building Management,synthetic,0
2978,UTILITY - MONTHLY,synthetic,0
2979,Residential payment First Monday,synthetic,1
2980,Service fee + tax,synthetic,0
2981,Rent-pay ment,synthetic,1
2982,Domicile Solutions,synthetic,1
2983,Accommodation remittance including tax,synthetic,1
2984,Complex payment,synthetic,0
2985,Abode payment plus insurance,synthetic,1
2986,Transfer to Miller,synthetic,1
2987,Recurring transfer to Smith,synthetic,0
2988,Non-rent housing expense,synthetic,0
2989,Facility Solutions,synthetic,0
2990,Apartment payment + parking,synthetic,1
2991,Maintenence payment,synthetic,0
2992,Zelle to Davis,synthetic,1
2993,My apartment payment,synthetic,1
2994,Residential payment Quarterly,synthetic,1
2995,Building disbursement,synthetic,0
2996,Rent-paymnt,synthetic,1
2997,Lease fee for residential unit,synthetic,1
2998,Building fee,synthetic,0
2999,Rentt disbursement,synthetic,1
3000,Spot payment,synthetic,0
3001,Property Services LLC,synthetic,0
3002,Place I stay remittance,synthetic,1
3003,NOT rent - utilities,synthetic,0
3004,Subscription Semi-monthly,synthetic,0
3005,RENT PAYMENT (MONTHLY),synthetic,1
3006,Premises fee with service charge,synthetic,1
3007,Housing allocation payment,synthetic,1
3008,Crib fee,synthetic,0
3009,Residential Services,synthetic,0
3010,Rent payment (primary residence),synthetic,1
3011,Flat fee,synthetic,0
3012,ACH to Johnson LLC,synthetic,0
3013,Accommodation remittance including tax,synthetic,1
3014,Habitation remittance,synthetic,1
3015,Membership Semi-monthly,synthetic,0
3016,Unit 7B monthly,synthetic,1
3017,Apart from rent - maintenance,synthetic,0
3018,Property payment,synthetic,0
3019,Rent payment (primary residence),synthetic,1
3020,Pad payment,synthetic,0
3021,Unit letting,synthetic,0
3022,Real Estate Solutions,synthetic,0
3023,ACH to Johnson LLC,synthetic,1
3024,Building fee,synthetic,0
3025,Maintenence payment,synthetic,0
3026,Pad payment,synthetic,1
3027,Rental payment,synthetic,0
3028,Crib fee,synthetic,0
3029,HOA fee incl. services,synthetic,0
3030,Check #1234 for monthly,synthetic,0
3031,Residence fee including amenities,synthetic,1
3032,Recurring 1st week,synthetic,0
3033,Lease obligation payment,synthetic,1
3034,Membership 10th recurring,synthetic,0
3035,Dwelling remittance,synthetic,1
3036,Subscripton payment,synthetic,0
3037,Unit letting,synthetic,0
3038,Building fee,synthetic,0
3039,For 303 Parkview,synthetic,1
3040,Residential Services,synthetic,0
3041,Building fee for residential unit,synthetic,1
3042,Lease payment for residential unit,synthetic,1
3043,UTILITY - AUTO,synthetic,0
3044,Utilitie payment,synthetic,0
3045,UTILITY - RECURRING,synthetic,0
3046,End of month remittance,synthetic,1
3047,Complex fee,synthetic,0
3048,Recurring habitation expenditure,synthetic,1
3049,Tenancy payment,synthetic,0
3050,Building Management,synthetic,1
3051,RENT PAYMENT (MONTHLY),synthetic,1
3052,Payment on 1st of month,synthetic,1
3053,Rental payment,synthetic,1
3054,Unit Management,synthetic,0
3055,Rent payment ,synthetic,1
3056,RENT-RECURRING,synthetic,1
3057,HOA fee + insurance,synthetic,0
3058,Landlord services payment,synthetic,1
3059,Rent payment ,synthetic,1
3060,Unit fee for residential unit,synthetic,1
3061,Complex Services,synthetic,0
3062,Tenancy payment,synthetic,1
3063,Strata payment,synthetic,1
3064,Quarterly dwelling,synthetic,0
3065,Payment on 1st of month,synthetic,0
3066,Building disbursement,synthetic,0
3067,Servise payment,synthetic,0
3068,Check #1234 for monthly,synthetic,0
3069,Membership Every 30 days,synthetic,0
3070,Unit payment,synthetic,0
3071,Monthly payment to John,synthetic,0
3072,Maintenance fee + tax,synthetic,0
3073,Service fee + tax,synthetic,0
3074,Residential payment First Monday,synthetic,1
3075,Rent payment (primary residence),synthetic,1
3076,Accommodation remittance including tax,synthetic,1
3077,Residential payment Monthly anniversary,synthetic,1
3078,Subscripton payment,synthetic,0
3079,Rent payment (apartment),synthetic,1
3080,Accommodation remittance including tax,synthetic,1
3081,First of month payment,synthetic,0
3082,Digs payment,synthetic,1
3083,Monthly premises fee,synthetic,1
3084,Unit remittance for residential unit,synthetic,1
3085,UTILITY - AUTO,synthetic,0
3086,Building fee for residential unit,synthetic,1
3087,Residential payment First Monday,synthetic,1
3088,Maintenance fee + insurance,synthetic,0
3089,Wire to Thompson (Unit 10C),synthetic,1
3090,Unit charge for residential unit,synthetic,1
3091,Facility Solutions,synthetic,1
3092,CHARGE - AUTO,synthetic,0
3093,Recurring 1st week (Unit 48C),synthetic,1
3094,Recurring 1st week,synthetic,0
3095,Digs payment,synthetic,1
3096,Habitation remittance with utilities,synthetic,1
3097,Ren tpayment,synthetic,1
3098,Rent/payment,synthetic,1
3099,CHARGE - MONTHLY,synthetic,0
3100,Servise payment,synthetic,0
3101,Unit disbursement for residential unit,synthetic,1
3102,Rent payment (primary residence),synthetic,1
3103,Lodgings remittance,synthetic,1
3104,Strata payment,synthetic,1
3105,Rent payment (apartment),synthetic,1
3106,Recurring transfer to Smith,synthetic,0
3107,Abode payment plus insurance,synthetic,1
3108,Premises fee with service charge,synthetic,1
3109,Residential payment Last day,synthetic,1
3110,Service fee incl. services,synthetic,0
3111,Property fee,synthetic,0
3112,Complex payment for residential unit,synthetic,1
3113,Building payment for residential unit,synthetic,1
3114,Pad payment,synthetic,0
3115,Rental payment,synthetic,0
3116,Strata payment,synthetic,0
3117,Building fee,synthetic,0
3118,Besides rent - insurance,synthetic,0
3119,Unit disbursement,synthetic,0
3120,Complex fee,synthetic,0
3121,Semi-monthly residence,synthetic,0
3122,Domicile Solutions,synthetic,0
3123,Place remittance,synthetic,0
3124,Rent payment (apartment),synthetic,1
3125,UTILITY - AUTO,synthetic,0
3126,Rnet payment,synthetic,1
3127,Subscripton payment,synthetic,0
3128,Quarterly dwelling,synthetic,0
3129,Residential payment Quarterly,synthetic,1
3130,HOA fee + tax,synthetic,0
3131,R3nt fee,synthetic,1
3132,Service 20th periodic,synthetic,0
3133,Property remittance,synthetic,0
3134,Residential payment Last day,synthetic,1
3135,Quarterly dwelling,synthetic,0
3136,Lodging remittance,synthetic,1
3137,Property fee,synthetic,0
3138,Residential Services,synthetic,0
3139,RENT PAYMENT (MONTHLY),synthetic,1
3140,Rent(payment),synthetic,1
3141,ACH to Johnson LLC,synthetic,1
3142,Residential payment First Monday,synthetic,1
3143,Building disbursement for residential unit,synthetic,1
3144,Maintenance fee + tax,synthetic,0
3145,HOA fee + tax,synthetic,0
3146,Unit charge for residential unit,synthetic,1
3147,Servise payment,synthetic,0
3148,CHARGE - MONTHLY,synthetic,0
3149,Bi-weekly housing,synthetic,0
3150,Complex Services (Unit 6A),synthetic,1
3151,Residential payment Bi-weekly,synthetic,1
3152,Rent-paymnt,synthetic,1
3153,Unit charge,synthetic,0
3154,Property Services LLC,synthetic,0
3155,Tenancy payment,synthetic,1
3156,CHARGE - MONTHLY,synthetic,0
3157,Service 20th periodic,synthetic,0
3158,HOA fee + insurance,synthetic,0
3159,Unit 7B monthly,synthetic,1
3160,Rentt disbursement,synthetic,1
3161,Remittance to Moore,synthetic,0
3162,Subscripton payment,synthetic,0
3163,Maintenance fee incl. services,synthetic,0
3164,Ref: RES-UNIT-5B,synthetic,1
3165,Unit Management (Unit 39B),synthetic,1
3166,Service Monthly anniversary,synthetic,0
3167,Residential payment Bi-weekly,synthetic,1
3168,Flat fee,synthetic,1
3169,Residential payment First Monday,synthetic,1
3170,Rent(payment),synthetic,1
3171,Property Services LLC,synthetic,0
3172,RENT_INVOICE_001,synthetic,1
3173,Residential payment 1st of month,synthetic,1
3174,Lodging remittance,synthetic,1
3175,Residential payment 20th periodic,synthetic,1
3176,Spot payment,synthetic,0
3177,Recurring transfer to Smith,synthetic,1
3178,Membership Every 30 days,synthetic,0
3179,Real Estate Solutions,synthetic,0
3180,Domicile Solutions (Unit 1C),synthetic,1
3181,Dwelling disbursement plus fees,synthetic,1
3182,Facility Solutions,synthetic,0
3183,Housing Associates,synthetic,1
3184,Monthly payment to John,synthetic,0
3185,Quarterly dwelling,synthetic,0
3186,Recurring 1st week,synthetic,0
3187,Service fee + insurance,synthetic,0
3188,Real Estate Solutions,synthetic,0
3189,Debit to Anderson,synthetic,0
3190,Dwelling disbursement plus fees,synthetic,1
3191,Complex payment for residential unit,synthetic,1
3192,Apart from rent - maintenance,synthetic,0
3193,Place remittance,synthetic,1
3194,Recurring 1st week,synthetic,0
3195,UTILITY - RECURRING,synthetic,0
3196,Rent (missed auto),synthetic,1
3197,Rent payment (apartment),synthetic,1
3198,Remittance to Moore,synthetic,1
3199,Accommodation remittance including tax,synthetic,1
3200,Debit to Anderson,synthetic,0
3201,Service fee + tax,synthetic,0
3202,Payment to Wilson,synthetic,0
3203,Lodgings remittance,synthetic,0
3204,Accommodation remittance including tax,synthetic,1
3205,Condo fee,synthetic,1
3206,Maintenence payment,synthetic,0
3207,RENT PAYMENT (MONTHLY),synthetic,1
3208,Rent payment ,synthetic,1
3209,Tenancy payment,synthetic,0
3210,Service fee + tax,synthetic,0
3211,RENT-RECURRING,synthetic,1
3212,Letting fee,synthetic,0
3213,Rent payment ,synthetic,1
3214,Utility fee + tax,synthetic,0
3215,Unit letting,synthetic,1
3216,Unit remittance for residential unit,synthetic,1
3217,Subscripton payment,synthetic,0
3218,RENT~MONTHLY,synthetic,1
3219,Rent (missed auto),synthetic,1
3220,Wire to Thompson,synthetic,0
3221,Rent(payment),synthetic,1
3222,Unit payment,synthetic,0
3223,Quarterly dwelling,synthetic,0
3224,Monthly on 15th,synthetic,0
3225,Tenancy payment,synthetic,0
3226,Residential payment Bi-weekly,synthetic,1
3227,Domicile Solutions,synthetic,0
3228,Service fee + tax,synthetic,0
3229,NOT rent - utilities,synthetic,0
3230,Residential occupancy fee,synthetic,1
3231,Rent payment ,synthetic,1
3232,Apartment payment + parking,synthetic,1
3233,Independent of rent - repair,synthetic,0
3234,Wire to Thompson,synthetic,0
3235,Rent-paymnt,synthetic,1
3236,Rnet payment,synthetic,1
3237,Subscripton payment,synthetic,0
3238,Place remittance,synthetic,1
3239,Bi-weekly housing,synthetic,0
3240,Remittance: DWELLING,synthetic,1
3241,Monthly payment to John,synthetic,0
3242,Rent payment (primary residence),synthetic,1
3243,Residential Services,synthetic,0
3244,Service Bi-weekly,synthetic,0
3245,Place remittance,synthetic,0
3246,Bi-weekly housing,synthetic,1
3247,Independent of rent - repair,synthetic,0
3248,Spot payment,synthetic,0
3249,Residence disbursement,synthetic,1
3250,Lodgings remittance,synthetic,1
3251,Residential payment Last day,synthetic,1
3252,Property Services LLC,synthetic,1
3253,Complex charge for residential unit,synthetic,1
3254,Abode payment plus insurance,synthetic,1
3255,Rent payment ,synthetic,1
3256,CHARGE - MONTHLY,synthetic,0
3257,ACH to Johnson LLC,synthetic,0
3258,Monthly premises fee,synthetic,1
3259,Unit remittance,synthetic,0
3260,Separate from rent - deposit,synthetic,0
3261,Unit fee,synthetic,0
3262,FEE - RECURRING,synthetic,0
3263,Servise payment,synthetic,0
3264,Subscription 5th monthly,synthetic,0
3265,Payment ref: HOUSING-,synthetic,1
3266,Subscripton payment,synthetic,0
3267,Residential payment Semi-monthly,synthetic,1
3268,Building Management,synthetic,0
3269,Facility management disbursement,synthetic,1
3270,Service 10th recurring,synthetic,0
3271,Rent ;payment,synthetic,1
3272,Property remittance for residential unit,synthetic,1
3273,End of month remittance (Unit 26C),synthetic,1
3274,Accommodation remittance including tax,synthetic,1
3275,Bi-weekly housing,synthetic,1
3276,SERVICE - AUTO,synthetic,0
3277,Rent payment ,synthetic,1
3278,Semi-monthly residence,synthetic,1
3279,RENT: UNIT 304,synthetic,1
3280,SERVICE - RECURRING,synthetic,0
3281,Housing allocation payment,synthetic,1
3282,Place I stay remittance,synthetic,1
3283,Remittance: DWELLING,synthetic,1
3284,Utilitie payment,synthetic,0
3285,Utilitie payment,synthetic,0
3286,Property payment,synthetic,0
3287,Complex fee,synthetic,0
3288,Subscripton payment,synthetic,0
3289,Facility management disbursement,synthetic,1
3290,Rent payment ,synthetic,1
3291,Non-rent housing expense,synthetic,0
3292,Tenancy payment,synthetic,0
3293,Distinct from rent - service,synthetic,0
3294,Housing Associates,synthetic,1
3295,HOA fee incl. services,synthetic,0
3296,Lease payment,synthetic,0
3297,Unit disbursement for residential unit,synthetic,1
3298,Rent payment ,synthetic,1
3299,Zelle to Davis,synthetic,0
3300,Rental payment,synthetic,1
3301,Utilitie payment,synthetic,0
3302,Residential payment Last day,synthetic,1
3303,Recurring 1st week,synthetic,0
3304,Unit charge,synthetic,0
3305,Debit to Anderson,synthetic,0
3306,Rent payment (apartment),synthetic,1
3307,Rent-paymnt,synthetic,1
3308,Lease fee for residential unit,synthetic,1
3309,RENT - APT 5B,synthetic,1
3310,Remittance to Moore,synthetic,1
3311,ACH to Johnson LLC,synthetic,0
3312,Building payment,synthetic,0
3313,Servise payment,synthetic,0
3314,RENT #2024-001,synthetic,1
3315,Recurring transfer to Smith,synthetic,0
3316,SERVICE - AUTO,synthetic,0
3317,Monthly payment to John,synthetic,0
3318,Residential payment Calendar month,synthetic,1
3319,Excluding rent - HOA,synthetic,0
3320,UTILITY - RECURRING,synthetic,0
3321,Service fee + tax,synthetic,0
3322,Rent..payment,synthetic,1
3323,Rent payment ,synthetic,1
3324,Building disbursement,synthetic,0
3325,Maintenence payment,synthetic,0
3326,Bi-weekly housing (Unit 14B),synthetic,1
3327,Payment on 1st of month (Unit 7A),synthetic,1
3328,HOA fee + tax,synthetic,0
3329,Periodic 30th payment,synthetic,0
3330,Subscription Calendar month,synthetic,0
3331,RENT-RECURRING,synthetic,1
3332,Lease fee for residential unit,synthetic,1
3333,Rent payment ,synthetic,1
3334,UTILITY - MONTHLY,synthetic,0
3335,Payment to Wilson,synthetic,0
3336,Building Management,synthetic,1
3337,Ren tpayment,synthetic,1
3338,Service fee incl. services,synthetic,0
3339,Tenancy payment,synthetic,0
3340,Dwelling disbursement plus fees,synthetic,1
3341,Building disbursement,synthetic,0
3342,Subscription Semi-monthly,synthetic,0
3343,Rent-pay ment,synthetic,1
3344,Subscription Monthly anniversary,synthetic,0
3345,Residential payment Calendar month,synthetic,1
3346,Rent (missed auto),synthetic,1
3347,Semi-monthly residence (Unit 13A),synthetic,1
3348,Recurring habitation expenditure,synthetic,1
3349,RENT - DO NOT DELETE,synthetic,1
3350,RENT>>PAYMENT,synthetic,1
3351,Mid-month transfer (Unit 11B),synthetic,1
3352,Unit Management,synthetic,0
3353,Place I stay remittance,synthetic,1
3354,Rent/payment,synthetic,1
3355,Lodging remittance,synthetic,1
3356,Rental payment,synthetic,0
3357,Zelle to Davis,synthetic,0
3358,Unit charge for residential unit,synthetic,1
3359,Subscription Calendar month,synthetic,0
3360,Unit remittance,synthetic,0
3361,Periodic domicile remittance,synthetic,1
3362,Recurring 1st week,synthetic,0
3363,Residential facility fee,synthetic,1
3364,Utility fee incl. services,synthetic,0
3365,Rent payment ,synthetic,1
3366,Spot payment,synthetic,1
3367,Quarterly dwelling,synthetic,1
3368,Service fee + tax,synthetic,0
3369,Bi-weekly housing,synthetic,0
3370,Semi-monthly residence,synthetic,0
3371,Mid-month transfer,synthetic,1
3372,Facility Solutions (Unit 38A),synthetic,1
3373,Premises Services,synthetic,0
3374,Flat fee,synthetic,1
3375,Digs payment,synthetic,0
3376,RENT PAYMENT (MONTHLY),synthetic,1
3377,Pad payment,synthetic,0
3378,Recurring 1st week,synthetic,0
3379,Subscription 25th standing,synthetic,0
3380,Rent(payment),synthetic,1
3381,Complex payment for residential unit,synthetic,1
3382,Premises Services,synthetic,0
3383,Subscription 10th recurring,synthetic,0
3384,Subscription Every 30 days,synthetic,0
3385,Complex Services,synthetic,0
3386,ACH to Johnson LLC,synthetic,1
3387,Residential payment 15th auto,synthetic,1
3388,Subscripton payment,synthetic,0
3389,FEE - MONTHLY,synthetic,0
3390,Property remittance,synthetic,0
3391,Utility fee + insurance,synthetic,0
3392,Letting fee,synthetic,1
3393,Wire to Thompson (Unit 11B),synthetic,1
3394,Servise payment,synthetic,0
3395,RENT>>PAYMENT,synthetic,1
3396,RENT|AUTO,synthetic,1
3397,Rental payment,synthetic,0
3398,Utility fee incl. services,synthetic,0
3399,Maintenence payment,synthetic,0
3400,Digs payment,synthetic,1
3401,Property remittance,synthetic,0
3402,Recurring transfer to Smith,synthetic,0
3403,Residential Services,synthetic,0
3404,Residence fee including amenities,synthetic,1
3405,Invoice: RESIDENCE,synthetic,1
3406,Building Management,synthetic,0
3407,Property remittance,synthetic,0
3408,Residential Services,synthetic,1
3409,Periodic 30th payment,synthetic,0
3410,R3nt fee,synthetic,1
3411,HOA fee incl. services,synthetic,0
3412,Letting fee,synthetic,0
3413,Apartment payment + parking,synthetic,1
3414,Bi-weekly housing,synthetic,0
3415,Periodic 30th payment,synthetic,0
3416,Subscripton payment,synthetic,0
3417,Rent(payment),synthetic,1
3418,RENT: UNIT 304,synthetic,1
3419,Recurring 1st week,synthetic,1
3420,Rent payment (primary residence),synthetic,1
3421,Recurring 1st week,synthetic,1
3422,Utility fee + tax,synthetic,0
3423,Service Semi-monthly,synthetic,0
3424,Lease charge for residential unit,synthetic,1
3425,Utilitie payment,synthetic,0
3426,Rant fee,synthetic,1
3427,Building payment,synthetic,0
3428,Building payment for residential unit,synthetic,1
3429,Ref: RES-UNIT-5B,synthetic,1
3430,Monthly housing and utilities bundle,synthetic,1
3431,Residence fee including amenities,synthetic,1
3432,Residential payment Bi-weekly,synthetic,1
3433,Utility fee + insurance,synthetic,0
3434,Dwelling disbursement plus fees,synthetic,1
3435,HOA fee + tax,synthetic,0
3436,Residence disbursement,synthetic,1
3437,Rentt disbursement,synthetic,1
3438,End of month remittance,synthetic,0
3439,Subscription Quarterly,synthetic,0
3440,Semi-monthly residence,synthetic,1
3441,Rent payment ,synthetic,1
3442,UTILITY - MONTHLY,synthetic,0
3443,Property Services LLC (Unit 49C),synthetic,1
3444,Tenancy payment,synthetic,0
3445,RENT #2024-001,synthetic,1
3446,Real Estate Solutions,synthetic,0
3447,Recurring transfer to Smith,synthetic,1
3448,Lodgings remittance,synthetic,0
3449,Rent (missed auto),synthetic,1
3450,Lodgings remittance,synthetic,1
3451,Lodgings remittance,synthetic,0
3452,Residential payment Semi-monthly,synthetic,1
3453,Condo fee,synthetic,0
3454,Where I live payment,synthetic,1
3455,Lease charge for residential unit,synthetic,1
3456,Semi-monthly residence,synthetic,0
3457,Domicile Solutions,synthetic,0
3458,RENT>>PAYMENT,synthetic,1
3459,RENT~MONTHLY,synthetic,1
3460,Domicile Solutions,synthetic,0
3461,End of month remittance,synthetic,0
3462,Digs payment,synthetic,1
3463,Utility fee incl. services,synthetic,0
3464,Residential payment 25th standing,synthetic,1
3465,Rent with included services,synthetic,1
3466,Rent payment (primary residence),synthetic,1
3467,Building fee,synthetic,0
3468,Premises fee with service charge,synthetic,1
3469,Excluding rent - HOA,synthetic,0
3470,Apartment 12C fee,synthetic,1
3471,Facility Solutions (Unit 30A),synthetic,1
3472,FEE - AUTO,synthetic,0
3473,Excluding rent - HOA,synthetic,0
3474,Unit charge,synthetic,0
3475,Besides rent - insurance,synthetic,0
3476,Building payment,synthetic,0
3477,Unit charge for residential unit,synthetic,1
3478,Subscripton payment,synthetic,0
3479,Rent payment (primary residence),synthetic,1
3480,Ren tpayment,synthetic,1
3481,Residential payment Every 30 days,synthetic,1
3482,Housing Associates,synthetic,1
3483,Membership Quarterly,synthetic,0
3484,Building disbursement for residential unit,synthetic,1
3485,Ren tpayment,synthetic,1
3486,Monthly payment to John,synthetic,0
3487,Pad payment,synthetic,0
3488,Residential payment Every 30 days,synthetic,1
3489,Zelle to Davis,synthetic,0
3490,Property Services LLC,synthetic,0
3491,Complex management remittance,synthetic,1
3492,Accommodation disbursement,synthetic,1
3493,Facility Solutions,synthetic,0
3494,RENT: UNIT 304,synthetic,1
3495,Spot payment,synthetic,1
3496,Residential Services,synthetic,0
3497,Unit payment,synthetic,0
3498,Facility Solutions,synthetic,0
3499,Unit fee,synthetic,0
3500,Unit remittance,synthetic,0
3501,UTILITY - MONTHLY,synthetic,0
3502,Apartment payment + parking,synthetic,1
3503,HOA fee + insurance,synthetic,0
3504,Apartment payment + parking,synthetic,1
3505,Building Management,synthetic,0
3506,SERVICE - MONTHLY,synthetic,0
3507,Property Services LLC,synthetic,0
3508,Flat fee,synthetic,1
3509,Service 10th recurring,synthetic,0
3510,Additional to rent - fee,synthetic,0
3511,RENT #2024-001,synthetic,1
3512,SERVICE - RECURRING,synthetic,0
3513,Unit charge,synthetic,0
3514,Utility fee + insurance,synthetic,0
3515,NOT rent - utilities,synthetic,0
3516,Lease payment for residential unit,synthetic,1
3517,Monthly on 15th,synthetic,0
3518,Rant fee,synthetic,1
3519,Membership 20th periodic,synthetic,0
3520,Semi-monthly residence,synthetic,1
3521,Letting fee,synthetic,0
3522,Rent payment (primary residence),synthetic,1
3523,Monthly payment to John,synthetic,1
3524,Rent ;payment,synthetic,1
3525,Residential payment Last day,synthetic,1
3526,Wire to Thompson,synthetic,1
3527,Facility Solutions,synthetic,1
3528,Monthly premises fee,synthetic,1
3529,Rent payment ,synthetic,1
3530,Residential payment First Monday,synthetic,1
3531,Rent payment (primary residence),synthetic,1
3532,UTILITY - RECURRING,synthetic,0
3533,Digs payment,synthetic,1
3534,Debit to Anderson,synthetic,0
3535,Rent payment (primary residence),synthetic,1
3536,Utility fee + insurance,synthetic,0
3537,Real Estate Solutions,synthetic,0
3538,Maintenance fee + tax,synthetic,0
3539,Recurring transfer to Smith,synthetic,0
3540,Maintenence payment,synthetic,0
3541,RENT - APT 5B,synthetic,1
3542,CHARGE - RECURRING,synthetic,0
3543,Crib fee,synthetic,0
3544,FEE - AUTO,synthetic,0
3545,Pad payment,synthetic,0
3546,RENT-RECURRING,synthetic,1
3547,Housing Associates (Unit 7A),synthetic,1
3548,RENT: UNIT 304,synthetic,1
3549,Habitation remittance,synthetic,1
3550,Residential payment Calendar month,synthetic,1
3551,Semi-monthly residence,synthetic,0
3552,SERVICE - MONTHLY,synthetic,0
3553,Building fee,synthetic,0
3554,Dwelling disbursement plus fees,synthetic,1
3555,Monthly on 15th,synthetic,0
3556,Subscripton payment,synthetic,0
3557,End of month remittance,synthetic,0
3558,Unit remittance,synthetic,0
3559,Rental payment,synthetic,0
3560,Maintenence payment,synthetic,0
3561,NOT rent - utilities,synthetic,0
3562,FEE - AUTO,synthetic,0
3563,Wire to Thompson,synthetic,0
3564,End of month remittance,synthetic,0
3565,Digs payment,synthetic,0
3566,Lodging remittance,synthetic,1
3567,Zelle to Davis,synthetic,0
3568,Spot payment,synthetic,0
3569,Premises Services (Unit 50B),synthetic,1
3570,FEE - MONTHLY,synthetic,0
3571,Property Services LLC,synthetic,0
3572,Membership 1st of month,synthetic,0
3573,Property Services LLC,synthetic,0
3574,Residential payment 1st of month,synthetic,1
3575,Residential payment 25th standing,synthetic,1
3576,Periodic 30th payment,synthetic,0
3577,Ref: RES-UNIT-5B,synthetic,1
3578,Utility fee incl. services,synthetic,0
3579,500 Oak Ave payment,synthetic,1
3580,Rental payment,synthetic,0
3581,Residential payment Last day,synthetic,1
3582,Independent of rent - repair,synthetic,0
3583,Complex management remittance,synthetic,1
3584,500 Oak Ave payment,synthetic,1
3585,FEE - RECURRING,synthetic,0
3586,Residential payment 15th auto,synthetic,1
3587,Distinct from rent - service,synthetic,0
3588,UTILITY - MONTHLY,synthetic,0
3589,Maintenance fee + insurance,synthetic,0
3590,Additional to rent - fee,synthetic,0
3591,Rent-paymnt,synthetic,1
3592,Maintenance fee + insurance,synthetic,0
3593,Distinct from rent - service,synthetic,0
3594,Lodgings remittance,synthetic,0
3595,Unit disbursement for residential unit,synthetic,1
3596,RENT: UNIT 304,synthetic,1
3597,Utilitie payment,synthetic,0
3598,Membership Last day,synthetic,0
3599,Rent payment ,synthetic,1
3600,Recurring 1st week,synthetic,1
3601,Rnet payment,synthetic,1
3602,Servise payment,synthetic,0
3603,Check #1234 for monthly,synthetic,0
3604,Unit fee for residential unit,synthetic,1
3605,HOA fee incl. services,synthetic,0
3606,FEE - MONTHLY,synthetic,0
3607,Building fee for residential unit,synthetic,1
3608,Residential payment Quarterly,synthetic,1
3609,Property fee,synthetic,0
3610,Utility fee + tax,synthetic,0
3611,Other than rent - tax,synthetic,0
3612,RENT-RECURRING,synthetic,1
3613,Subscription Semi-monthly,synthetic,0
3614,Lease fee for residential unit,synthetic,1
3615,Rent payment ,synthetic,1
3616,Apartment 12C fee,synthetic,1
3617,Periodic 30th payment,synthetic,0
3618,Crib fee,synthetic,0
3619,Residential payment 20th periodic,synthetic,1
3620,Check #1234 for monthly,synthetic,0
3621,Payment on 1st of month,synthetic,0
3622,Lease obligation payment,synthetic,1
3623,Unit payment including maintenance,synthetic,1
3624,Rent (missed auto),synthetic,1
3625,Facility Solutions,synthetic,0
3626,Rent payment (apartment),synthetic,1
3627,Residential payment Quarterly,synthetic,1
3628,UTILITY - AUTO,synthetic,0
3629,Non-rent housing expense,synthetic,0
3630,UTILITY - MONTHLY,synthetic,0
3631,RENT - DO NOT DELETE,synthetic,1
3632,Utility fee + tax,synthetic,0
3633,Property fee for residential unit,synthetic,1
3634,Bi-weekly housing,synthetic,1
3635,End of month remittance,synthetic,0
3636,R3nt fee,synthetic,1
3637,Maintenance fee incl. services,synthetic,0
3638,FEE - AUTO,synthetic,0
3639,First of month payment,synthetic,0
3640,Unit Management,synthetic,0
3641,Invoice: RESIDENCE,synthetic,1
3642,Utilitie payment,synthetic,0
3643,Where I live payment,synthetic,1
3644,Bi-weekly housing,synthetic,0
3645,Rent payment (primary residence),synthetic,1
3646,Check #1234 for monthly,synthetic,0
3647,Premises maintenance remittance,synthetic,1
3648,Utility fee + insurance,synthetic,0
3649,Unit letting,synthetic,0
3650,RENT>>PAYMENT,synthetic,1
3651,Residential payment 10th recurring,synthetic,1
3652,123 Main St monthly,synthetic,1
3653,Property Services LLC,synthetic,0
3654,Rent payment ,synthetic,1
3655,Complex management remittance,synthetic,1
3656,Residence disbursement,synthetic,1
3657,Monthly premises fee,synthetic,1
3658,Residential payment Every 30 days,synthetic,1
3659,Complex charge,synthetic,0
3660,Unit disbursement for residential unit,synthetic,1
3661,CHARGE - AUTO,synthetic,0
3662,Maintenence payment,synthetic,0
3663,Unit letting,synthetic,0
3664,Independent of rent - repair,synthetic,0
3665,Crib fee,synthetic,0
3666,UTILITY - RECURRING,synthetic,0
3667,Tenancy payment,synthetic,0
3668,UTILITY - AUTO,synthetic,0
3669,Bi-weekly housing,synthetic,0
3670,Additional to rent - fee,synthetic,0
3671,Maintenence payment,synthetic,0
3672,Subscription 10th recurring,synthetic,0
3673,HOA fee + tax,synthetic,0
3674,Unit Management,synthetic,1
3675,Unit remittance,synthetic,0
3676,Accommodation disbursement,synthetic,1
3677,Rent payment ,synthetic,1
3678,Lease fee,synthetic,0
3679,HOA fee incl. services,synthetic,0
3680,Debit to Anderson,synthetic,0
3681,Building disbursement,synthetic,0
3682,RENT #2024-001,synthetic,1
3683,My house monthly,synthetic,1
3684,UTILITY - AUTO,synthetic,0
3685,Apart from rent - maintenance,synthetic,0
3686,Unit disbursement for residential unit,synthetic,1
3687,Rent(payment),synthetic,1
3688,Accommodation remittance including tax,synthetic,1
3689,Quarterly dwelling,synthetic,0
3690,Maintenence payment,synthetic,0
3691,Utilitie payment,synthetic,0
3692,Housing Associates,synthetic,0
3693,My house monthly,synthetic,1
3694,Membership Last day,synthetic,0
3695,Check #1234 for monthly,synthetic,1
3696,Lodgings remittance,synthetic,0
3697,Rent payment (apartment),synthetic,1
3698,Residential payment Last day,synthetic,1
3699,RENT~MONTHLY,synthetic,1
3700,Monthly housing and utilities bundle,synthetic,1
3701,Residential payment Bi-weekly,synthetic,1
3702,Rent payment (apartment),synthetic,1
3703,Residential Services,synthetic,1
3704,Service fee incl. services,synthetic,0
3705,Maintenence payment,synthetic,0
3706,Transfer to Miller,synthetic,0
3707,Service fee + insurance,synthetic,0
3708,Membership 10th recurring,synthetic,0
3709,Lease fee for residential unit,synthetic,1
3710,Flat fee,synthetic,0
3711,Abode disbursement,synthetic,1
3712,Lease charge,synthetic,0
3713,Subscripton payment,synthetic,0
3714,Building payment,synthetic,0
3715,Payment on 1st of month,synthetic,1
3716,End of month remittance,synthetic,0
3717,Residential payment Last day,synthetic,1
3718,Distinct from rent - service,synthetic,0
3719,Complex fee for residential unit,synthetic,1
3720,Rental payment,synthetic,1
3721,Domicile Solutions,synthetic,1
3722,Domicile Solutions,synthetic,1
3723,Unit payment for residential unit,synthetic,1
3724,Rent-pay ment,synthetic,1
3725,Recurring 1st week,synthetic,0
3726,Debit to Anderson,synthetic,0
3727,Bi-weekly housing,synthetic,1
3728,Utilitie payment,synthetic,0
3729,Servise payment,synthetic,0
3730,Property payment for residential unit,synthetic,1
3731,Place remittance,synthetic,1
3732,Membership 15th auto,synthetic,0
3733,Subscription Monthly anniversary,synthetic,0
3734,Spot payment,synthetic,0
3735,Semi-monthly residence (Unit 39C),synthetic,1
3736,Lease payment for residential unit,synthetic,1
3737,UTILITY - RECURRING,synthetic,0
3738,Rental payment,synthetic,0
3739,Place I stay remittance,synthetic,1
3740,Unit payment including maintenance,synthetic,1
3741,RENT - APT 5B,synthetic,1
3742,Remittance to Moore,synthetic,1
3743,Property management remittance,synthetic,1
3744,Flat fee,synthetic,1
3745,Facility Solutions,synthetic,1
3746,Mid-month transfer,synthetic,0
3747,Transfer to Miller,synthetic,0
3748,Monthly payment to John,synthetic,0
3749,Facility Solutions (Unit 11C),synthetic,1
3750,Place remittance,synthetic,0
3751,Complex payment for residential unit,synthetic,1
3752,Service 5th monthly,synthetic,0
3753,Residential Services (Unit 38A),synthetic,1
3754,Premises fee with service charge,synthetic,1
3755,Property management remittance,synthetic,1
3756,Maintenence payment,synthetic,0
3757,Servise payment,synthetic,0
3758,Building administration fee,synthetic,1
3759,Building fee for residential unit,synthetic,1
3760,Habitation remittance with utilities,synthetic,1
3761,Rent payment (primary residence),synthetic,1
3762,Facility Solutions,synthetic,1
3763,My unit disbursement,synthetic,1
3764,Residence disbursement,synthetic,1
3765,Condo fee,synthetic,0
3766,Unit remittance,synthetic,0
3767,RENT-RECURRING,synthetic,1
3768,Service 5th monthly,synthetic,0
3769,Lodging remittance,synthetic,1
3770,Rant fee,synthetic,1
3771,Service fee + insurance,synthetic,0
3772,Rent payment (primary residence),synthetic,1
3773,Abode disbursement,synthetic,1
3774,Residential Services,synthetic,0
3775,CHARGE - MONTHLY,synthetic,0
3776,Maintenance fee + insurance,synthetic,0
3777,Residential Services,synthetic,0
3778,Unit remittance for residential unit,synthetic,1
3779,Rent payment (primary residence),synthetic,1
3780,Rent/payment,synthetic,1
3781,Rent(payment),synthetic,1
3782,Premises Services,synthetic,0
3783,End of month remittance,synthetic,0
3784,Residential payment First Monday,synthetic,1
3785,FEE - AUTO,synthetic,0
3786,Unit Management,synthetic,1
3787,Apartment 12C fee,synthetic,1
3788,Subscripton payment,synthetic,0
3789,Rent payment ,synthetic,1
3790,RENT|AUTO,synthetic,1
3791,Servise payment,synthetic,0
3792,Service Bi-weekly,synthetic,0
3793,Monthly payment to John,synthetic,1
3794,Flat fee,synthetic,1
3795,Landlord services payment,synthetic,1
3796,Residential payment Calendar month,synthetic,1
3797,Real Estate Solutions,synthetic,0
3798,RENT - DO NOT DELETE,synthetic,1
3799,ACH to Johnson LLC (Unit 4B),synthetic,1
3800,Maintenance fee + tax,synthetic,0
3801,Building disbursement for residential unit,synthetic,1
3802,Residential payment Bi-weekly,synthetic,1
3803,Letting fee,synthetic,0
3804,Semi-monthly residence,synthetic,0
3805,R3nt fee,synthetic,1
3806,Service 5th monthly,synthetic,0
3807,Spot payment,synthetic,0
3808,RENT_INVOICE_001,synthetic,1
3809,Real Estate Solutions,synthetic,1
3810,Real Estate Solutions,synthetic,0
3811,Housing Associates,synthetic,1
3812,Tenancy payment,synthetic,0
3813,Besides rent - insurance,synthetic,0
3814,Complex fee for residential unit,synthetic,1
3815,Crib fee,synthetic,0
3816,Lease charge for residential unit,synthetic,1
3817,Rent payment ,synthetic,1
3818,Rent with included services,synthetic,1
3819,Service Monthly anniversary,synthetic,0
3820,HOA fee incl. services,synthetic,0
3821,Rent payment ,synthetic,1
3822,Monthly on 15th,synthetic,0
3823,Independent of rent - repair,synthetic,0
3824,Property remittance,synthetic,0
3825,Domicile Solutions,synthetic,0
3826,Recurring 1st week,synthetic,0
3827,Servise payment,synthetic,0
3828,Place remittance,synthetic,1
3829,My apartment payment,synthetic,1
3830,Utilitie payment,synthetic,0
3831,Recurring habitation expenditure,synthetic,1
3832,Complex payment for residential unit,synthetic,1
3833,Service 15th auto,synthetic,0
3834,SERVICE - MONTHLY,synthetic,0
3835,Semi-monthly residence,synthetic,0
3836,SERVICE - MONTHLY,synthetic,0
3837,Lease charge,synthetic,0
3838,Dwelling disbursement plus fees,synthetic,1
3839,Crib fee,synthetic,1
3840,Unit payment,synthetic,0
3841,Besides rent - insurance,synthetic,0
3842,RENT - DO NOT DELETE,synthetic,1
3843,Residential payment 1st of month,synthetic,1
3844,Strata payment,synthetic,1
3845,Digs payment,synthetic,1
3846,Accommodation remittance including tax,synthetic,1
3847,Rent payment (primary residence),synthetic,1
3848,Residential payment 1st of month,synthetic,1
3849,Bi-weekly housing,synthetic,0
3850,FEE - AUTO,synthetic,0
3851,Rant remittance,synthetic,1
3852,Lodgings remittance,synthetic,0
3853,Service fee + insurance,synthetic,0
3854,RENT-RECURRING,synthetic,1
3855,Service fee + insurance,synthetic,0
3856,Payment on 1st of month,synthetic,0
3857,Wire to Thompson,synthetic,0
3858,Rent with included services,synthetic,1
3859,Quarterly dwelling,synthetic,0
3860,Premises Services (Unit 21C),synthetic,1
3861,Separate from rent - deposit,synthetic,0
3862,Digs payment,synthetic,0
3863,Subscription Every 30 days,synthetic,0
3864,Digs payment,synthetic,0
3865,CHARGE - MONTHLY,synthetic,0
3866,Unit fee for residential unit,synthetic,1
3867,Residential payment Bi-weekly,synthetic,1
3868,Recurring habitation expenditure,synthetic,1
3869,Residence fee including amenities,synthetic,1
3870,Mid-month transfer,synthetic,0
3871,Bi-weekly housing (Unit 39A),synthetic,1
3872,Rent-paymnt,synthetic,1
3873,Unit payment including maintenance,synthetic,1
3874,End of month remittance,synthetic,0
3875,Payment on 1st of month,synthetic,0
3876,HOA fee + insurance,synthetic,0
3877,Dwelling disbursement plus fees,synthetic,1
3878,Property remittance for residential unit,synthetic,1
3879,First of month payment,synthetic,0
3880,Residential payment 25th standing,synthetic,1
3881,Separate from rent - deposit,synthetic,0
3882,Lease fee,synthetic,0
3883,Rent..payment,synthetic,1
3884,First of month payment,synthetic,0
3885,My house monthly,synthetic,1
3886,Payment to Wilson,synthetic,1
3887,Membership Monthly anniversary,synthetic,0
3888,Residential payment Calendar month,synthetic,1
3889,Letting fee,synthetic,1
3890,Unit remittance,synthetic,0
3891,Transfer to Miller,synthetic,1
3892,Rent(payment),synthetic,1
3893,Real estate management fee,synthetic,1
3894,Building Management,synthetic,0
3895,Unit fee for residential unit,synthetic,1
3896,Ren tpayment,synthetic,1
3897,Utilitie payment,synthetic,0
3898,Invoice: RESIDENCE,synthetic,1
3899,Rent payment ,synthetic,1
3900,Rent payment ,synthetic,1
3901,Lease fee for residential unit,synthetic,1
3902,Check #1234 for monthly (Unit 28A),synthetic,1
3903,Premises Services,synthetic,0
3904,RENT - DO NOT DELETE,synthetic,1
3905,Independent of rent - repair,synthetic,0
3906,Residential payment Every 30 days,synthetic,1
3907,Transfer to Miller,synthetic,1
3908,Unit charge,synthetic,0
3909,Recurring transfer to Smith,synthetic,1
3910,Debit to Anderson,synthetic,1
3911,Rent (missed auto),synthetic,1
3912,SERVICE - AUTO,synthetic,0
3913,RENT PAYMENT (MONTHLY),synthetic,1
3914,Recurring habitation expenditure,synthetic,1
3915,Residential payment 25th standing,synthetic,1
3916,Premises maintenance remittance,synthetic,1
3917,Unit 7B monthly,synthetic,1
3918,Building Management,synthetic,0
3919,Crib fee,synthetic,0
3920,Utilitie payment,synthetic,0
3921,Wire to Thompson,synthetic,0
3922,Rent payment (apartment),synthetic,1
3923,Property Services LLC,synthetic,0
3924,Rent (missed auto),synthetic,1
3925,HOA fee incl. services,synthetic,0
3926,Rent-pay ment,synthetic,1
3927,Recurring transfer to Smith,synthetic,1
3928,Remittance to Moore,synthetic,0
3929,Rentt disbursement,synthetic,1
3930,Unit disbursement for residential unit,synthetic,1
3931,Crib fee,synthetic,1
3932,First of month payment,synthetic,0
3933,Recurring transfer to Smith,synthetic,0
3934,Residential payment 1st of month,synthetic,1
3935,Maintenence payment,synthetic,0
3936,RENT>>PAYMENT,synthetic,1
3937,Real Estate Solutions,synthetic,0
3938,Unit disbursement,synthetic,0
3939,Utilitie payment,synthetic,0
3940,Unit disbursement for residential unit,synthetic,1
3941,Monthly payment to John,synthetic,0
3942,RENT|AUTO,synthetic,1
3943,Payment on 1st of month,synthetic,1
3944,SERVICE - RECURRING,synthetic,0
3945,RENT-RECURRING,synthetic,1
3946,Complex Services (Unit 39B),synthetic,1
3947,Payment to Wilson,synthetic,0
3948,Condo fee,synthetic,0
3949,Transfer to Miller,synthetic,1
3950,Lodgings remittance,synthetic,1
3951,Residential payment Last day,synthetic,1
3952,Recurring habitation expenditure,synthetic,1
3953,Rental payment,synthetic,1
3954,Complex management remittance,synthetic,1
3955,Other than rent - tax,synthetic,0
3956,Service 10th recurring,synthetic,0
3957,Unit disbursement,synthetic,0
3958,Additional to rent - fee,synthetic,0
3959,Building Management,synthetic,1
3960,Other than rent - tax,synthetic,0
3961,Digs payment,synthetic,1
3962,Lodgings remittance,synthetic,1
3963,Remittance: DWELLING,synthetic,1
3964,Complex payment for residential unit,synthetic,1
3965,Abode payment plus insurance,synthetic,1
3966,Utility fee + tax,synthetic,0
3967,Servise payment,synthetic,0
3968,Rent payment (primary residence),synthetic,1
3969,End of month remittance,synthetic,0
3970,SERVICE - MONTHLY,synthetic,0
3971,Digs payment,synthetic,1
3972,Rent-pay ment,synthetic,1
3973,Servise payment,synthetic,0
3974,Maintenance fee incl. services,synthetic,0
3975,CHARGE - MONTHLY,synthetic,0
3976,Invoice: RESIDENCE,synthetic,1
3977,Tenancy payment,synthetic,0
3978,Recurring 1st week,synthetic,0
3979,Periodic domicile remittance,synthetic,1
3980,Rent payment ,synthetic,1
3981,RENT: UNIT 304,synthetic,1
3982,Utility fee + tax,synthetic,0
3983,Premises fee with service charge,synthetic,1
3984,R3nt fee,synthetic,1
3985,RENT #2024-001,synthetic,1
3986,Rent payment (primary residence),synthetic,1
3987,Monthly housing and utilities bundle,synthetic,1
3988,Habitation remittance with utilities,synthetic,1
3989,Apartment payment + parking,synthetic,1
3990,HOA fee incl. services,synthetic,0
3991,Building payment for residential unit,synthetic,1
3992,Accommodation remittance including tax,synthetic,1
3993,Invoice #APT2024-001,synthetic,1
3994,Remittance to Moore,synthetic,0
3995,Non-rent housing expense,synthetic,0
3996,Rent payment (primary residence),synthetic,1
3997,Residential payment 10th recurring,synthetic,1
3998,Unit payment,synthetic,0
3999,Quarterly dwelling,synthetic,0
4000,CHARGE - RECURRING,synthetic,0
4001,Building Management,synthetic,0
4002,Ren tpayment,synthetic,1
4003,Residential payment Every 30 days,synthetic,1
4004,Pad payment,synthetic,0
4005,Rent..payment,synthetic,1
4006,Non-rent housing expense,synthetic,0
4007,Lease fee,synthetic,0
4008,Strata payment,synthetic,0
4009,Premises Services,synthetic,0
4010,Letting fee,synthetic,0
4011,Apart from rent - maintenance,synthetic,0
4012,Subscripton payment,synthetic,0
4013,RENT: UNIT 304,synthetic,1
4014,RENT|AUTO,synthetic,1
4015,Place remittance,synthetic,0
4016,First of month payment,synthetic,0
4017,Property payment,synthetic,0
4018,Unit letting,synthetic,1
4019,Rent..payment,synthetic,1
4020,Property fee,synthetic,0
4021,Residential payment Every 30 days,synthetic,1
4022,Maintenance fee + insurance,synthetic,0
4023,Habitation remittance,synthetic,1
4024,NOT rent - utilities,synthetic,0
4025,CHARGE - RECURRING,synthetic,0
4026,Rent payment (primary residence),synthetic,1
4027,Facility Solutions,synthetic,0
4028,RENT_INVOICE_001,synthetic,1
4029,Utilitie payment,synthetic,0
4030,Bi-weekly housing,synthetic,0
4031,Flat fee,synthetic,1
4032,Service fee + tax,synthetic,0
4033,RENT - APT 5B,synthetic,1
4034,Rent ;payment,synthetic,1
4035,Wire to Thompson,synthetic,0
4036,Utility fee + tax,synthetic,0
4037,Lodging remittance,synthetic,1
4038,Domicile Solutions,synthetic,0
4039,Check #1234 for monthly,synthetic,0
4040,Other than rent - tax,synthetic,0
4041,NOT rent - utilities,synthetic,0
4042,HOA fee incl. services,synthetic,0
4043,Rent payment (apartment),synthetic,1
4044,Rent ;payment,synthetic,1
4045,Rent payment (primary residence),synthetic,1
4046,Lodgings remittance,synthetic,1
4047,RENT|AUTO,synthetic,1
4048,SERVICE - AUTO,synthetic,0
4049,Remittance to Moore,synthetic,0
4050,Quarterly dwelling,synthetic,0
4051,Real Estate Solutions,synthetic,0
4052,Lease fee,synthetic,0
4053,Digs payment,synthetic,0
4054,Tenancy payment,synthetic,0
4055,Check #1234 for monthly,synthetic,0
4056,Spot payment,synthetic,1
4057,Lease charge,synthetic,0
4058,Tenancy payment,synthetic,1
4059,RENT - APT 5B,synthetic,1
4060,Debit to Anderson,synthetic,0
4061,Habitation remittance with utilities,synthetic,1
4062,Rant fee,synthetic,1
4063,ACH to Johnson LLC,synthetic,0
4064,RENT_INVOICE_001,synthetic,1
4065,Recurring transfer to Smith,synthetic,0
4066,Rnet payment,synthetic,1
4067,Separate from rent - deposit,synthetic,0
4068,Rentt disbursement,synthetic,1
4069,Residential Services,synthetic,0
4070,Rent payment ,synthetic,1
4071,RENT|AUTO,synthetic,1
4072,Unit letting,synthetic,1
4073,Service Last day,synthetic,0
4074,Zelle to Davis,synthetic,0
4075,Apartment 12C fee,synthetic,1
4076,Debit to Anderson,synthetic,0
4077,Payment ref: HOUSING-,synthetic,1
4078,RENT|AUTO,synthetic,1
4079,Unit fee for residential unit,synthetic,1
4080,Residential payment Quarterly,synthetic,1
4081,Lodgings remittance,synthetic,1
4082,End of month remittance,synthetic,0
4083,Premises maintenance remittance,synthetic,1
4084,Recurring transfer to Smith,synthetic,0
4085,Unit Management,synthetic,0
4086,Apart from rent - maintenance,synthetic,0
4087,Apartment payment + parking,synthetic,1
4088,Building payment for residential unit,synthetic,1
4089,Rent with included services,synthetic,1
4090,Place remittance,synthetic,0
4091,Recurring 1st week,synthetic,0
4092,Building Management (Unit 16C),synthetic,1
4093,Maintenance fee incl. services,synthetic,0
4094,Subscripton payment,synthetic,0
4095,Service fee + insurance,synthetic,0
4096,Residential payment Monthly anniversary,synthetic,1
4097,Semi-monthly residence,synthetic,0
4098,Subscription Last day,synthetic,0
4099,Complex charge,synthetic,0
4100,Excluding rent - HOA,synthetic,0
4101,FEE - AUTO,synthetic,0
4102,Maintenence payment,synthetic,0
4103,Complex fee,synthetic,0
4104,Unit payment including maintenance,synthetic,1
4105,Utilitie payment,synthetic,0
4106,Unit letting,synthetic,0
4107,Rentt disbursement,synthetic,1
4108,Ren tpayment,synthetic,1
4109,500 Oak Ave payment,synthetic,1
4110,HOA fee + insurance,synthetic,0
4111,Utility fee + tax,synthetic,0
4112,Remittance to Moore,synthetic,1
4113,Rent-pay ment,synthetic,1
4114,Building payment for residential unit,synthetic,1
4115,Invoice #APT2024-001,synthetic,1
4116,Property management remittance,synthetic,1
4117,Lodgings remittance,synthetic,1
4118,Unit fee for residential unit,synthetic,1
4119,SERVICE - AUTO,synthetic,0
4120,Tenancy payment,synthetic,0
4121,Distinct from rent - service,synthetic,0
4122,RENT: UNIT 304,synthetic,1
4123,Rent payment (primary residence),synthetic,1
4124,Remittance to Moore,synthetic,0
4125,Residential payment Semi-monthly,synthetic,1
4126,Ren tpayment,synthetic,1
4127,Building disbursement,synthetic,0
4128,Maintenence payment,synthetic,0
4129,Crib fee,synthetic,1
4130,Rent(payment),synthetic,1
4131,Service Every 30 days,synthetic,0
4132,Recurring transfer to Smith,synthetic,0
4133,Maintenence payment,synthetic,0
4134,Lodgings remittance,synthetic,0
4135,Transfer to Miller,synthetic,0
4136,Unit Management,synthetic,0
4137,Debit to Anderson,synthetic,0
4138,Rent/payment,synthetic,1
4139,Membership 5th monthly,synthetic,0
4140,Service fee + insurance,synthetic,0
4141,Monthly payment to John,synthetic,0
4142,Rent-paymnt,synthetic,1
4143,Real estate management fee,synthetic,1
4144,Residential payment 25th standing,synthetic,1
4145,RENT: UNIT 304,synthetic,1
4146,RENT: UNIT 304,synthetic,1
4147,Unit Management,synthetic,0
4148,HOA fee incl. services,synthetic,0
4149,Besides rent - insurance,synthetic,0
4150,RENT_INVOICE_001,synthetic,1
4151,For 303 Parkview,synthetic,1
4152,RENT: UNIT 304,synthetic,1
4153,Dwelling disbursement plus fees,synthetic,1
4154,Rent payment (apartment),synthetic,1
4155,Utilitie payment,synthetic,0
4156,Payment ref: HOUSING-,synthetic,1
4157,CHARGE - MONTHLY,synthetic,0
4158,CHARGE - AUTO,synthetic,0
4159,Service 5th monthly,synthetic,0
4160,Apartment payment + parking,synthetic,1
4161,Rent payment (apartment),synthetic,1
4162,CHARGE - RECURRING,synthetic,0
4163,Servise payment,synthetic,0
4164,Place remittance,synthetic,1
4165,Letting fee,synthetic,0
4166,Condo fee,synthetic,1
4167,Subscription 20th periodic,synthetic,0
4168,Payment to Wilson,synthetic,1
4169,Lease obligation payment,synthetic,1
4170,Membership 1st of month,synthetic,0
4171,Subscription 15th auto,synthetic,0
4172,CHARGE - MONTHLY,synthetic,0
4173,Remittance to Moore,synthetic,0
4174,RENT PAYMENT (MONTHLY),synthetic,1
4175,Other than rent - tax,synthetic,0
4176,Utilitie payment,synthetic,0
4177,Rent/payment,synthetic,1
4178,Membership Every 30 days,synthetic,0
4179,Digs payment,synthetic,0
4180,Excluding rent - HOA,synthetic,0
4181,Residential payment Every 30 days,synthetic,1
4182,Residential Services,synthetic,1
4183,Lodgings remittance,synthetic,0
4184,RENT - DO NOT DELETE,synthetic,1
4185,RENT~MONTHLY,synthetic,1
4186,Rant fee,synthetic,1
4187,Unit Management (Unit 6C),synthetic,1
4188,Digs payment,synthetic,0
4189,Residential payment 5th monthly,synthetic,1
4190,NOT rent - utilities,synthetic,0
4191,Property fee,synthetic,0
4192,Housing Associates,synthetic,0
4193,Separate from rent - deposit,synthetic,0
4194,Service fee + tax,synthetic,0
4195,Premises Services,synthetic,1
4196,Monthly payment to John,synthetic,0
4197,CHARGE - AUTO,synthetic,0
4198,FEE - MONTHLY,synthetic,0
4199,Non-rent housing expense,synthetic,0
4200,Lease payment,synthetic,0
4201,Premises Services,synthetic,0
4202,Unit payment,synthetic,0
4203,CHARGE - MONTHLY,synthetic,0
4204,R3nt fee,synthetic,1
4205,HOA fee + insurance,synthetic,0
4206,Unit letting,synthetic,1
4207,Premises maintenance remittance,synthetic,1
4208,Unit letting,synthetic,1
4209,Service Quarterly,synthetic,0
4210,Rant remittance,synthetic,1
4211,RENT - APT 5B,synthetic,1
4212,Residential payment Last day,synthetic,1
4213,Maintenence payment,synthetic,0
4214,Rent (missed auto),synthetic,1
4215,Place remittance,synthetic,0
4216,Real Estate Solutions,synthetic,1
4217,Rent payment (primary residence),synthetic,1
4218,CHARGE - AUTO,synthetic,0
4219,Transfer to Miller,synthetic,1
4220,Membership 5th monthly,synthetic,0
4221,RENT>>PAYMENT,synthetic,1
4222,UTILITY - RECURRING,synthetic,0
4223,RENT~MONTHLY,synthetic,1
4224,Mid-month transfer,synthetic,0
4225,Unit fee for residential unit,synthetic,1
4226,Residential payment 10th recurring,synthetic,1
4227,Building payment,synthetic,0
4228,RENT: UNIT 304,synthetic,1
4229,Utility fee + tax,synthetic,0
4230,First of month payment,synthetic,1
4231,Service Monthly anniversary,synthetic,0
4232,Rent with included services,synthetic,1
4233,Maintenence payment,synthetic,0
4234,Rent payment (primary residence),synthetic,1
4235,Recurring transfer to Smith,synthetic,0
4236,Habitation remittance with utilities,synthetic,1
4237,Ren tpayment,synthetic,1
4238,SERVICE - RECURRING,synthetic,0
4239,Subscription Quarterly,synthetic,0
4240,Wire to Thompson,synthetic,0
4241,FEE - MONTHLY,synthetic,0
4242,Property payment,synthetic,0
4243,Premises fee with service charge,synthetic,1
4244,Subscripton payment,synthetic,0
4245,Maintenance fee + insurance,synthetic,0
4246,Additional to rent - fee,synthetic,0
4247,Accommodation remittance including tax,synthetic,1
4248,Remittance to Moore,synthetic,1
4249,Domicile Solutions (Unit 45B),synthetic,1
4250,Excluding rent - HOA,synthetic,0
4251,Rant remittance,synthetic,1
4252,Membership 5th monthly,synthetic,0
4253,Wire to Thompson,synthetic,1
4254,Service 1st of month,synthetic,0
4255,Residential payment Semi-monthly,synthetic,1
4256,Crib fee,synthetic,1
4257,Independent of rent - repair,synthetic,0
4258,Mid-month transfer,synthetic,1
4259,First of month payment,synthetic,0
4260,Lease payment for residential unit,synthetic,1
4261,Complex Services,synthetic,0
4262,Utility fee incl. services,synthetic,0
4263,Recurring 1st week,synthetic,0
4264,Zelle to Davis,synthetic,0
4265,Complex payment for residential unit,synthetic,1
4266,Strata payment,synthetic,0
4267,Quarterly dwelling,synthetic,1
4268,Transfer to Miller,synthetic,1
4269,Maintenance fee + tax,synthetic,0
4270,Unit remittance,synthetic,0
4271,Real Estate Solutions,synthetic,0
4272,Subscription 1st of month,synthetic,0
4273,Domicile Solutions,synthetic,0
4274,End of month remittance,synthetic,1
4275,Residential payment 25th standing,synthetic,1
4276,Rent-paymnt,synthetic,1
4277,Subscription Last day,synthetic,0
4278,Periodic 30th payment,synthetic,0
4279,Debit to Anderson,synthetic,0
4280,Recurring habitation expenditure,synthetic,1
4281,CHARGE - AUTO,synthetic,0
4282,Residential payment 1st of month,synthetic,1
4283,My apartment payment,synthetic,1
4284,123 Main St monthly,synthetic,1
4285,Semi-monthly residence,synthetic,1
4286,Residential payment First Monday,synthetic,1
4287,Subscription 1st of month,synthetic,0
4288,Rent payment (apartment),synthetic,1
4289,UTILITY - AUTO,synthetic,0
4290,Rent payment ,synthetic,1
4291,Mid-month transfer,synthetic,1
4292,Maintenance fee + insurance,synthetic,0
4293,Apart from rent - maintenance,synthetic,0
4294,Building disbursement,synthetic,0
4295,Monthly on 15th,synthetic,0
4296,Membership 5th monthly,synthetic,0
4297,Rentt disbursement,synthetic,1
4298,Servise payment,synthetic,0
4299,Residence fee including amenities,synthetic,1
4300,R3nt fee,synthetic,1
4301,RENT PAYMENT (MONTHLY),synthetic,1
4302,Unit fee,synthetic,0
4303,Strata payment,synthetic,1
4304,Condo fee,synthetic,0
4305,Rent/payment,synthetic,1
4306,Premises maintenance remittance,synthetic,1
4307,Subscription 1st of month,synthetic,0
4308,Subscription Last day,synthetic,0
4309,Place remittance,synthetic,0
4310,Debit to Anderson,synthetic,0
4311,Lease payment for residential unit,synthetic,1
4312,Letting fee,synthetic,0
4313,Complex management remittance,synthetic,1
4314,Condo fee,synthetic,1
4315,HOA fee + tax,synthetic,0
4316,FEE - RECURRING,synthetic,0
4317,Unit letting,synthetic,1
4318,Landlord services payment,synthetic,1
4319,Monthly on 15th,synthetic,1
4320,Letting fee,synthetic,1
4321,Spot payment,synthetic,1
4322,RENT-RECURRING,synthetic,1
4323,Residential occupancy fee,synthetic,1
4324,Tenancy payment,synthetic,1
4325,Rentt disbursement,synthetic,1
4326,Unit fee for residential unit,synthetic,1
4327,CHARGE - RECURRING,synthetic,0
4328,Abode disbursement,synthetic,1
4329,Excluding rent - HOA,synthetic,0
4330,Other than rent - tax,synthetic,0
4331,HOA fee + tax,synthetic,0
4332,Rent(payment),synthetic,1
4333,Periodic 30th payment,synthetic,0
4334,Membership Every 30 days,synthetic,0
4335,Monthly housing and utilities bundle,synthetic,1
4336,Property remittance,synthetic,0
4337,Building Management,synthetic,0
4338,Lease charge,synthetic,0
4339,SERVICE - RECURRING,synthetic,0
4340,Subscripton payment,synthetic,0
4341,Rental payment,synthetic,0
4342,Quarterly dwelling,synthetic,0
4343,Monthly payment to John (Unit 6B),synthetic,1
4344,Other than rent - tax,synthetic,0
4345,Unit letting,synthetic,0
4346,Rnet payment,synthetic,1
4347,Accommodation remittance including tax,synthetic,1
4348,Utilitie payment,synthetic,0
4349,Premises Services,synthetic,1
4350,Rent/payment,synthetic,1
4351,Domicile Solutions,synthetic,0
4352,Recurring 1st week,synthetic,0
4353,RENT~MONTHLY,synthetic,1
4354,Unit disbursement for residential unit,synthetic,1
4355,RENT: UNIT 304,synthetic,1
4356,R3nt fee,synthetic,1
4357,Remittance to Moore,synthetic,0
4358,Rent (missed auto),synthetic,1
4359,Service Semi-monthly,synthetic,0
4360,Monthly premises fee,synthetic,1
4361,Monthly housing and utilities bundle,synthetic,1
4362,Rent payment (apartment),synthetic,1
4363,Residential payment Calendar month,synthetic,1
4364,Rent-pay ment,synthetic,1
4365,Abode payment plus insurance,synthetic,1
4366,Where I live payment,synthetic,1
4367,Residential payment Calendar month,synthetic,1
4368,Residential payment Monthly anniversary,synthetic,1
4369,ACH to Johnson LLC,synthetic,1
4370,Rent with included services,synthetic,1
4371,Accommodation remittance including tax,synthetic,1
4372,RENT-RECURRING,synthetic,1
4373,Accommodation remittance including tax,synthetic,1
4374,RENT~MONTHLY,synthetic,1
4375,Pad payment,synthetic,1
4376,Domicile Solutions,synthetic,1
4377,CHARGE - AUTO,synthetic,0
4378,Rant remittance,synthetic,1
4379,Condo fee,synthetic,1
4380,Residential payment Every 30 days,synthetic,1
4381,Residential payment Semi-monthly,synthetic,1
4382,Service First Monday,synthetic,0
4383,Zelle to Davis,synthetic,0
4384,Lease fee for residential unit,synthetic,1
4385,RENT~MONTHLY,synthetic,1
4386,Rent (missed auto),synthetic,1
4387,Residential payment First Monday,synthetic,1
4388,Lease payment for residential unit,synthetic,1
4389,Monthly payment to John,synthetic,0
4390,Accommodation remittance including tax,synthetic,1
4391,Rent payment ,synthetic,1
4392,Building Management (Unit 28B),synthetic,1
4393,Habitation remittance,synthetic,1
4394,UTILITY - RECURRING,synthetic,0
4395,Domicile Solutions,synthetic,0
4396,Residential payment 5th monthly,synthetic,1
4397,Residential Services,synthetic,0
4398,Service 10th recurring,synthetic,0
4399,Rant remittance,synthetic,1
4400,Service 25th standing,synthetic,0
4401,Facility management disbursement,synthetic,1
4402,Other than rent - tax,synthetic,0
4403,Service 5th monthly,synthetic,0
4404,Dwelling disbursement plus fees,synthetic,1
4405,Residential Services,synthetic,0
4406,Abode disbursement,synthetic,1
4407,Spot payment,synthetic,0
4408,Transfer to Miller,synthetic,0
4409,Dwelling disbursement plus fees,synthetic,1
4410,RENT #2024-001,synthetic,1
4411,Unit disbursement for residential unit,synthetic,1
4412,Unit letting,synthetic,0
4413,Premises maintenance remittance,synthetic,1
4414,Real Estate Solutions,synthetic,1
4415,CHARGE - MONTHLY,synthetic,0
4416,Residential payment 25th standing,synthetic,1
4417,Ren tpayment,synthetic,1
4418,Utility fee + tax,synthetic,0
4419,Rent/payment,synthetic,1
4420,Unit disbursement,synthetic,0
4421,Letting fee,synthetic,0
4422,Rant remittance,synthetic,1
4423,Residential payment 15th auto,synthetic,1
4424,Pad payment,synthetic,1
4425,Residential payment First Monday,synthetic,1
4426,Rent(payment),synthetic,1
4427,Property management remittance,synthetic,1
4428,Abode payment plus insurance,synthetic,1
4429,Membership Bi-weekly,synthetic,0
4430,Subscription First Monday,synthetic,0
4431,Other than rent - tax,synthetic,0
4432,Building payment,synthetic,0
4433,Lodgings remittance,synthetic,0
4434,UTILITY - AUTO,synthetic,0
4435,Crib fee,synthetic,1
4436,Flat fee,synthetic,0
4437,Distinct from rent - service,synthetic,0
4438,Periodic 30th payment,synthetic,0
4439,Membership 5th monthly,synthetic,0
4440,Digs payment,synthetic,1
4441,Rental payment,synthetic,1
4442,Membership 25th standing,synthetic,0
4443,Building Management,synthetic,0
4444,Apartment payment + parking,synthetic,1
4445,Facility Solutions,synthetic,1
4446,Real Estate Solutions,synthetic,1
4447,Dwelling remittance,synthetic,1
4448,Subscription Monthly anniversary,synthetic,0
4449,Apartment 12C fee,synthetic,1
4450,Monthly housing and utilities bundle,synthetic,1
4451,Service 10th recurring,synthetic,0
4452,Building fee for residential unit,synthetic,1
4453,Building disbursement for residential unit,synthetic,1
4454,Subscripton payment,synthetic,0
4455,Debit to Anderson,synthetic,0
4456,Unit payment including maintenance,synthetic,1
4457,Spot payment,synthetic,1
4458,Residential payment 10th recurring,synthetic,1
4459,Check #1234 for monthly,synthetic,0
4460,Subscription 5th monthly,synthetic,0
4461,HOA fee + insurance,synthetic,0
4462,Servise payment,synthetic,0
4463,Quarterly dwelling,synthetic,1
4464,Rent payment ,synthetic,1
4465,Crib fee,synthetic,1
4466,Building disbursement,synthetic,0
4467,Residential payment 1st of month,synthetic,1
4468,Residential payment 10th recurring,synthetic,1
4469,Maintenence payment,synthetic,0
4470,Premises Services,synthetic,0
4471,Other than rent - tax,synthetic,0
4472,Facility Solutions,synthetic,0
4473,Dwelling disbursement plus fees,synthetic,1
4474,123 Main St monthly,synthetic,1
4475,Unit fee,synthetic,0
4476,Unit payment including maintenance,synthetic,1
4477,UTILITY - AUTO,synthetic,0
4478,Place remittance,synthetic,0
4479,Building Management,synthetic,0
4480,Flat fee,synthetic,0
4481,Rant fee,synthetic,1
4482,Building Management,synthetic,0
4483,UTILITY - RECURRING,synthetic,0
4484,RENT - APT 5B,synthetic,1
4485,Condo fee,synthetic,0
4486,Residential payment 5th monthly,synthetic,1
4487,CHARGE - AUTO,synthetic,0
4488,Accommodation remittance including tax,synthetic,1
4489,Apartment payment + parking,synthetic,1
4490,Residential payment First Monday,synthetic,1
4491,Additional to rent - fee,synthetic,0
4492,Mid-month transfer,synthetic,0
4493,Utility fee + insurance,synthetic,0
4494,End of month remittance,synthetic,1
4495,Residential payment Semi-monthly,synthetic,1
4496,Spot payment,synthetic,0
4497,Non-rent housing expense,synthetic,0
4498,Utilitie payment,synthetic,0
4499,Residential payment Monthly anniversary,synthetic,1
4500,Building payment for residential unit,synthetic,1
4501,Real Estate Solutions,synthetic,0
4502,Residential payment 5th monthly,synthetic,1
4503,Monthly on 15th,synthetic,1
4504,Wire to Thompson,synthetic,0
4505,Monthly housing and utilities bundle,synthetic,1
4506,RENT PAYMENT (MONTHLY),synthetic,1
4507,Subscription 1st of month,synthetic,0
4508,SERVICE - MONTHLY,synthetic,0
4509,Unit payment,synthetic,0
4510,Subscription Quarterly,synthetic,0
4511,Place remittance,synthetic,0
4512,CHARGE - AUTO,synthetic,0
4513,Building payment,synthetic,0
4514,Check #1234 for monthly,synthetic,1
4515,HOA fee + tax,synthetic,0
4516,Complex charge for residential unit,synthetic,1
4517,Remittance to Moore,synthetic,0
4518,Semi-monthly residence,synthetic,0
4519,Lodging remittance,synthetic,1
4520,Monthly payment to John,synthetic,0
4521,My house monthly,synthetic,1
4522,Rent-paymnt,synthetic,1
4523,Bi-weekly housing,synthetic,1
4524,For 303 Parkview,synthetic,1
4525,Utilitie payment,synthetic,0
4526,FEE - AUTO,synthetic,0
4527,Letting fee,synthetic,0
4528,Periodic domicile remittance,synthetic,1
4529,RENT>>PAYMENT,synthetic,1
4530,Lodgings remittance,synthetic,0
4531,ACH to Johnson LLC,synthetic,0
4532,Servise payment,synthetic,0
4533,Rental payment,synthetic,0
4534,Distinct from rent - service,synthetic,0
4535,Servise payment,synthetic,0
4536,Rent payment ,synthetic,1
4537,Payment on 1st of month,synthetic,1
4538,Residential payment 10th recurring,synthetic,1
4539,Building disbursement for residential unit,synthetic,1
4540,Residential payment Monthly anniversary,synthetic,1
4541,Place remittance,synthetic,1
4542,Servise payment,synthetic,0
4543,Rent-paymnt,synthetic,1
4544,Tenancy payment,synthetic,0
4545,Distinct from rent - service,synthetic,0
4546,Payment to Wilson,synthetic,0
4547,Servise payment,synthetic,0
4548,Flat fee,synthetic,1
4549,Bi-weekly housing,synthetic,0
4550,Pad payment,synthetic,0
4551,Unit Management,synthetic,0
4552,RENT - DO NOT DELETE,synthetic,1
4553,Rent payment (primary residence),synthetic,1
4554,Maintenance fee incl. services,synthetic,0
4555,Rent payment ,synthetic,1
4556,Mid-month transfer,synthetic,0
4557,HOA fee incl. services,synthetic,0
4558,Property payment,synthetic,0
4559,Apartment payment + parking,synthetic,1
4560,SERVICE - AUTO,synthetic,0
4561,UTILITY - RECURRING,synthetic,0
4562,Unit charge,synthetic,0
4563,Remittance to Moore,synthetic,0
4564,Accommodation remittance including tax,synthetic,1
4565,Residential payment 15th auto,synthetic,1
4566,RENT #2024-001,synthetic,1
4567,Monthly housing and utilities bundle,synthetic,1
4568,Residential payment 25th standing,synthetic,1
4569,Invoice: RESIDENCE,synthetic,1
4570,Property remittance for residential unit,synthetic,1
4571,Remittance to Moore,synthetic,1
4572,Zelle to Davis,synthetic,0
4573,Rent payment (primary residence),synthetic,1
4574,Rentt disbursement,synthetic,1
4575,Accommodation disbursement,synthetic,1
4576,Accommodation remittance including tax,synthetic,1
4577,Property remittance for residential unit,synthetic,1
4578,Pad payment,synthetic,1
4579,Complex payment for residential unit,synthetic,1
4580,Unit fee,synthetic,0
4581,Residential facility fee,synthetic,1
4582,Periodic 30th payment,synthetic,0
4583,Residential payment 20th periodic,synthetic,1
4584,RENT~MONTHLY,synthetic,1
4585,Unit remittance,synthetic,0
4586,RENT - DO NOT DELETE,synthetic,1
4587,Tenancy payment,synthetic,0
4588,Rent ;payment,synthetic,1
4589,Housing Associates,synthetic,0
4590,CHARGE - RECURRING,synthetic,0
4591,Rent payment ,synthetic,1
4592,Tenancy payment,synthetic,1
4593,Zelle to Davis,synthetic,1
4594,SERVICE - AUTO,synthetic,0
4595,Rent payment ,synthetic,1
4596,Building disbursement for residential unit,synthetic,1
4597,Rent(payment),synthetic,1
4598,Rent payment (apartment),synthetic,1
4599,RENT - DO NOT DELETE,synthetic,1
4600,Payment to Wilson,synthetic,0
4601,Independent of rent - repair,synthetic,0
4602,Rent payment ,synthetic,1
4603,Unit disbursement,synthetic,0
4604,Rent (missed auto),synthetic,1
4605,Complex payment for residential unit,synthetic,1
4606,Housing Associates,synthetic,0
4607,Unit payment including maintenance,synthetic,1
4608,Service 20th periodic,synthetic,0
4609,Non-rent housing expense,synthetic,0
4610,Maintenance fee + insurance,synthetic,0
4611,Monthly payment to John,synthetic,1
4612,Rent payment ,synthetic,1
4613,Utility fee incl. services,synthetic,0
4614,Unit fee for residential unit,synthetic,1
4615,Service Semi-monthly,synthetic,0
4616,Tenancy payment,synthetic,0
4617,Complex Services,synthetic,1
4618,Recurring 1st week,synthetic,0
4619,End of month remittance,synthetic,0
4620,Rental payment,synthetic,0
4621,Maintenance fee + insurance,synthetic,0
4622,Rent payment (apartment),synthetic,1
4623,Maintenance fee incl. services,synthetic,0
4624,Rent-pay ment,synthetic,1
4625,Utility fee + tax,synthetic,0
4626,Rent (missed auto),synthetic,1
4627,RENT>>PAYMENT,synthetic,1
4628,Service fee + insurance,synthetic,0
4629,Wire to Thompson,synthetic,1
4630,Membership 5th monthly,synthetic,0
4631,HOA fee + tax,synthetic,0
4632,RENT~MONTHLY,synthetic,1
4633,Rent payment (apartment),synthetic,1
4634,Residential payment 20th periodic,synthetic,1
4635,RENT - DO NOT DELETE,synthetic,1
4636,RENT~MONTHLY,synthetic,1
4637,Facility Solutions,synthetic,0
4638,Facility Solutions,synthetic,0
4639,Quarterly dwelling,synthetic,0
4640,Rent payment (apartment),synthetic,1
4641,Servise payment,synthetic,0
4642,Habitation remittance with utilities,synthetic,1
4643,Rnet payment,synthetic,1
4644,UTILITY - RECURRING,synthetic,0
4645,Subscripton payment,synthetic,0
4646,Residential payment Bi-weekly,synthetic,1
4647,Unit payment including maintenance,synthetic,1
4648,Rent payment ,synthetic,1
4649,Unit remittance,synthetic,0
4650,Strata payment,synthetic,1
4651,Letting fee,synthetic,0
4652,Rent payment ,synthetic,1
4653,Building administration fee,synthetic,1
4654,Domicile Solutions,synthetic,0
4655,ACH to Johnson LLC,synthetic,1
4656,Maintenence payment,synthetic,0
4657,Ren tpayment,synthetic,1
4658,Invoice #APT2024-001,synthetic,1
4659,Residential payment Every 30 days,synthetic,1
4660,Accommodation disbursement,synthetic,1
4661,Accommodation disbursement,synthetic,1
4662,Maintenance fee + tax,synthetic,0
4663,RENT - DO NOT DELETE,synthetic,1
4664,Housing Associates,synthetic,1
4665,Rent payment (primary residence),synthetic,1
4666,HOA fee + insurance,synthetic,0
4667,Property payment,synthetic,0
4668,Rent payment (apartment),synthetic,1
4669,Property Services LLC (Unit 10C),synthetic,1
4670,Pad payment,synthetic,0
4671,RENT - APT 5B,synthetic,1
4672,Service fee incl. services,synthetic,0
4673,Place remittance,synthetic,1
4674,Monthly housing and utilities bundle,synthetic,1
4675,Crib fee,synthetic,0
4676,Other than rent - tax,synthetic,0
4677,Spot payment,synthetic,1
4678,Invoice: RESIDENCE,synthetic,1
4679,Servise payment,synthetic,0
4680,Accommodation remittance including tax,synthetic,1
4681,Maintenence payment,synthetic,0
4682,Recurring transfer to Smith,synthetic,0
4683,Premises fee with service charge,synthetic,1
4684,Rent..payment,synthetic,1
4685,Complex Services,synthetic,1
4686,Unit disbursement,synthetic,0
4687,Utilitie payment,synthetic,0
4688,Lease payment,synthetic,0
4689,Property payment,synthetic,0
4690,Accommodation remittance including tax,synthetic,1
4691,Maintenance fee incl. services,synthetic,0
4692,Rent payment (apartment),synthetic,1
4693,Rent payment (apartment),synthetic,1
4694,Property remittance for residential unit,synthetic,1
4695,Apart from rent - maintenance,synthetic,0
4696,Payment to Wilson,synthetic,0
4697,Periodic domicile remittance,synthetic,1
4698,Complex fee,synthetic,0
4699,Pad payment,synthetic,0
4700,Transfer to Miller,synthetic,0
4701,Building fee for residential unit,synthetic,1
4702,Letting fee,synthetic,1
4703,Apart from rent - maintenance,synthetic,0
4704,End of month remittance,synthetic,1
4705,Unit letting,synthetic,0
4706,Rent (missed auto),synthetic,1
4707,Property remittance for residential unit,synthetic,1
4708,Utilitie payment,synthetic,0
4709,Tenancy remittance,synthetic,1
4710,Subscription 5th monthly,synthetic,0
4711,Residential payment Quarterly,synthetic,1
4712,Accommodation disbursement,synthetic,1
4713,Independent of rent - repair,synthetic,0
4714,RENT PAYMENT (MONTHLY),synthetic,1
4715,Rent payment ,synthetic,1
4716,Real Estate Solutions (Unit 9A),synthetic,1
4717,RENT: UNIT 304,synthetic,1
4718,Building Management,synthetic,0
4719,Residential payment 10th recurring,synthetic,1
4720,Residential payment Semi-monthly,synthetic,1
4721,Unit 7B monthly,synthetic,1
4722,Apartment payment + parking,synthetic,1
4723,Real Estate Solutions,synthetic,1
4724,Rant remittance,synthetic,1
4725,Utility fee + tax,synthetic,0
4726,Remittance to Moore,synthetic,0
4727,Rnet payment,synthetic,1
4728,RENT - APT 5B,synthetic,1
4729,Rent ;payment,synthetic,1
4730,Rent payment (primary residence),synthetic,1
4731,Property management remittance,synthetic,1
4732,Property remittance,synthetic,0
4733,HOA fee + insurance,synthetic,0
4734,Monthly housing and utilities bundle,synthetic,1
4735,Bi-weekly housing,synthetic,0
4736,Utilitie payment,synthetic,0
4737,Distinct from rent - service,synthetic,0
4738,Unit payment,synthetic,0
4739,RENT-RECURRING,synthetic,1
4740,Unit payment for residential unit,synthetic,1
4741,CHARGE - RECURRING,synthetic,0
4742,FEE - MONTHLY,synthetic,0
4743,Recurring habitation expenditure,synthetic,1
4744,Property fee,synthetic,0
4745,Unit charge,synthetic,0
4746,Real Estate Solutions,synthetic,0
4747,Quarterly dwelling,synthetic,1
4748,Rent with included services,synthetic,1
4749,Apartment payment + parking,synthetic,1
4750,Rent (missed auto),synthetic,1
4751,Recurring 1st week,synthetic,0
4752,RENT - APT 5B,synthetic,1
4753,Remittance: DWELLING,synthetic,1
4754,RENT>>PAYMENT,synthetic,1
4755,Membership Bi-weekly,synthetic,0
4756,Subscription Monthly anniversary,synthetic,0
4757,Rent-paymnt,synthetic,1
4758,Building disbursement for residential unit,synthetic,1
4759,Residential occupancy fee,synthetic,1
4760,Residential payment 10th recurring,synthetic,1
4761,Service Every 30 days,synthetic,0
4762,HOA fee + tax,synthetic,0
4763,Pad payment,synthetic,1
4764,Residential occupancy fee,synthetic,1
4765,Payment on 1st of month,synthetic,0
4766,Pad payment,synthetic,0
4767,Service 15th auto,synthetic,0
4768,RENT - DO NOT DELETE,synthetic,1
4769,HOA fee + tax,synthetic,0
4770,Domicile Solutions,synthetic,0
4771,Utilitie payment,synthetic,0
4772,Service Monthly anniversary,synthetic,0
4773,Besides rent - insurance,synthetic,0
4774,Periodic domicile remittance,synthetic,1
4775,Semi-monthly residence,synthetic,0
4776,Housing Associates,synthetic,0
4777,Monthly payment to John,synthetic,0
4778,Building Management,synthetic,0
4779,RENT PAYMENT (MONTHLY),synthetic,1
4780,Unit Management,synthetic,0
4781,Bi-weekly housing (Unit 20C),synthetic,1
4782,R3nt fee,synthetic,1
4783,Zelle to Davis,synthetic,0
4784,UTILITY - MONTHLY,synthetic,0
4785,Payment to Wilson,synthetic,0
4786,Rnet payment,synthetic,1
4787,Utility fee + tax,synthetic,0
4788,Service 10th recurring,synthetic,0
4789,R3nt fee,synthetic,1
4790,Property remittance for residential unit,synthetic,1
4791,R3nt fee,synthetic,1
4792,Domicile Solutions (Unit 23A),synthetic,1
4793,Independent of rent - repair,synthetic,0
4794,Unit payment,synthetic,0
4795,Letting fee,synthetic,0
4796,Utility fee + insurance,synthetic,0
4797,CHARGE - RECURRING,synthetic,0
4798,Residential payment First Monday,synthetic,1
4799,HOA fee + insurance,synthetic,0
4800,Wire to Thompson,synthetic,0
4801,Property fee for residential unit,synthetic,1
4802,HOA fee + tax,synthetic,0
4803,Rent-paymnt,synthetic,1
4804,Utility fee + insurance,synthetic,0
4805,CHARGE - AUTO,synthetic,0
4806,Mid-month transfer,synthetic,0
4807,Lease fee,synthetic,0
4808,Semi-monthly residence,synthetic,1
4809,Maintenance fee incl. services,synthetic,0
4810,Separate from rent - deposit,synthetic,0
4811,Maintenence payment,synthetic,0
4812,Subscription Calendar month,synthetic,0
4813,Rent payment (apartment),synthetic,1
4814,FEE - RECURRING,synthetic,0
4815,UTILITY - RECURRING,synthetic,0
4816,Lodgings remittance,synthetic,0
4817,Residential payment Monthly anniversary,synthetic,1
4818,Lease obligation payment,synthetic,1
4819,Unit fee,synthetic,0
4820,Digs payment,synthetic,0
4821,Separate from rent - deposit,synthetic,0
4822,CHARGE - RECURRING,synthetic,0
4823,ACH to Johnson LLC,synthetic,0
4824,RENT_INVOICE_001,synthetic,1
4825,CHARGE - AUTO,synthetic,0
4826,Where I live payment,synthetic,1
4827,Subscripton payment,synthetic,0
4828,Servise payment,synthetic,0
4829,Independent of rent - repair,synthetic,0
4830,Digs payment,synthetic,1
4831,Building Management (Unit 39C),synthetic,1
4832,Rant remittance,synthetic,1
4833,Lease charge,synthetic,0
4834,Unit payment,synthetic,0
4835,Dwelling disbursement plus fees,synthetic,1
4836,Complex Services,synthetic,1
4837,Maintenance fee + insurance,synthetic,0
4838,Ref: RES-UNIT-5B,synthetic,1
4839,ACH to Johnson LLC,synthetic,0
4840,Membership 1st of month,synthetic,0
4841,Wire to Thompson,synthetic,1
4842,FEE - MONTHLY,synthetic,0
4843,Quarterly dwelling,synthetic,0
4844,Monthly payment to John,synthetic,0
4845,Unit payment,synthetic,0
4846,CHARGE - MONTHLY,synthetic,0
4847,Quarterly dwelling,synthetic,0
4848,Building administration fee,synthetic,1
4849,UTILITY - AUTO,synthetic,0
4850,Building Management,synthetic,0
4851,Strata payment,synthetic,0
4852,Tenancy payment,synthetic,0
4853,Complex Services,synthetic,1
4854,Lodgings remittance,synthetic,0
4855,Residential payment Semi-monthly,synthetic,1
4856,Rent payment (apartment),synthetic,1
4857,End of month remittance,synthetic,0
4858,RENT - APT 5B,synthetic,1
4859,Utilitie payment,synthetic,0
4860,Servise payment,synthetic,0
4861,Rentt disbursement,synthetic,1
4862,Subscripton payment,synthetic,0
4863,Recurring 1st week (Unit 14C),synthetic,1
4864,Pad payment,synthetic,1
4865,FEE - AUTO,synthetic,0
4866,Excluding rent - HOA,synthetic,0
4867,Real Estate Solutions,synthetic,0
4868,Apart from rent - maintenance,synthetic,0
4869,Invoice: RESIDENCE,synthetic,1
4870,Membership Every 30 days,synthetic,0
4871,Property payment for residential unit,synthetic,1
4872,Maintenance fee + insurance,synthetic,0
4873,Lease fee for residential unit,synthetic,1
4874,Unit charge,synthetic,0
4875,ACH to Johnson LLC,synthetic,0
4876,Recurring 1st week,synthetic,0
4877,Servise payment,synthetic,0
4878,Utility fee + tax,synthetic,0
4879,Residential facility fee,synthetic,1
4880,Rent with included services,synthetic,1
4881,Lodgings remittance,synthetic,1
4882,Payment on 1st of month,synthetic,0
4883,Membership First Monday,synthetic,0
4884,Semi-monthly residence,synthetic,0
4885,Complex Services,synthetic,1
4886,Excluding rent - HOA,synthetic,0
4887,Place remittance,synthetic,0
4888,Additional to rent - fee,synthetic,0
4889,Rental payment,synthetic,0
4890,SERVICE - AUTO,synthetic,0
4891,Excluding rent - HOA,synthetic,0
4892,Subscripton payment,synthetic,0
4893,Service Bi-weekly,synthetic,0
4894,Apartment payment + parking,synthetic,1
4895,Zelle to Davis (Unit 46C),synthetic,1
4896,Condo fee,synthetic,1
4897,Residential payment Monthly anniversary,synthetic,1
4898,Subscripton payment,synthetic,0
4899,Unit payment,synthetic,0
4900,Premises fee with service charge,synthetic,1
4901,Service 15th auto,synthetic,0
4902,FEE - MONTHLY,synthetic,0
4903,Recurring 1st week,synthetic,0
4904,Utility fee incl. services,synthetic,0
4905,Unit disbursement,synthetic,0
4906,Crib fee,synthetic,0
4907,Besides rent - insurance,synthetic,0
4908,Residential facility fee,synthetic,1
4909,Landlord services payment,synthetic,1
4910,Other than rent - tax,synthetic,0
4911,RENT~MONTHLY,synthetic,1
4912,Subscription Monthly anniversary,synthetic,0
4913,Residential payment 1st of month,synthetic,1
4914,Residential Services,synthetic,0
4915,Condo fee,synthetic,1
4916,Building Management,synthetic,0
4917,Premises fee with service charge,synthetic,1
4918,Separate from rent - deposit,synthetic,0
4919,Unit letting,synthetic,0
4920,Rent payment ,synthetic,1
4921,Rent payment (primary residence),synthetic,1
4922,Separate from rent - deposit,synthetic,0
4923,Residence fee including amenities,synthetic,1
4924,Residential payment 25th standing,synthetic,1
4925,Habitation remittance with utilities,synthetic,1
4926,CHARGE - RECURRING,synthetic,0
4927,Check #1234 for monthly,synthetic,0
4928,First of month payment,synthetic,0
4929,Lodgings remittance,synthetic,0
4930,Rent-pay ment,synthetic,1
4931,Remittance to Moore,synthetic,1
4932,Invoice: RESIDENCE,synthetic,1
4933,Strata payment,synthetic,1
4934,Residential payment 1st of month,synthetic,1
4935,Periodic 30th payment,synthetic,0
4936,RENT - DO NOT DELETE,synthetic,1
4937,FEE - RECURRING,synthetic,0
4938,Premises fee with service charge,synthetic,1
4939,Habitation remittance with utilities,synthetic,1
4940,Rant fee,synthetic,1
4941,Distinct from rent - service,synthetic,0
4942,Building fee for residential unit,synthetic,1
4943,Rent payment (apartment),synthetic,1
4944,Monthly payment to John,synthetic,0
4945,Residential payment 10th recurring,synthetic,1
4946,Subscripton payment,synthetic,0
4947,Residential payment Monthly anniversary,synthetic,1
4948,Premises Services (Unit 36A),synthetic,1
4949,Apartment payment + parking,synthetic,1
4950,CHARGE - MONTHLY,synthetic,0
4951,Check #1234 for monthly,synthetic,0
4952,Independent of rent - repair,synthetic,0
4953,Utility fee incl. services,synthetic,0
4954,Rent payment (apartment),synthetic,1
4955,Remittance: DWELLING,synthetic,1
4956,Independent of rent - repair,synthetic,0
4957,Rent (missed auto),synthetic,1
4958,Maintenance fee incl. services,synthetic,0
4959,Flat fee,synthetic,0
4960,Residential occupancy fee,synthetic,1
4961,Apart from rent - maintenance,synthetic,0
4962,Digs payment,synthetic,0
4963,Rent-paymnt,synthetic,1
4964,End of month remittance,synthetic,0
4965,Monthly housing and utilities bundle,synthetic,1
4966,Non-rent housing expense,synthetic,0
4967,Rant fee,synthetic,1
4968,Tenancy payment,synthetic,1
4969,Rental payment,synthetic,1
4970,Lease fee for residential unit,synthetic,1
4971,Unit charge for residential unit,synthetic,1
4972,Lease charge,synthetic,0
4973,Domicile Solutions (Unit 3C),synthetic,1
4974,Property remittance,synthetic,0
4975,Place remittance,synthetic,1
4976,Premises Services,synthetic,0
4977,UTILITY - AUTO,synthetic,0
4978,Maintenance fee + insurance,synthetic,0
4979,Crib fee,synthetic,1
4980,Residential payment Monthly anniversary,synthetic,1
4981,Lease charge for residential unit,synthetic,1
4982,FEE - RECURRING,synthetic,0
4983,Wire to Thompson,synthetic,0
4984,Service 1st of month,synthetic,0
4985,Servise payment,synthetic,0
4986,Servise payment,synthetic,0
4987,NOT rent - utilities,synthetic,0
4988,Rent payment (primary residence),synthetic,1
4989,Residence fee including amenities,synthetic,1
4990,Property Services LLC,synthetic,0
4991,Periodic 30th payment,synthetic,0
4992,Monthly on 15th,synthetic,0
4993,Unit charge for residential unit,synthetic,1
4994,Residence fee including amenities,synthetic,1
4995,Building fee for residential unit,synthetic,1
4996,Dwelling disbursement plus fees,synthetic,1
4997,Check #1234 for monthly,synthetic,0
4998,Servise payment,synthetic,0
4999,RENT - APT 5B,synthetic,1
5000,Abode payment plus insurance,synthetic,1
5001,Building fee,synthetic,0
5002,Premises fee with service charge,synthetic,1
5003,Utility fee + insurance,synthetic,0
5004,Domicile disbursement,synthetic,1
5005,Rent payment (apartment),synthetic,1
5006,Servise payment,synthetic,0
5007,Mid-month transfer (Unit 9B),synthetic,1
5008,Subscripton payment,synthetic,0
5009,Residential payment Quarterly,synthetic,1
5010,Lease fee,synthetic,0
5011,Building Management,synthetic,0
5012,Zelle to Davis,synthetic,1
5013,Building Management,synthetic,0
5014,Distinct from rent - service,synthetic,0
5015,Maintenence payment,synthetic,0
5016,Unit letting,synthetic,1
5017,Semi-monthly residence,synthetic,0
5018,Servise payment,synthetic,0
5019,RENT-RECURRING,synthetic,1
5020,Recurring 1st week,synthetic,1
5021,Rent payment ,synthetic,1
5022,Pad payment,synthetic,0
5023,Service 10th recurring,synthetic,0
5024,Maintenance fee incl. services,synthetic,0
5025,Flat fee,synthetic,1
5026,Habitation remittance with utilities,synthetic,1
5027,Service Every 30 days,synthetic,0
5028,Bi-weekly housing,synthetic,1
5029,Rent (missed auto),synthetic,1
5030,Residential Services,synthetic,1
5031,Periodic 30th payment,synthetic,1
5032,500 Oak Ave payment,synthetic,1
5033,FEE - MONTHLY,synthetic,0
5034,Subscripton payment,synthetic,0
5035,RENT|AUTO,synthetic,1
5036,Ren tpayment,synthetic,1
5037,RENT|AUTO,synthetic,1
5038,Flat fee,synthetic,0
5039,ACH to Johnson LLC,synthetic,1
5040,Residential Services (Unit 41C),synthetic,1
5041,Rent (missed auto),synthetic,1
5042,Tenancy remittance,synthetic,1
5043,Zelle to Davis,synthetic,0
5044,UTILITY - RECURRING,synthetic,0
5045,Real Estate Solutions,synthetic,1
5046,Service fee incl. services,synthetic,0
5047,HOA fee + insurance,synthetic,0
5048,Subscription Calendar month,synthetic,0
5049,Condo fee,synthetic,1
5050,Residential payment 15th auto,synthetic,1
5051,Real Estate Solutions,synthetic,0
5052,UTILITY - AUTO,synthetic,0
5053,Residential payment Semi-monthly,synthetic,1
5054,Residence fee including amenities,synthetic,1
5055,Premises Services,synthetic,0
5056,Unit remittance for residential unit,synthetic,1
5057,Condo fee,synthetic,1
5058,Unit letting,synthetic,0
5059,Unit Management,synthetic,1
5060,Maintenance fee + tax,synthetic,0
5061,Subscripton payment,synthetic,0
5062,Rent ;payment,synthetic,1
5063,Rent..payment,synthetic,1
5064,Utilitie payment,synthetic,0
5065,Utility fee + insurance,synthetic,0
5066,Independent of rent - repair,synthetic,0
5067,My apartment payment,synthetic,1
5068,End of month remittance,synthetic,0
5069,Property Services LLC,synthetic,1
5070,Remittance to Moore,synthetic,1
5071,UTILITY - MONTHLY,synthetic,0
5072,Rent payment (apartment),synthetic,1
5073,Building Management,synthetic,0
5074,Invoice #APT2024-001,synthetic,1
5075,Maintenance fee + tax,synthetic,0
5076,Lodging remittance,synthetic,1
5077,Servise payment,synthetic,0
5078,Membership Monthly anniversary,synthetic,0
5079,Property management remittance,synthetic,1
5080,Building administration fee,synthetic,1
5081,Letting fee,synthetic,0
5082,Bi-weekly housing,synthetic,0
5083,Crib fee,synthetic,0
5084,Membership 25th standing,synthetic,0
5085,Rant fee,synthetic,1
5086,Additional to rent - fee,synthetic,0
5087,Rental payment,synthetic,0
5088,Rentt disbursement,synthetic,1
5089,Spot payment,synthetic,1
5090,Remittance: DWELLING,synthetic,1
5091,Premises fee with service charge,synthetic,1
5092,Recurring 1st week,synthetic,1
5093,Complex charge,synthetic,0
5094,Apartment 12C fee,synthetic,1
5095,Independent of rent - repair,synthetic,0
5096,Semi-monthly residence,synthetic,0
5097,Lodgings remittance,synthetic,0
5098,FEE - AUTO,synthetic,0
5099,RENT>>PAYMENT,synthetic,1
5100,Premises Services,synthetic,0
5101,Rent payment ,synthetic,1
5102,Accommodation disbursement,synthetic,1
5103,Membership First Monday,synthetic,0
5104,Subscripton payment,synthetic,0
5105,Membership 20th periodic,synthetic,0
5106,Rent payment ,synthetic,1
5107,Rent-pay ment,synthetic,1
5108,Domicile Solutions,synthetic,0
5109,Residential Services,synthetic,0
5110,R3nt fee,synthetic,1
5111,Tenancy payment,synthetic,0
5112,Rentt disbursement,synthetic,1
5113,Lease charge,synthetic,0
5114,Servise payment,synthetic,0
5115,RENT~MONTHLY,synthetic,1
5116,Rent payment (apartment),synthetic,1
5117,Building administration fee,synthetic,1
5118,Payment on 1st of month,synthetic,1
5119,Facility Solutions,synthetic,0
5120,Unit payment for residential unit,synthetic,1
5121,End of month remittance,synthetic,0
5122,Rent payment ,synthetic,1
5123,Maintenence payment,synthetic,0
5124,Membership 25th standing,synthetic,0
5125,Letting fee,synthetic,1
5126,Crib fee,synthetic,1
5127,Domicile Solutions,synthetic,0
5128,Periodic 30th payment,synthetic,1
5129,Apart from rent - maintenance,synthetic,0
5130,RENT>>PAYMENT,synthetic,1
5131,Accommodation disbursement,synthetic,1
5132,HOA fee + insurance,synthetic,0
5133,Maintenence payment,synthetic,0
5134,HOA fee + tax,synthetic,0
5135,Rentt disbursement,synthetic,1
5136,Unit fee,synthetic,0
5137,Maintenance fee incl. services,synthetic,0
5138,NOT rent - utilities,synthetic,0
5139,Spot payment,synthetic,0
5140,Invoice #APT2024-001,synthetic,1
5141,Rent payment ,synthetic,1
5142,Rent payment ,synthetic,1
5143,Lease charge,synthetic,0
5144,Building Management,synthetic,0
5145,Lease charge for residential unit,synthetic,1
5146,RENT>>PAYMENT,synthetic,1
5147,Residential payment 25th standing,synthetic,1
5148,Service 10th recurring,synthetic,0
5149,Transfer to Miller,synthetic,0
5150,Unit Management,synthetic,0
5151,Monthly housing and utilities bundle,synthetic,1
5152,RENT-RECURRING,synthetic,1
5153,Maintenence payment,synthetic,0
5154,Utilitie payment,synthetic,0
5155,Rant remittance,synthetic,1
5156,Rent payment (primary residence),synthetic,1
5157,R3nt fee,synthetic,1
5158,FEE - RECURRING,synthetic,0
5159,Membership Calendar month,synthetic,0
5160,Wire to Thompson,synthetic,0
5161,123 Main St monthly,synthetic,1
5162,Tenancy payment,synthetic,0
5163,Unit payment for residential unit,synthetic,1
5164,Monthly housing and utilities bundle,synthetic,1
5165,Independent of rent - repair,synthetic,0
5166,Unit payment including maintenance,synthetic,1
5167,Abode disbursement,synthetic,1
5168,Membership Calendar month,synthetic,0
5169,Building payment,synthetic,0
5170,Spot payment,synthetic,1
5171,Subscription 5th monthly,synthetic,0
5172,Unit Management,synthetic,0
5173,Monthly payment to John,synthetic,0
5174,Periodic 30th payment,synthetic,0
5175,Recurring transfer to Smith,synthetic,0
5176,Digs payment,synthetic,0
5177,Housing allocation payment,synthetic,1
5178,Residential payment Monthly anniversary,synthetic,1
5179,Flat fee,synthetic,0
5180,Housing Associates,synthetic,0
5181,Lease charge,synthetic,0
5182,Spot payment,synthetic,1
5183,Besides rent - insurance,synthetic,0
5184,CHARGE - AUTO,synthetic,0
5185,Utility fee incl. services,synthetic,0
5186,Servise payment,synthetic,0
5187,Apart from rent - maintenance,synthetic,0
5188,RENT - APT 5B,synthetic,1
5189,Rent(payment),synthetic,1
5190,Debit to Anderson,synthetic,0
5191,Place I stay remittance,synthetic,1
5192,Service fee + tax,synthetic,0
5193,Monthly on 15th,synthetic,1
5194,Lodging remittance,synthetic,1
5195,Habitation remittance with utilities,synthetic,1
5196,Wire to Thompson (Unit 19C),synthetic,1
5197,Monthly payment to John,synthetic,1
5198,Accommodation remittance including tax,synthetic,1
5199,Residential payment 15th auto,synthetic,1
5200,Unit Management,synthetic,0
5201,Rent-paymnt,synthetic,1
5202,Non-rent housing expense,synthetic,0
5203,Unit disbursement,synthetic,0
5204,Semi-monthly residence,synthetic,0
5205,Building Management,synthetic,1
5206,RENT - DO NOT DELETE,synthetic,1
5207,FEE - AUTO,synthetic,0
5208,Rent(payment),synthetic,1
5209,Rent payment ,synthetic,1
5210,Habitation remittance with utilities,synthetic,1
5211,First of month payment,synthetic,0
5212,Building disbursement for residential unit,synthetic,1
5213,Complex payment,synthetic,0
5214,Debit to Anderson,synthetic,0
5215,Recurring habitation expenditure,synthetic,1
5216,Complex Services (Unit 41C),synthetic,1
5217,Rent with included services,synthetic,1
5218,Residential occupancy fee,synthetic,1
5219,Subscripton payment,synthetic,0
5220,Property remittance,synthetic,0
5221,Remittance to Moore,synthetic,0
5222,Housing Associates,synthetic,1
5223,Servise payment,synthetic,0
5224,Lease fee for residential unit,synthetic,1
5225,Separate from rent - deposit,synthetic,0
5226,Periodic 30th payment,synthetic,0
5227,Periodic domicile remittance,synthetic,1
5228,Property payment,synthetic,0
5229,ACH to Johnson LLC,synthetic,0
5230,RENT - APT 5B,synthetic,1
5231,Lodgings remittance,synthetic,1
5232,Maintenence payment,synthetic,0
5233,Monthly on 15th,synthetic,0
5234,Separate from rent - deposit,synthetic,0
5235,Rent payment ,synthetic,1
5236,Residential payment First Monday,synthetic,1
5237,Building fee,synthetic,0
5238,Strata payment,synthetic,0
5239,Complex fee for residential unit,synthetic,1
5240,Unit remittance for residential unit,synthetic,1
5241,Remittance to Moore,synthetic,1
5242,Residential payment Every 30 days,synthetic,1
5243,Unit payment including maintenance,synthetic,1
5244,Spot payment,synthetic,1
5245,Strata payment,synthetic,0
5246,Subscription 20th periodic,synthetic,0
5247,Residential payment Monthly anniversary,synthetic,1
5248,SERVICE - AUTO,synthetic,0
5249,Residence fee including amenities,synthetic,1
5250,Maintenence payment,synthetic,0
5251,Residential payment Semi-monthly,synthetic,1
5252,RENT PAYMENT (MONTHLY),synthetic,1
5253,Payment on 1st of month,synthetic,0
5254,Residential payment 15th auto,synthetic,1
5255,Tenancy payment,synthetic,1
5256,Unit letting,synthetic,1
5257,Unit payment for residential unit,synthetic,1
5258,Unit payment,synthetic,0
5259,Building disbursement for residential unit,synthetic,1
5260,Residential payment Monthly anniversary,synthetic,1
5261,Maintenence payment,synthetic,0
5262,Letting fee,synthetic,1
5263,Lodging remittance,synthetic,1
5264,Accommodation remittance including tax,synthetic,1
5265,Monthly housing and utilities bundle,synthetic,1
5266,ACH to Johnson LLC,synthetic,1
5267,Unit fee,synthetic,0
5268,Semi-monthly residence,synthetic,0
5269,Rent payment (apartment),synthetic,1
5270,Service 1st of month,synthetic,0
5271,Rent payment ,synthetic,1
5272,Additional to rent - fee,synthetic,0
5273,Rant fee,synthetic,1
5274,Additional to rent - fee,synthetic,0
5275,Service First Monday,synthetic,0
5276,NOT rent - utilities,synthetic,0
5277,Remittance to Moore,synthetic,0
5278,Semi-monthly residence,synthetic,0
5279,Membership 10th recurring,synthetic,0
5280,Abode disbursement,synthetic,1
5281,Besides rent - insurance,synthetic,0
5282,My house monthly,synthetic,1
5283,Maintenence payment,synthetic,0
5284,Property payment for residential unit,synthetic,1
5285,Utility fee + tax,synthetic,0
5286,Abode payment plus insurance,synthetic,1
5287,Dwelling remittance,synthetic,1
5288,Subscripton payment,synthetic,0
5289,Housing Associates,synthetic,0
5290,Unit charge,synthetic,0
5291,Abode payment plus insurance,synthetic,1
5292,Rent payment ,synthetic,1
5293,Real estate management fee,synthetic,1
5294,Lease charge,synthetic,0
5295,Habitation remittance with utilities,synthetic,1
5296,Complex Services,synthetic,1
5297,Remittance to Moore,synthetic,0
5298,R3nt fee,synthetic,1
5299,R3nt fee,synthetic,1
5300,Complex charge,synthetic,0
5301,RENT-RECURRING,synthetic,1
5302,Apartment payment + parking,synthetic,1
5303,Subscription 10th recurring,synthetic,0
5304,SERVICE - RECURRING,synthetic,0
5305,Residential payment 15th auto,synthetic,1
5306,Rent payment (primary residence),synthetic,1
5307,Service fee + tax,synthetic,0
5308,Check #1234 for monthly,synthetic,0
5309,Service fee + insurance,synthetic,0
5310,First of month payment,synthetic,0
5311,Utilitie payment,synthetic,0
5312,Payment on 1st of month,synthetic,0
5313,Monthly on 15th,synthetic,0
5314,Complex payment for residential unit,synthetic,1
5315,Rent payment (primary residence),synthetic,1
5316,Unit fee,synthetic,0
5317,Subscripton payment,synthetic,0
5318,Maintenence payment,synthetic,0
5319,Service Quarterly,synthetic,0
5320,Unit payment,synthetic,0
5321,Rent payment ,synthetic,1
5322,Residential payment Semi-monthly,synthetic,1
5323,Monthly premises fee,synthetic,1
5324,Maintenance fee + tax,synthetic,0
5325,SERVICE - MONTHLY,synthetic,0
5326,Monthly payment to John,synthetic,0
5327,RENT-RECURRING,synthetic,1
5328,Maintenence payment,synthetic,0
5329,CHARGE - AUTO,synthetic,0
5330,Apart from rent - maintenance,synthetic,0
5331,Rent payment ,synthetic,1
5332,Pad payment,synthetic,1
5333,Digs payment,synthetic,0
5334,Property remittance for residential unit,synthetic,1
5335,Lease payment,synthetic,0
5336,123 Main St monthly,synthetic,1
5337,Building fee for residential unit,synthetic,1
5338,Letting fee,synthetic,0
5339,Rent payment ,synthetic,1
5340,Rent/payment,synthetic,1
5341,Subscription Monthly anniversary,synthetic,0
5342,Complex fee,synthetic,0
5343,Apart from rent - maintenance,synthetic,0
5344,Crib fee,synthetic,1
5345,SERVICE - AUTO,synthetic,0
5346,Accommodation disbursement,synthetic,1
5347,Place remittance,synthetic,1
5348,Apartment 12C fee,synthetic,1
5349,Servise payment,synthetic,0
5350,HOA fee + tax,synthetic,0
5351,Lodgings remittance,synthetic,0
5352,Domicile Solutions,synthetic,0
5353,Property payment for residential unit,synthetic,1
5354,Utilitie payment,synthetic,0
5355,Complex Services,synthetic,1
5356,Separate from rent - deposit,synthetic,0
5357,Quarterly dwelling,synthetic,1
5358,Residential Services,synthetic,1
5359,FEE - RECURRING,synthetic,0
5360,Complex Services (Unit 22C),synthetic,1
5361,Residential payment 10th recurring,synthetic,1
5362,Recurring transfer to Smith,synthetic,0
5363,Residence fee including amenities,synthetic,1
5364,Flat fee,synthetic,0
5365,Invoice #APT2024-001,synthetic,1
5366,Residence fee including amenities,synthetic,1
5367,Quarterly dwelling,synthetic,0
5368,Recurring 1st week,synthetic,0
5369,Additional to rent - fee,synthetic,0
5370,End of month remittance,synthetic,1
5371,Unit Management,synthetic,0
5372,Accommodation remittance including tax,synthetic,1
5373,Utilitie payment,synthetic,0
5374,Additional to rent - fee,synthetic,0
5375,Subscription 10th recurring,synthetic,0
5376,Flat fee,synthetic,0
5377,Flat fee,synthetic,0
5378,Rent payment (apartment),synthetic,1
5379,Rent (missed auto),synthetic,1
5380,Rent payment (primary residence),synthetic,1
5381,Remittance to Moore,synthetic,0
5382,RENT_INVOICE_001,synthetic,1
5383,Service fee + tax,synthetic,0
5384,Service Quarterly,synthetic,0
5385,Lease payment for residential unit,synthetic,1
5386,CHARGE - AUTO,synthetic,0
5387,Residential payment 15th auto,synthetic,1
5388,FEE - MONTHLY,synthetic,0
5389,Service 10th recurring,synthetic,0
5390,Property fee for residential unit,synthetic,1
5391,Other than rent - tax,synthetic,0
5392,Lease fee,synthetic,0
5393,Residential Services,synthetic,0
5394,Premises Services,synthetic,0
5395,Transfer to Miller (Unit 8A),synthetic,1
5396,Rent payment ,synthetic,1
5397,NOT rent - utilities,synthetic,0
5398,Rentt disbursement,synthetic,1
5399,First of month payment,synthetic,0
5400,Maintenence payment,synthetic,0
5401,RENT PAYMENT (MONTHLY),synthetic,1
5402,Building Management,synthetic,0
5403,Service fee + insurance,synthetic,0
5404,RENT|AUTO,synthetic,1
5405,HOA fee + tax,synthetic,0
5406,Periodic domicile remittance,synthetic,1
5407,Unit payment including maintenance,synthetic,1
5408,ACH to Johnson LLC,synthetic,0
5409,Zelle to Davis,synthetic,0
5410,CHARGE - RECURRING,synthetic,0
5411,Recurring 1st week (Unit 22A),synthetic,1
5412,SERVICE - MONTHLY,synthetic,0
5413,Bi-weekly housing,synthetic,0
5414,Maintenance fee + tax,synthetic,0
5415,Residential payment 5th monthly,synthetic,1
5416,Apart from rent - maintenance,synthetic,0
5417,Additional to rent - fee,synthetic,0
5418,FEE - AUTO,synthetic,0
5419,Building payment for residential unit,synthetic,1
5420,Separate from rent - deposit,synthetic,0
5421,Utility fee incl. services,synthetic,0
5422,Property fee,synthetic,0
5423,Subscripton payment,synthetic,0
5424,Monthly housing and utilities bundle,synthetic,1
5425,500 Oak Ave payment,synthetic,1
5426,Monthly housing and utilities bundle,synthetic,1
5427,Mid-month transfer,synthetic,1
5428,Monthly payment to John (Unit 29A),synthetic,1
5429,Independent of rent - repair,synthetic,0
5430,SERVICE - AUTO,synthetic,0
5431,Transfer to Miller,synthetic,0
5432,Membership Bi-weekly,synthetic,0
5433,Strata payment,synthetic,1
5434,Membership 10th recurring,synthetic,0
5435,Membership Monthly anniversary,synthetic,0
5436,Premises maintenance remittance,synthetic,1
5437,ACH to Johnson LLC,synthetic,0
5438,Flat fee,synthetic,0
5439,Lease fee for residential unit,synthetic,1
5440,Monthly housing and utilities bundle,synthetic,1
5441,Pad payment,synthetic,1
5442,Monthly payment to John,synthetic,1
5443,Residence fee including amenities,synthetic,1
5444,Unit payment,synthetic,0
5445,Lease payment for residential unit,synthetic,1
5446,Spot payment,synthetic,1
5447,Service Last day,synthetic,0
5448,Residential facility fee,synthetic,1
5449,Rent payment (primary residence),synthetic,1
5450,Recurring 1st week,synthetic,1
5451,Property fee for residential unit,synthetic,1
5452,Building fee,synthetic,0
5453,RENT|AUTO,synthetic,1
5454,Apart from rent - maintenance,synthetic,0
5455,RENT - APT 5B,synthetic,1
5456,Real Estate Solutions,synthetic,0
5457,Rent payment (primary residence),synthetic,1
5458,Rent-paymnt,synthetic,1
5459,Residential payment 20th periodic,synthetic,1
5460,Maintenance fee + insurance,synthetic,0
5461,Membership 20th periodic,synthetic,0
5462,Accommodation remittance including tax,synthetic,1
5463,Utilitie payment,synthetic,0
5464,RENT: UNIT 304,synthetic,1
5465,Subscription Quarterly,synthetic,0
5466,Strata payment,synthetic,1
5467,Unit fee,synthetic,0
5468,Residential payment 20th periodic,synthetic,1
5469,Digs payment,synthetic,1
5470,Rent-paymnt,synthetic,1
5471,Service Quarterly,synthetic,0
5472,Residential payment Quarterly,synthetic,1
5473,Subscripton payment,synthetic,0
5474,Servise payment,synthetic,0
5475,Membership First Monday,synthetic,0
5476,Residential payment 15th auto,synthetic,1
5477,Servise payment,synthetic,0
5478,Premises Services (Unit 47A),synthetic,1
5479,SERVICE - RECURRING,synthetic,0
5480,Rnet payment,synthetic,1
5481,Unit letting,synthetic,1
5482,Residential payment Semi-monthly,synthetic,1
5483,Unit letting,synthetic,0
5484,Lodgings remittance,synthetic,0
5485,Building Management,synthetic,0
5486,Periodic domicile remittance,synthetic,1
5487,Besides rent - insurance,synthetic,0
5488,Recurring transfer to Smith (Unit 11C),synthetic,1
5489,R3nt fee,synthetic,1
5490,Crib fee,synthetic,0
5491,Abode disbursement,synthetic,1
5492,Mid-month transfer,synthetic,0
5493,Monthly payment to John,synthetic,0
5494,RENT_INVOICE_001,synthetic,1
5495,NOT rent - utilities,synthetic,0
5496,Rentt disbursement,synthetic,1
5497,Where I live payment,synthetic,1
5498,RENT PAYMENT (MONTHLY),synthetic,1
5499,Maintenance fee + insurance,synthetic,0
5500,Complex fee for residential unit,synthetic,1
5501,Payment to Wilson,synthetic,1
5502,Rent payment ,synthetic,1
5503,Monthly housing and utilities bundle,synthetic,1
5504,Service Quarterly,synthetic,0
5505,End of month remittance,synthetic,0
5506,Monthly premises fee,synthetic,1
5507,Crib fee,synthetic,1
5508,Periodic 30th payment,synthetic,0
5509,Rent-paymnt,synthetic,1
5510,RENT #2024-001,synthetic,1
5511,Periodic domicile remittance,synthetic,1
5512,Remittance to Moore (Unit 49C),synthetic,1
5513,Pad payment,synthetic,0
5514,Monthly payment to John,synthetic,1
5515,Letting fee,synthetic,1
5516,Residential payment Bi-weekly,synthetic,1
5517,Digs payment,synthetic,0
5518,Payment to Wilson,synthetic,1
5519,Other than rent - tax,synthetic,0
5520,Lease fee,synthetic,0
5521,Unit payment,synthetic,0
5522,Debit to Anderson,synthetic,0
5523,Strata payment,synthetic,0
5524,Complex charge,synthetic,0
5525,Service 25th standing,synthetic,0
5526,Residence fee including amenities,synthetic,1
5527,Building payment for residential unit,synthetic,1
5528,SERVICE - AUTO,synthetic,0
5529,Ren tpayment,synthetic,1
5530,Strata payment,synthetic,0
5531,UTILITY - MONTHLY,synthetic,0
5532,Membership 20th periodic,synthetic,0
5533,Premises Services,synthetic,0
5534,CHARGE - RECURRING,synthetic,0
5535,Utilitie payment,synthetic,0
5536,Membership Last day,synthetic,0
5537,RENT~MONTHLY,synthetic,1
5538,Rent payment (apartment),synthetic,1
5539,Non-rent housing expense,synthetic,0
5540,Lodgings remittance,synthetic,0
5541,Bi-weekly housing,synthetic,1
5542,Lease fee for residential unit,synthetic,1
5543,RENT PAYMENT (MONTHLY),synthetic,1
5544,Premises Services,synthetic,0
5545,Maintenence payment,synthetic,0
5546,Recurring 1st week,synthetic,0
5547,Property fee for residential unit,synthetic,1
5548,FEE - AUTO,synthetic,0
5549,Ref: RES-UNIT-5B,synthetic,1
5550,Rent (missed auto),synthetic,1
5551,Strata payment,synthetic,0
5552,Besides rent - insurance,synthetic,0
5553,Invoice: RESIDENCE,synthetic,1
5554,Maintenence payment,synthetic,0
5555,Rent payment ,synthetic,1
5556,Accommodation remittance including tax,synthetic,1
5557,Digs payment,synthetic,0
5558,Periodic domicile remittance,synthetic,1
5559,Abode disbursement,synthetic,1
5560,NOT rent - utilities,synthetic,0
5561,Besides rent - insurance,synthetic,0
5562,Pad payment,synthetic,0
5563,Residential payment Last day,synthetic,1
5564,Real Estate Solutions,synthetic,0
5565,123 Main St monthly,synthetic,1
5566,Rent payment (primary residence),synthetic,1
5567,Residential facility fee,synthetic,1
5568,Rent ;payment,synthetic,1
5569,Monthly payment to John,synthetic,0
5570,Rent..payment,synthetic,1
5571,Monthly payment to John,synthetic,0
5572,Residential payment 5th monthly,synthetic,1
5573,Complex Services,synthetic,1
5574,SERVICE - AUTO,synthetic,0
5575,Lease payment for residential unit,synthetic,1
5576,Check #1234 for monthly,synthetic,0
5577,Lease fee,synthetic,0
5578,Strata payment,synthetic,0
5579,Property remittance for residential unit,synthetic,1
5580,Residential Services (Unit 25C),synthetic,1
5581,Apart from rent - maintenance,synthetic,0
5582,RENT #2024-001,synthetic,1
5583,Bi-weekly housing,synthetic,0
5584,Remittance: DWELLING,synthetic,1
5585,Property fee,synthetic,0
5586,Debit to Anderson,synthetic,0
5587,Letting fee,synthetic,1
5588,Rant fee,synthetic,1
5589,Other than rent - tax,synthetic,0
5590,RENT|AUTO,synthetic,1
5591,Rent-pay ment,synthetic,1
5592,RENT|AUTO,synthetic,1
5593,Periodic 30th payment (Unit 3C),synthetic,1
5594,Residential payment Bi-weekly,synthetic,1
5595,Rant fee,synthetic,1
5596,Debit to Anderson,synthetic,0
5597,Check #1234 for monthly,synthetic,0
5598,Rnet payment,synthetic,1
5599,Subscription Every 30 days,synthetic,0
5600,ACH to Johnson LLC,synthetic,1
5601,Utilitie payment,synthetic,0
5602,Apartment 12C fee,synthetic,1
5603,HOA fee + insurance,synthetic,0
5604,Servise payment,synthetic,0
5605,Subscription Last day,synthetic,0
5606,Additional to rent - fee,synthetic,0
5607,Transfer to Miller,synthetic,0
5608,Maintenance fee + tax,synthetic,0
5609,Residential Services,synthetic,1
5610,Service Last day,synthetic,0
5611,End of month remittance,synthetic,0
5612,First of month payment,synthetic,1
5613,Residential payment Monthly anniversary,synthetic,1
5614,Utility fee + insurance,synthetic,0
5615,Accommodation remittance including tax,synthetic,1
5616,My apartment payment,synthetic,1
5617,Residential payment Every 30 days,synthetic,1
5618,UTILITY - RECURRING,synthetic,0
5619,Service fee + tax,synthetic,0
5620,First of month payment,synthetic,1
5621,Maintenence payment,synthetic,0
5622,Zelle to Davis,synthetic,0
5623,Lease fee,synthetic,0
5624,Additional to rent - fee,synthetic,0
5625,Quarterly dwelling,synthetic,0
5626,Lease charge for residential unit,synthetic,1
5627,FEE - MONTHLY,synthetic,0
5628,Membership Quarterly,synthetic,0
5629,Utilitie payment,synthetic,0
5630,Unit remittance for residential unit,synthetic,1
5631,Residential Services,synthetic,0
5632,Non-rent housing expense,synthetic,0
5633,Rant fee,synthetic,1
5634,Unit remittance,synthetic,0
5635,Residential payment 25th standing,synthetic,1
5636,Rent payment (primary residence),synthetic,1
5637,Premises Services,synthetic,0
5638,Rent payment (apartment),synthetic,1
5639,Rant fee,synthetic,1
5640,Wire to Thompson,synthetic,0
5641,RENT - APT 5B,synthetic,1
5642,Letting fee,synthetic,1
5643,Wire to Thompson,synthetic,1
5644,Maintenance fee incl. services,synthetic,0
5645,Payment ref: HOUSING-,synthetic,1
5646,Transfer to Miller,synthetic,1
5647,Other than rent - tax,synthetic,0
5648,Monthly on 15th,synthetic,0
5649,Independent of rent - repair,synthetic,0
5650,Apartment 12C fee,synthetic,1
5651,Subscription Semi-monthly,synthetic,0
5652,Servise payment,synthetic,0
5653,Real Estate Solutions,synthetic,1
5654,Spot payment,synthetic,0
5655,Utilitie payment,synthetic,0
5656,First of month payment,synthetic,0
5657,Building payment for residential unit,synthetic,1
5658,Lease payment for residential unit,synthetic,1
5659,RENT - APT 5B,synthetic,1
5660,CHARGE - MONTHLY,synthetic,0
5661,Unit charge for residential unit,synthetic,1
5662,UTILITY - RECURRING,synthetic,0
5663,Rent ;payment,synthetic,1
5664,FEE - AUTO,synthetic,0
5665,Lease charge for residential unit,synthetic,1
5666,Membership Every 30 days,synthetic,0
5667,Servise payment,synthetic,0
5668,Residential payment Last day,synthetic,1
5669,Transfer to Miller,synthetic,0
5670,Rent payment ,synthetic,1
5671,Maintenence payment,synthetic,0
5672,Rent payment (primary residence),synthetic,1
5673,Unit remittance for residential unit,synthetic,1
5674,End of month remittance,synthetic,1
5675,Residential payment Monthly anniversary,synthetic,1
5676,Utility fee + insurance,synthetic,0
5677,Excluding rent - HOA,synthetic,0
5678,Additional to rent - fee,synthetic,0
5679,Residential payment 5th monthly,synthetic,1
5680,Rent payment (primary residence),synthetic,1
5681,Monthly payment to John,synthetic,0
5682,Place remittance,synthetic,0
5683,Place remittance,synthetic,1
5684,Servise payment,synthetic,0
5685,Besides rent - insurance,synthetic,0
5686,Rent payment ,synthetic,1
5687,Facility Solutions,synthetic,0
5688,Residential payment 1st of month,synthetic,1
5689,Residential payment 1st of month,synthetic,1
5690,Rent payment (apartment),synthetic,1
5691,Subscription First Monday,synthetic,0
5692,Unit Management,synthetic,0
5693,Rent payment ,synthetic,1
5694,Pad payment,synthetic,0
5695,For 303 Parkview,synthetic,1
5696,Membership 15th auto,synthetic,0
5697,Payment on 1st of month,synthetic,0
5698,Unit charge,synthetic,0
5699,Complex charge,synthetic,0
5700,Unit payment for residential unit,synthetic,1
5701,Property payment,synthetic,0
5702,Subscription 20th periodic,synthetic,0
5703,Transfer to Miller (Unit 4B),synthetic,1
5704,Membership 25th standing,synthetic,0
5705,Complex management remittance,synthetic,1
5706,Distinct from rent - service,synthetic,0
5707,Premises Services,synthetic,0
5708,RENT-RECURRING,synthetic,1
5709,FEE - MONTHLY,synthetic,0
5710,Rent(payment),synthetic,1
5711,Ref: RES-UNIT-5B,synthetic,1
5712,Complex Services,synthetic,0
5713,Unit charge,synthetic,0
5714,Unit Management,synthetic,0
5715,Complex Services,synthetic,0
5716,Utility fee + insurance,synthetic,0
5717,Besides rent - insurance,synthetic,0
5718,Housing allocation payment,synthetic,1
5719,Rent-pay ment,synthetic,1
5720,SERVICE - RECURRING,synthetic,0
5721,First of month payment,synthetic,1
5722,Semi-monthly residence,synthetic,0
5723,Residential Services,synthetic,0
5724,Subscription Last day,synthetic,0
5725,Subscription First Monday,synthetic,0
5726,Maintenence payment,synthetic,0
5727,Subscription 10th recurring,synthetic,0
5728,Habitation remittance with utilities,synthetic,1
5729,Place remittance,synthetic,0
5730,Check #1234 for monthly (Unit 19A),synthetic,1
5731,Housing Associates,synthetic,0
5732,Property payment for residential unit,synthetic,1
5733,Subscripton payment,synthetic,0
5734,Unit remittance,synthetic,0
5735,Building fee for residential unit,synthetic,1
5736,Payment on 1st of month,synthetic,1
5737,Building disbursement for residential unit,synthetic,1
5738,Building fee for residential unit,synthetic,1
5739,Utilitie payment,synthetic,0
5740,Rent ;payment,synthetic,1
5741,Property Services LLC,synthetic,0
5742,123 Main St monthly,synthetic,1
5743,Residential payment Bi-weekly,synthetic,1
5744,Unit letting,synthetic,1
5745,Building disbursement for residential unit,synthetic,1
5746,Debit to Anderson,synthetic,0
5747,Unit letting,synthetic,0
5748,Maintenence payment,synthetic,0
5749,Besides rent - insurance,synthetic,0
5750,Place I stay remittance,synthetic,1
5751,Separate from rent - deposit,synthetic,0
5752,Other than rent - tax,synthetic,0
5753,Residential payment Last day,synthetic,1
5754,Residential payment Calendar month,synthetic,1
5755,Domicile Solutions,synthetic,0
5756,Building disbursement for residential unit,synthetic,1
5757,Subscripton payment,synthetic,0
5758,Wire to Thompson,synthetic,0
5759,Building disbursement,synthetic,0
5760,Payment to Wilson,synthetic,1
5761,Membership Calendar month,synthetic,0
5762,Rent payment (apartment),synthetic,1
5763,Periodic domicile remittance,synthetic,1
5764,Monthly premises fee,synthetic,1
5765,Rent payment ,synthetic,1
5766,Rent payment (apartment),synthetic,1
5767,Utilitie payment,synthetic,0
5768,Maintenence payment,synthetic,0
5769,Utility fee + tax,synthetic,0
5770,Rent payment (primary residence),synthetic,1
5771,Service fee + tax,synthetic,0
5772,Rent payment (apartment),synthetic,1
5773,Rent with included services,synthetic,1
5774,Complex management remittance,synthetic,1
5775,Rent payment (apartment),synthetic,1
5776,Real Estate Solutions,synthetic,0
5777,Subscription 25th standing,synthetic,0
5778,Unit payment including maintenance,synthetic,1
5779,Building fee for residential unit,synthetic,1
5780,Lease fee for residential unit,synthetic,1
5781,Rent ;payment,synthetic,1
5782,Facility management disbursement,synthetic,1
5783,Lease fee for residential unit,synthetic,1
5784,Utilitie payment,synthetic,0
5785,CHARGE - AUTO,synthetic,0
5786,Place remittance,synthetic,1
5787,Building Management,synthetic,1
5788,Service Monthly anniversary,synthetic,0
5789,Property fee for residential unit,synthetic,1
5790,Payment on 1st of month,synthetic,1
5791,Strata payment,synthetic,0
5792,Flat fee,synthetic,0
5793,Maintenance fee + insurance,synthetic,0
5794,Dwelling disbursement plus fees,synthetic,1
5795,Place remittance,synthetic,1
5796,Rent payment (apartment),synthetic,1
5797,Lease charge,synthetic,0
5798,Periodic 30th payment,synthetic,0
5799,RENT~MONTHLY,synthetic,1
5800,Rent payment ,synthetic,1
5801,Transfer to Miller (Unit 49B),synthetic,1
5802,Complex management remittance,synthetic,1
5803,Unit payment for residential unit,synthetic,1
5804,Tenancy payment,synthetic,1
5805,Housing Associates,synthetic,0
5806,Invoice: RESIDENCE,synthetic,1
5807,Other than rent - tax,synthetic,0
5808,Pad payment,synthetic,0
5809,Property remittance for residential unit,synthetic,1
5810,Wire to Thompson,synthetic,0
5811,Subscription 1st of month,synthetic,0
5812,Zelle to Davis,synthetic,0
5813,Unit fee for residential unit,synthetic,1
5814,Remittance: DWELLING,synthetic,1
5815,Distinct from rent - service,synthetic,0
5816,RENT|AUTO,synthetic,1
5817,Payment to Wilson,synthetic,0
5818,CHARGE - RECURRING,synthetic,0
5819,Semi-monthly residence,synthetic,0
5820,Maintenance fee + insurance,synthetic,0
5821,Rent payment ,synthetic,1
5822,Residence disbursement,synthetic,1
5823,Transfer to Miller,synthetic,1
5824,Premises Services,synthetic,0
5825,CHARGE - AUTO,synthetic,0
5826,Facility management disbursement,synthetic,1
5827,Residential payment Every 30 days,synthetic,1
5828,HOA fee + tax,synthetic,0
5829,Dwelling disbursement plus fees,synthetic,1
5830,Complex Services,synthetic,0
5831,Payment to Wilson,synthetic,0
5832,Zelle to Davis,synthetic,0
5833,Additional to rent - fee,synthetic,0
5834,Residential payment Quarterly,synthetic,1
5835,Utility fee + insurance,synthetic,0
5836,Additional to rent - fee,synthetic,0
5837,Recurring 1st week,synthetic,1
5838,Transfer to Miller,synthetic,1
5839,Residential Services,synthetic,0
5840,Premises fee with service charge,synthetic,1
5841,Dwelling remittance,synthetic,1
5842,Maintenance fee + tax,synthetic,0
5843,ACH to Johnson LLC,synthetic,0
5844,Zelle to Davis,synthetic,0
5845,Residential payment 5th monthly,synthetic,1
5846,Rent..payment,synthetic,1
5847,Residential payment Every 30 days,synthetic,1
5848,Monthly on 15th,synthetic,1
5849,ACH to Johnson LLC (Unit 25B),synthetic,1
5850,RENT-RECURRING,synthetic,1
5851,Place I stay remittance,synthetic,1
5852,Payment on 1st of month,synthetic,1
5853,Payment to Wilson,synthetic,0
5854,Premises fee with service charge,synthetic,1
5855,Property management remittance,synthetic,1
5856,RENT - APT 5B,synthetic,1
5857,Service fee + insurance,synthetic,0
5858,Unit remittance,synthetic,0
5859,Tenancy payment,synthetic,1
5860,Monthly housing and utilities bundle,synthetic,1
5861,Bi-weekly housing,synthetic,0
5862,Utilitie payment,synthetic,0
5863,RENT - APT 5B,synthetic,1
5864,CHARGE - MONTHLY,synthetic,0
5865,500 Oak Ave payment,synthetic,1
5866,Residence fee including amenities,synthetic,1
5867,Unit fee for residential unit,synthetic,1
5868,Abode disbursement,synthetic,1
5869,Servise payment,synthetic,0
5870,Tenancy payment,synthetic,0
5871,Wire to Thompson,synthetic,0
5872,UTILITY - MONTHLY,synthetic,0
5873,Residential payment Bi-weekly,synthetic,1
5874,Rent with included services,synthetic,1
5875,Distinct from rent - service,synthetic,0
5876,Additional to rent - fee,synthetic,0
5877,Rent payment ,synthetic,1
5878,RENT-RECURRING,synthetic,1
5879,Residence fee including amenities,synthetic,1
5880,Zelle to Davis,synthetic,1
5881,HOA fee + tax,synthetic,0
5882,For 303 Parkview,synthetic,1
5883,Letting fee,synthetic,0
5884,Remittance to Moore,synthetic,0
5885,RENT_INVOICE_001,synthetic,1
5886,Rant remittance,synthetic,1
5887,RENT PAYMENT (MONTHLY),synthetic,1
5888,Building disbursement for residential unit,synthetic,1
5889,FEE - RECURRING,synthetic,0
5890,Wire to Thompson (Unit 21B),synthetic,1
5891,Other than rent - tax,synthetic,0
5892,Additional to rent - fee,synthetic,0
5893,Payment to Wilson,synthetic,1
5894,Monthly housing and utilities bundle,synthetic,1
5895,Building payment,synthetic,0
5896,Residential Services (Unit 23B),synthetic,1
5897,FEE - MONTHLY,synthetic,0
5898,Unit remittance for residential unit,synthetic,1
5899,Invoice: RESIDENCE,synthetic,1
5900,Residence fee including amenities,synthetic,1
5901,Tenancy payment,synthetic,0
5902,Unit payment for residential unit,synthetic,1
5903,Rent payment (primary residence),synthetic,1
5904,UTILITY - AUTO,synthetic,0
5905,Unit letting,synthetic,1
5906,Other than rent - tax,synthetic,0
5907,Place remittance,synthetic,0
5908,Place remittance,synthetic,1
5909,First of month payment,synthetic,0
5910,Rent payment (apartment),synthetic,1
5911,Subscription Semi-monthly,synthetic,0
5912,FEE - RECURRING,synthetic,0
5913,Subscripton payment,synthetic,0
5914,HOA fee + insurance,synthetic,0
5915,Transfer to Miller,synthetic,0
5916,Rent payment (primary residence),synthetic,1
5917,CHARGE - RECURRING,synthetic,0
5918,Real Estate Solutions (Unit 17A),synthetic,1
5919,Rent payment (apartment),synthetic,1
5920,Unit disbursement,synthetic,0
5921,Unit payment including maintenance,synthetic,1
5922,Service Calendar month,synthetic,0
5923,Residential payment Every 30 days,synthetic,1
5924,Payment on 1st of month,synthetic,0
5925,Housing Associates,synthetic,0
5926,Building disbursement,synthetic,0
5927,Property Services LLC,synthetic,0
5928,RENT - DO NOT DELETE,synthetic,1
5929,Spot payment,synthetic,0
5930,Membership Bi-weekly,synthetic,0
5931,Residential Services,synthetic,0
5932,Rent payment (primary residence),synthetic,1
5933,Utility fee + tax,synthetic,0
5934,Facility Solutions,synthetic,0
5935,Other than rent - tax,synthetic,0
5936,Rent payment (primary residence),synthetic,1
5937,Building administration fee,synthetic,1
5938,Apartment payment + parking,synthetic,1
5939,Residential facility fee,synthetic,1
5940,Periodic 30th payment,synthetic,0
5941,Tenancy payment,synthetic,0
5942,Apartment payment + parking,synthetic,1
5943,Abode disbursement,synthetic,1
5944,Rent payment (primary residence),synthetic,1
5945,RENT - DO NOT DELETE,synthetic,1
5946,Maintenance fee + tax,synthetic,0
5947,Building fee for residential unit,synthetic,1
5948,Rant remittance,synthetic,1
5949,Monthly premises fee,synthetic,1
5950,Tenancy payment,synthetic,1
5951,Building Management,synthetic,0
5952,Servise payment,synthetic,0
5953,FEE - AUTO,synthetic,0
5954,Condo fee,synthetic,0
5955,Building Management,synthetic,1
5956,First of month payment,synthetic,0
5957,Tenancy remittance,synthetic,1
5958,Lodgings remittance,synthetic,0
5959,Monthly premises fee,synthetic,1
5960,Property payment,synthetic,0
5961,Dwelling remittance,synthetic,1
5962,Service 5th monthly,synthetic,0
5963,Dwelling disbursement plus fees,synthetic,1
5964,Subscription Monthly anniversary,synthetic,0
5965,Besides rent - insurance,synthetic,0
5966,My apartment payment,synthetic,1
5967,Residential payment Quarterly,synthetic,1
5968,Flat fee,synthetic,1
5969,Residential payment 25th standing,synthetic,1
5970,RENT: UNIT 304,synthetic,1
5971,Unit charge for residential unit,synthetic,1
5972,Residential payment Semi-monthly,synthetic,1
5973,Service fee incl. services,synthetic,0
5974,NOT rent - utilities,synthetic,0
5975,Property payment,synthetic,0
5976,Subscripton payment,synthetic,0
5977,Subscripton payment,synthetic,0
5978,Rant fee,synthetic,1
5979,Unit payment,synthetic,0
5980,Wire to Thompson,synthetic,0
5981,Remittance to Moore (Unit 20B),synthetic,1
5982,Rent payment (apartment),synthetic,1
5983,Periodic 30th payment,synthetic,0
5984,Other than rent - tax,synthetic,0
5985,Apartment 12C fee,synthetic,1
5986,Utility fee + insurance,synthetic,0
5987,Lease fee for residential unit,synthetic,1
5988,Non-rent housing expense,synthetic,0
5989,Remittance: DWELLING,synthetic,1
5990,Utilitie payment,synthetic,0
5991,Flat fee,synthetic,0
5992,NOT rent - utilities,synthetic,0
5993,Digs payment,synthetic,1
5994,Residential payment Semi-monthly,synthetic,1
5995,Abode payment plus insurance,synthetic,1
5996,Complex Services,synthetic,0
5997,HOA fee incl. services,synthetic,0
5998,Ren tpayment,synthetic,1
5999,Utilitie payment,synthetic,0
6000,RENT PAYMENT (MONTHLY),synthetic,1
6001,Residential payment 25th standing,synthetic,1
6002,UTILITY - RECURRING,synthetic,0
6003,Unit fee,synthetic,0
6004,Service Monthly anniversary,synthetic,0
6005,Residential payment 1st of month,synthetic,1
6006,CHARGE - MONTHLY,synthetic,0
6007,RENT: UNIT 304,synthetic,1
6008,Strata payment,synthetic,0
6009,Rent (missed auto),synthetic,1
6010,Subscripton payment,synthetic,0
6011,Unit payment for residential unit,synthetic,1
6012,RENT_INVOICE_001,synthetic,1
6013,Rent payment (apartment),synthetic,1
6014,Complex payment,synthetic,0
6015,RENT|AUTO,synthetic,1
6016,Letting fee,synthetic,1
6017,Wire to Thompson,synthetic,1
6018,Residence disbursement,synthetic,1
6019,Wire to Thompson (Unit 6A),synthetic,1
6020,Utilitie payment,synthetic,0
6021,Residence fee including amenities,synthetic,1
6022,Recurring 1st week,synthetic,0
6023,Residential Services,synthetic,0
6024,Rent payment (apartment),synthetic,1
6025,Building Management,synthetic,0
6026,UTILITY - RECURRING,synthetic,0
6027,Periodic 30th payment,synthetic,0
6028,Abode payment plus insurance,synthetic,1
6029,Zelle to Davis,synthetic,0
6030,Habitation remittance with utilities,synthetic,1
6031,For 303 Parkview,synthetic,1
6032,Payment on 1st of month,synthetic,0
6033,Servise payment,synthetic,0
6034,Abode payment plus insurance,synthetic,1
6035,Unit remittance for residential unit,synthetic,1
6036,Subscripton payment,synthetic,0
6037,Recurring transfer to Smith,synthetic,0
6038,Complex Services,synthetic,0
6039,Unit 7B monthly,synthetic,1
6040,End of month remittance,synthetic,0
6041,Habitation remittance with utilities,synthetic,1
6042,123 Main St monthly,synthetic,1
6043,Residence fee including amenities,synthetic,1
6044,Property fee for residential unit,synthetic,1
6045,First of month payment,synthetic,0
6046,Letting fee,synthetic,0
6047,Residence fee including amenities,synthetic,1
6048,Strata payment,synthetic,1
6049,Complex Services,synthetic,0
6050,Semi-monthly residence,synthetic,1
6051,Abode disbursement,synthetic,1
6052,Rent ;payment,synthetic,1
6053,Service fee incl. services,synthetic,0
6054,Crib fee,synthetic,1
6055,Letting fee,synthetic,0
6056,Service 5th monthly,synthetic,0
6057,Subscription 5th monthly,synthetic,0
6058,Periodic 30th payment,synthetic,0
6059,Lease fee for residential unit,synthetic,1
6060,Membership First Monday,synthetic,0
6061,Rent payment (primary residence),synthetic,1
6062,HOA fee + insurance,synthetic,0
6063,Property remittance for residential unit,synthetic,1
6064,Recurring 1st week,synthetic,1
6065,Residential payment 20th periodic,synthetic,1
6066,Rent payment (apartment),synthetic,1
6067,RENT>>PAYMENT,synthetic,1
6068,HOA fee + tax,synthetic,0
6069,Property payment for residential unit,synthetic,1
6070,Non-rent housing expense,synthetic,0
6071,Real Estate Solutions (Unit 26A),synthetic,1
6072,UTILITY - AUTO,synthetic,0
6073,Unit letting,synthetic,1
6074,Building fee,synthetic,0
6075,First of month payment,synthetic,0
6076,Residential payment 25th standing,synthetic,1
6077,Service 15th auto,synthetic,0
6078,Property fee,synthetic,0
6079,Crib fee,synthetic,1
6080,Dwelling disbursement plus fees,synthetic,1
6081,Building Management,synthetic,0
6082,Excluding rent - HOA,synthetic,0
6083,Semi-monthly residence,synthetic,0
6084,Real Estate Solutions,synthetic,0
6085,Lease fee,synthetic,0
6086,Maintenance fee + tax,synthetic,0
6087,RENT: UNIT 304,synthetic,1
6088,Residential payment 10th recurring,synthetic,1
6089,Recurring 1st week,synthetic,0
6090,Independent of rent - repair,synthetic,0
6091,Subscription 10th recurring,synthetic,0
6092,Servise payment,synthetic,0
6093,Apartment 12C fee,synthetic,1
6094,Tenancy payment,synthetic,1
6095,Property payment for residential unit,synthetic,1
6096,Letting fee,synthetic,0
6097,Rent-pay ment,synthetic,1
6098,Service Quarterly,synthetic,0
6099,Abode payment plus insurance,synthetic,1
6100,Pad payment,synthetic,1
6101,HOA fee + tax,synthetic,0
6102,Unit remittance for residential unit,synthetic,1
6103,Membership Bi-weekly,synthetic,0
6104,Tenancy remittance,synthetic,1
6105,Rent payment ,synthetic,1
6106,Rent/payment,synthetic,1
6107,Residential payment First Monday,synthetic,1
6108,Place remittance,synthetic,1
6109,Service fee incl. services,synthetic,0
6110,FEE - RECURRING,synthetic,0
6111,Residential payment First Monday,synthetic,1
6112,Facility management disbursement,synthetic,1
6113,Other than rent - tax,synthetic,0
6114,Building disbursement,synthetic,0
6115,Service 15th auto,synthetic,0
6116,HOA fee incl. services,synthetic,0
6117,Tenancy remittance,synthetic,1
6118,Maintenance fee incl. services,synthetic,0
6119,Semi-monthly residence,synthetic,1
6120,Residential payment First Monday,synthetic,1
6121,Crib fee,synthetic,0
6122,CHARGE - MONTHLY,synthetic,0
6123,ACH to Johnson LLC,synthetic,0
6124,UTILITY - RECURRING,synthetic,0
6125,Payment on 1st of month,synthetic,0
6126,Monthly on 15th,synthetic,0
6127,Service fee incl. services,synthetic,0
6128,Rent payment (apartment),synthetic,1
6129,Lease payment,synthetic,0
6130,Dwelling remittance,synthetic,1
6131,Monthly payment to John,synthetic,0
6132,Non-rent housing expense,synthetic,0
6133,Subscription Every 30 days,synthetic,0
6134,Residential payment Last day,synthetic,1
6135,Property fee,synthetic,0
6136,Premises fee with service charge,synthetic,1
6137,Pad payment,synthetic,1
6138,Servise payment,synthetic,0
6139,FEE - MONTHLY,synthetic,0
6140,Maintenence payment,synthetic,0
6141,RENT-RECURRING,synthetic,1
6142,Unit fee,synthetic,0
6143,Residential Services,synthetic,0
6144,Accommodation remittance including tax,synthetic,1
6145,Rental payment,synthetic,1
6146,Building Management,synthetic,0
6147,RENT|AUTO,synthetic,1
6148,Apart from rent - maintenance,synthetic,0
6149,Property fee for residential unit,synthetic,1
6150,Residential payment Bi-weekly,synthetic,1
6151,FEE - RECURRING,synthetic,0
6152,Unit remittance for residential unit,synthetic,1
6153,Service 20th periodic,synthetic,0
6154,Service Quarterly,synthetic,0
6155,Payment on 1st of month (Unit 14C),synthetic,1
6156,Residential payment 5th monthly,synthetic,1
6157,Habitation remittance,synthetic,1
6158,Residential payment Semi-monthly,synthetic,1
6159,Mid-month transfer,synthetic,0
6160,Rent(payment),synthetic,1
6161,Residence fee including amenities,synthetic,1
6162,Unit payment including maintenance,synthetic,1
6163,Unit charge for residential unit,synthetic,1
6164,Rent payment (primary residence),synthetic,1
6165,Monthly payment to John,synthetic,0
6166,Residential payment 1st of month,synthetic,1
6167,Other than rent - tax,synthetic,0
6168,RENT: UNIT 304,synthetic,1
6169,Maintenence payment,synthetic,0
6170,Subscription Semi-monthly,synthetic,0
6171,Residential payment 5th monthly,synthetic,1
6172,Quarterly dwelling,synthetic,0
6173,Utilitie payment,synthetic,0
6174,Digs payment,synthetic,1
6175,Lodgings remittance,synthetic,0
6176,Habitation remittance with utilities,synthetic,1
6177,Unit Management,synthetic,0
6178,Rent payment ,synthetic,1
6179,Complex fee for residential unit,synthetic,1
6180,Payment to Wilson,synthetic,1
6181,FEE - RECURRING,synthetic,0
6182,Recurring 1st week,synthetic,0
6183,Rentt disbursement,synthetic,1
6184,Property payment for residential unit,synthetic,1
6185,Invoice #APT2024-001,synthetic,1
6186,Domicile disbursement,synthetic,1
6187,Housing allocation payment,synthetic,1
6188,Housing allocation payment,synthetic,1
6189,FEE - RECURRING,synthetic,0
6190,Utilitie payment,synthetic,0
6191,Place remittance,synthetic,0
6192,Rent..payment,synthetic,1
6193,Servise payment,synthetic,0
6194,Payment on 1st of month,synthetic,0
6195,Crib fee,synthetic,1
6196,Crib fee,synthetic,0
6197,Membership Last day,synthetic,0
6198,Housing Associates,synthetic,0
6199,Membership Bi-weekly,synthetic,0
6200,Servise payment,synthetic,0
6201,Property remittance,synthetic,0
6202,Unit remittance,synthetic,0
6203,Residential payment Bi-weekly,synthetic,1
6204,RENT - APT 5B,synthetic,1
6205,Rnet payment,synthetic,1
6206,Maintenance fee + insurance,synthetic,0
6207,Bi-weekly housing,synthetic,1
6208,Rant fee,synthetic,1
6209,Mid-month transfer,synthetic,0
6210,Place remittance,synthetic,0
6211,RENT~MONTHLY,synthetic,1
6212,Building administration fee,synthetic,1
6213,Debit to Anderson,synthetic,0
6214,Complex charge,synthetic,0
6215,Pad payment,synthetic,1
6216,Unit remittance,synthetic,0
6217,Digs payment,synthetic,1
6218,Service fee + insurance,synthetic,0
6219,Letting fee,synthetic,1
6220,RENT|AUTO,synthetic,1
6221,Utility fee incl. services,synthetic,0
6222,SERVICE - MONTHLY,synthetic,0
6223,Rant remittance,synthetic,1
6224,Housing Associates,synthetic,0
6225,RENT>>PAYMENT,synthetic,1
6226,RENT_INVOICE_001,synthetic,1
6227,Condo fee,synthetic,1
6228,Residential payment First Monday,synthetic,1
6229,HOA fee + insurance,synthetic,0
6230,Maintenance fee + insurance,synthetic,0
6231,Monthly payment to John,synthetic,0
6232,Property payment for residential unit,synthetic,1
6233,Complex management remittance,synthetic,1
6234,Payment on 1st of month,synthetic,1
6235,FEE - AUTO,synthetic,0
6236,Monthly payment to John (Unit 23A),synthetic,1
6237,UTILITY - RECURRING,synthetic,0
6238,RENT~MONTHLY,synthetic,1
6239,SERVICE - AUTO,synthetic,0
6240,Subscripton payment,synthetic,0
6241,Semi-monthly residence,synthetic,0
6242,SERVICE - RECURRING,synthetic,0
6243,Debit to Anderson,synthetic,1
6244,Unit charge,synthetic,0
6245,Tenancy remittance,synthetic,1
6246,Rent payment (primary residence),synthetic,1
6247,Non-rent housing expense,synthetic,0
6248,Lease charge for residential unit,synthetic,1
6249,Periodic 30th payment,synthetic,0
6250,Utilitie payment,synthetic,0
6251,ACH to Johnson LLC,synthetic,1
6252,Subscription First Monday,synthetic,0
6253,Mid-month transfer,synthetic,0
6254,Service fee incl. services,synthetic,0
6255,Rent payment (apartment),synthetic,1
6256,Payment to Wilson,synthetic,1
6257,Semi-monthly residence,synthetic,0
6258,RENT #2024-001,synthetic,1
6259,SERVICE - AUTO,synthetic,0
6260,Complex Services,synthetic,0
6261,Residential payment Quarterly,synthetic,1
6262,Rant fee,synthetic,1
6263,RENT>>PAYMENT,synthetic,1
6264,SERVICE - MONTHLY,synthetic,0
6265,Premises fee with service charge,synthetic,1
6266,RENT: UNIT 304,synthetic,1
6267,Rent payment (apartment),synthetic,1
6268,Bi-weekly housing,synthetic,0
6269,Place remittance,synthetic,0
6270,Rent..payment,synthetic,1
6271,Service Semi-monthly,synthetic,0
6272,Payment to Wilson,synthetic,1
6273,Monthly housing and utilities bundle,synthetic,1
6274,Accommodation disbursement,synthetic,1
6275,Service fee + tax,synthetic,0
6276,Unit payment including maintenance,synthetic,1
6277,Lease obligation payment,synthetic,1
6278,Besides rent - insurance,synthetic,0
6279,Residential payment 15th auto,synthetic,1
6280,SERVICE - RECURRING,synthetic,0
6281,Building Management,synthetic,1
6282,Subscripton payment,synthetic,0
6283,Complex management remittance,synthetic,1
6284,Payment on 1st of month,synthetic,0
6285,Check #1234 for monthly (Unit 43B),synthetic,1
6286,Membership 1st of month,synthetic,0
6287,Monthly housing and utilities bundle,synthetic,1
6288,Lodgings remittance,synthetic,1
6289,Membership Monthly anniversary,synthetic,0
6290,Spot payment,synthetic,1
6291,Digs payment,synthetic,1
6292,Rent..payment,synthetic,1
6293,Residential Services (Unit 12C),synthetic,1
6294,RENT~MONTHLY,synthetic,1
6295,Real estate management fee,synthetic,1
6296,Residential payment 5th monthly,synthetic,1
6297,Complex Services,synthetic,1
6298,Rent payment (apartment),synthetic,1
6299,Letting fee,synthetic,0
6300,Lodgings remittance,synthetic,0
6301,Habitation remittance with utilities,synthetic,1
6302,Rent..payment,synthetic,1
6303,Digs payment,synthetic,0
6304,Rent payment (apartment),synthetic,1
6305,Rent payment (apartment),synthetic,1
6306,Tenancy payment,synthetic,0
6307,Service Calendar month,synthetic,0
6308,Service Calendar month,synthetic,0
6309,Rental payment,synthetic,1
6310,HOA fee incl. services,synthetic,0
6311,Membership 1st of month,synthetic,0
6312,Transfer to Miller,synthetic,0
6313,Maintenence payment,synthetic,0
6314,Rent payment (apartment),synthetic,1
6315,Subscription Bi-weekly,synthetic,0
6316,Unit remittance,synthetic,0
6317,Crib fee,synthetic,0
6318,SERVICE - MONTHLY,synthetic,0
6319,Monthly payment to John (Unit 25B),synthetic,1
6320,Unit charge for residential unit,synthetic,1
6321,Wire to Thompson,synthetic,0
6322,Payment to Wilson (Unit 11B),synthetic,1
6323,UTILITY - AUTO,synthetic,0
6324,SERVICE - AUTO,synthetic,0
6325,Facility Solutions,synthetic,0
6326,Property payment for residential unit,synthetic,1
6327,Utility fee + tax,synthetic,0
6328,FEE - RECURRING,synthetic,0
6329,Letting fee,synthetic,1
6330,FEE - MONTHLY,synthetic,0
6331,Real Estate Solutions,synthetic,1
6332,Recurring 1st week,synthetic,0
6333,FEE - RECURRING,synthetic,0
6334,Additional to rent - fee,synthetic,0
6335,Subscripton payment,synthetic,0
6336,Rent payment (primary residence),synthetic,1
6337,Residential Services,synthetic,0
6338,First of month payment,synthetic,0
6339,First of month payment,synthetic,1
6340,ACH to Johnson LLC,synthetic,0
6341,UTILITY - MONTHLY,synthetic,0
6342,Subscription 1st of month,synthetic,0
6343,Habitation remittance with utilities,synthetic,1
6344,Separate from rent - deposit,synthetic,0
6345,Rentt disbursement,synthetic,1
6346,Condo fee,synthetic,0
6347,RENT #2024-001,synthetic,1
6348,Quarterly dwelling,synthetic,0
6349,Housing Associates,synthetic,0
6350,HOA fee incl. services,synthetic,0
6351,Residential payment 20th periodic,synthetic,1
6352,Recurring transfer to Smith,synthetic,1
6353,Additional to rent - fee,synthetic,0
6354,Property Services LLC,synthetic,0
6355,Subscription First Monday,synthetic,0
6356,Servise payment,synthetic,0
6357,Rent payment (apartment),synthetic,1
6358,Independent of rent - repair,synthetic,0
6359,Crib fee,synthetic,1
6360,CHARGE - AUTO,synthetic,0
6361,Rant fee,synthetic,1
6362,Separate from rent - deposit,synthetic,0
6363,Lease obligation payment,synthetic,1
6364,Accommodation remittance including tax,synthetic,1
6365,Building payment,synthetic,0
6366,End of month remittance (Unit 17C),synthetic,1
6367,Semi-monthly residence,synthetic,0
6368,Dwelling disbursement plus fees,synthetic,1
6369,Property fee for residential unit,synthetic,1
6370,Separate from rent - deposit,synthetic,0
6371,Ren tpayment,synthetic,1
6372,Habitation remittance with utilities,synthetic,1
6373,Tenancy payment,synthetic,0
6374,Periodic 30th payment,synthetic,1
6375,Subscripton payment,synthetic,0
6376,RENT_INVOICE_001,synthetic,1
6377,Tenancy payment,synthetic,1
6378,SERVICE - RECURRING,synthetic,0
6379,Servise payment,synthetic,0
6380,HOA fee + insurance,synthetic,0
6381,Residential payment Semi-monthly,synthetic,1
6382,RENT #2024-001,synthetic,1
6383,Unit payment including maintenance,synthetic,1
6384,Rent-pay ment,synthetic,1
6385,Rent-paymnt,synthetic,1
6386,Unit remittance,synthetic,0
6387,Utilitie payment,synthetic,0
6388,End of month remittance,synthetic,0
6389,Unit payment,synthetic,0
6390,Rent (missed auto),synthetic,1
6391,Premises Services,synthetic,0
6392,Unit fee for residential unit,synthetic,1
6393,Monthly payment to John,synthetic,0
6394,Rentt disbursement,synthetic,1
6395,Property payment,synthetic,0
6396,Property payment,synthetic,0
6397,Rental payment,synthetic,1
6398,Membership Bi-weekly,synthetic,0
6399,Residential payment 1st of month,synthetic,1
6400,Rent payment ,synthetic,1
6401,Maintenance fee + insurance,synthetic,0
6402,SERVICE - AUTO,synthetic,0
6403,Residential payment First Monday,synthetic,1
6404,Flat fee,synthetic,0
6405,Rent payment (apartment),synthetic,1
6406,Residential payment 15th auto,synthetic,1
6407,Membership 15th auto,synthetic,0
6408,Service fee incl. services,synthetic,0
6409,Domicile disbursement,synthetic,1
6410,Dwelling disbursement plus fees,synthetic,1
6411,Maintenance fee + insurance,synthetic,0
6412,Property Services LLC,synthetic,1
6413,Residence fee including amenities,synthetic,1
6414,Periodic domicile remittance,synthetic,1
6415,CHARGE - RECURRING,synthetic,0
6416,Lodging remittance,synthetic,1
6417,Building payment for residential unit,synthetic,1
6418,Payment ref: HOUSING-,synthetic,1
6419,Unit Management (Unit 4B),synthetic,1
6420,Utility fee incl. services,synthetic,0
6421,Payment on 1st of month,synthetic,0
6422,NOT rent - utilities,synthetic,0
6423,Maintenance fee + insurance,synthetic,0
6424,Strata payment,synthetic,1
6425,Complex payment for residential unit,synthetic,1
6426,SERVICE - MONTHLY,synthetic,0
6427,Building payment,synthetic,0
6428,Utilitie payment,synthetic,0
6429,RENT PAYMENT (MONTHLY),synthetic,1
6430,Rent payment ,synthetic,1
6431,Crib fee,synthetic,1
6432,Wire to Thompson,synthetic,0
6433,Building disbursement for residential unit,synthetic,1
6434,Complex management remittance,synthetic,1
6435,RENT-RECURRING,synthetic,1
6436,Residential Services,synthetic,1
6437,Strata payment,synthetic,1
6438,Semi-monthly residence,synthetic,0
6439,Digs payment,synthetic,0
6440,Rent payment (primary residence),synthetic,1
6441,SERVICE - AUTO,synthetic,0
6442,Rent..payment,synthetic,1
6443,Monthly housing and utilities bundle,synthetic,1
6444,Residence fee including amenities,synthetic,1
6445,Subscription 10th recurring,synthetic,0
6446,Service fee + tax,synthetic,0
6447,First of month payment,synthetic,1
6448,Periodic 30th payment,synthetic,0
6449,Rental payment,synthetic,1
6450,Lease charge,synthetic,0
6451,Service fee + insurance,synthetic,0
6452,End of month remittance,synthetic,0
6453,Excluding rent - HOA,synthetic,0
6454,Letting fee,synthetic,1
6455,Recurring 1st week,synthetic,0
6456,Invoice: RESIDENCE,synthetic,1
6457,Monthly on 15th,synthetic,0
6458,Abode disbursement,synthetic,1
6459,Servise payment,synthetic,0
6460,Excluding rent - HOA,synthetic,0
6461,Apartment payment + parking,synthetic,1
6462,Maintenence payment,synthetic,0
6463,Lease charge,synthetic,0
6464,Transfer to Miller,synthetic,0
6465,Besides rent - insurance,synthetic,0
6466,Building fee for residential unit,synthetic,1
6467,RENT #2024-001,synthetic,1
6468,Payment to Wilson,synthetic,0
6469,Premises fee with service charge,synthetic,1
6470,Premises Services,synthetic,1
6471,Payment ref: HOUSING-,synthetic,1
6472,Property Services LLC,synthetic,0
6473,Ref: RES-UNIT-5B,synthetic,1
6474,Housing allocation payment,synthetic,1
6475,Unit payment including maintenance,synthetic,1
6476,Utilitie payment,synthetic,0
6477,Residential Services,synthetic,0
6478,Semi-monthly residence,synthetic,1
6479,For 303 Parkview,synthetic,1
6480,Monthly housing and utilities bundle,synthetic,1
6481,Residential payment Calendar month,synthetic,1
6482,Residential payment 15th auto,synthetic,1
6483,Lodgings remittance,synthetic,1
6484,Service Last day,synthetic,0
6485,Residential payment 1st of month,synthetic,1
6486,Rent(payment),synthetic,1
6487,Complex charge,synthetic,0
6488,Crib fee,synthetic,1
6489,Utility fee incl. services,synthetic,0
6490,FEE - RECURRING,synthetic,0
6491,Complex Services,synthetic,0
6492,Lease fee for residential unit,synthetic,1
6493,Rent payment (primary residence),synthetic,1
6494,Apart from rent - maintenance,synthetic,0
6495,Strata payment,synthetic,1
6496,Pad payment,synthetic,1
6497,Maintenence payment,synthetic,0
6498,Lodgings remittance,synthetic,1
6499,Utilitie payment,synthetic,0
6500,Rent payment ,synthetic,1
6501,Habitation remittance with utilities,synthetic,1
6502,Property payment for residential unit,synthetic,1
6503,UTILITY - MONTHLY,synthetic,0
6504,Unit remittance for residential unit,synthetic,1
6505,Utility fee + tax,synthetic,0
6506,Building payment,synthetic,0
6507,CHARGE - RECURRING,synthetic,0
6508,Rent payment (apartment),synthetic,1
6509,Facility management disbursement,synthetic,1
6510,Where I live payment,synthetic,1
6511,Lease fee for residential unit,synthetic,1
6512,RENT-RECURRING,synthetic,1
6513,Property remittance,synthetic,0
6514,Subscripton payment,synthetic,0
6515,Rent payment (apartment),synthetic,1
6516,Building payment for residential unit,synthetic,1
6517,Rent payment (apartment),synthetic,1
6518,Other than rent - tax,synthetic,0
6519,Servise payment,synthetic,0
6520,Pad payment,synthetic,1
6521,Maintenance fee + insurance,synthetic,0
6522,Semi-monthly residence,synthetic,1
6523,Utilitie payment,synthetic,0
6524,Maintenence payment,synthetic,0
6525,Pad payment,synthetic,1
6526,Rent payment (primary residence),synthetic,1
6527,Lease charge,synthetic,0
6528,Residence fee including amenities,synthetic,1
6529,Letting fee,synthetic,0
6530,Unit charge,synthetic,0
6531,ACH to Johnson LLC (Unit 27A),synthetic,1
6532,Payment on 1st of month,synthetic,0
6533,Subscripton payment,synthetic,0
6534,Digs payment,synthetic,1
6535,Rent ;payment,synthetic,1
6536,Rent/payment,synthetic,1
6537,RENT|AUTO,synthetic,1
6538,Subscription Monthly anniversary,synthetic,0
6539,Membership 20th periodic,synthetic,0
6540,Zelle to Davis,synthetic,0
6541,Rnet payment,synthetic,1
6542,FEE - MONTHLY,synthetic,0
6543,Real Estate Solutions,synthetic,0
6544,RENT~MONTHLY,synthetic,1
6545,Payment on 1st of month,synthetic,0
6546,HOA fee incl. services,synthetic,0
6547,Service fee incl. services,synthetic,0
6548,My unit disbursement,synthetic,1
6549,Residential payment Semi-monthly,synthetic,1
6550,Complex fee for residential unit,synthetic,1
6551,Rent payment (apartment),synthetic,1
6552,Pad payment,synthetic,0
6553,Unit letting,synthetic,0
6554,Servise payment,synthetic,0
6555,Monthly housing and utilities bundle,synthetic,1
6556,Building Management,synthetic,0
6557,Place remittance,synthetic,0
6558,Unit letting,synthetic,0
6559,Remittance to Moore (Unit 17A),synthetic,1
6560,Residential occupancy fee,synthetic,1
6561,Ren tpayment,synthetic,1
6562,SERVICE - AUTO,synthetic,0
6563,UTILITY - RECURRING,synthetic,0
6564,Payment to Wilson,synthetic,0
6565,Domicile disbursement,synthetic,1
6566,Membership 10th recurring,synthetic,0
6567,Quarterly dwelling,synthetic,0
6568,Facility Solutions,synthetic,0
6569,Subscripton payment,synthetic,0
6570,Flat fee,synthetic,0
6571,Monthly housing and utilities bundle,synthetic,1
6572,Zelle to Davis,synthetic,0
6573,Housing allocation payment,synthetic,1
6574,HOA fee incl. services,synthetic,0
6575,Lease charge for residential unit,synthetic,1
6576,Wire to Thompson,synthetic,1
6577,Residential payment 25th standing,synthetic,1
6578,Tenancy remittance,synthetic,1
6579,Wire to Thompson,synthetic,1
6580,Unit payment,synthetic,0
6581,Monthly housing and utilities bundle,synthetic,1
6582,Premises fee with service charge,synthetic,1
6583,SERVICE - MONTHLY,synthetic,0
6584,Semi-monthly residence,synthetic,0
6585,Flat fee,synthetic,0
6586,Wire to Thompson,synthetic,0
6587,Rent payment (primary residence),synthetic,1
6588,Maintenence payment,synthetic,0
6589,Residential payment Last day,synthetic,1
6590,RENT~MONTHLY,synthetic,1
6591,Maintenance fee incl. services,synthetic,0
6592,Servise payment,synthetic,0
6593,Distinct from rent - service,synthetic,0
6594,Rental payment,synthetic,1
6595,FEE - MONTHLY,synthetic,0
6596,Residential payment Quarterly,synthetic,1
6597,Rent with included services,synthetic,1
6598,Utilitie payment,synthetic,0
6599,Residential payment Every 30 days,synthetic,1
6600,Residential payment 10th recurring,synthetic,1
6601,Separate from rent - deposit,synthetic,0
6602,Crib fee,synthetic,0
6603,Rant fee,synthetic,1
6604,Building fee for residential unit,synthetic,1
6605,Utilitie payment,synthetic,0
6606,Zelle to Davis,synthetic,1
6607,Utility fee incl. services,synthetic,0
6608,Residential occupancy fee,synthetic,1
6609,Real Estate Solutions,synthetic,0
6610,Residential Services,synthetic,0
6611,Transfer to Miller,synthetic,0
6612,Debit to Anderson,synthetic,0
6613,Tenancy payment,synthetic,0
6614,CHARGE - MONTHLY,synthetic,0
6615,Check #1234 for monthly,synthetic,0
6616,SERVICE - RECURRING,synthetic,0
6617,Non-rent housing expense,synthetic,0
6618,Dwelling disbursement plus fees,synthetic,1
6619,Subscripton payment,synthetic,0
6620,Accommodation remittance including tax,synthetic,1
6621,RENT - APT 5B,synthetic,1
6622,RENT>>PAYMENT,synthetic,1
6623,Rent/payment,synthetic,1
6624,Rent (missed auto),synthetic,1
6625,Unit fee,synthetic,0
6626,Spot payment,synthetic,0
6627,ACH to Johnson LLC,synthetic,0
6628,RENT PAYMENT (MONTHLY),synthetic,1
6629,Distinct from rent - service,synthetic,0
6630,Rent payment (apartment),synthetic,1
6631,Complex charge for residential unit,synthetic,1
6632,Crib fee,synthetic,1
6633,ACH to Johnson LLC,synthetic,0
6634,HOA fee incl. services,synthetic,0
6635,Service Calendar month,synthetic,0
6636,Payment on 1st of month,synthetic,1
6637,Subscripton payment,synthetic,0
6638,Property fee,synthetic,0
6639,Payment on 1st of month,synthetic,0
6640,Residential Services,synthetic,1
6641,Residential payment 25th standing,synthetic,1
6642,FEE - MONTHLY,synthetic,0
6643,Accommodation remittance including tax,synthetic,1
6644,Spot payment,synthetic,1
6645,Pad payment,synthetic,0
6646,Periodic 30th payment,synthetic,0
6647,Unit fee,synthetic,0
6648,RENT_INVOICE_001,synthetic,1
6649,Complex payment for residential unit,synthetic,1
6650,Additional to rent - fee,synthetic,0
6651,SERVICE - RECURRING,synthetic,0
6652,Lodgings remittance,synthetic,0
6653,Rent payment ,synthetic,1
6654,Digs payment,synthetic,1
6655,Monthly housing and utilities bundle,synthetic,1
6656,CHARGE - MONTHLY,synthetic,0
6657,Premises Services (Unit 43C),synthetic,1
6658,Premises fee with service charge,synthetic,1
6659,Utilitie payment,synthetic,0
6660,Building disbursement,synthetic,0
6661,Place remittance,synthetic,0
6662,Premises fee with service charge,synthetic,1
6663,Accommodation disbursement,synthetic,1
6664,Building payment for residential unit,synthetic,1
6665,Rent..payment,synthetic,1
6666,Lease payment,synthetic,0
6667,Rent..payment,synthetic,1
6668,Premises Services (Unit 32C),synthetic,1
6669,ACH to Johnson LLC,synthetic,0
6670,Residential payment Last day,synthetic,1
6671,CHARGE - AUTO,synthetic,0
6672,Place remittance,synthetic,0
6673,Dwelling disbursement plus fees,synthetic,1
6674,Digs payment,synthetic,0
6675,Where I live payment,synthetic,1
6676,Rent/payment,synthetic,1
6677,Complex payment for residential unit,synthetic,1
6678,My apartment payment,synthetic,1
6679,Accommodation disbursement,synthetic,1
6680,Pad payment,synthetic,1
6681,Rent-pay ment,synthetic,1
6682,UTILITY - RECURRING,synthetic,0
6683,Unit fee for residential unit,synthetic,1
6684,Unit fee,synthetic,0
6685,Transfer to Miller,synthetic,0
6686,Payment to Wilson,synthetic,1
6687,Property Services LLC,synthetic,0
6688,Transfer to Miller,synthetic,1
6689,Rent payment (primary residence),synthetic,1
6690,RENT-RECURRING,synthetic,1
6691,Unit payment for residential unit,synthetic,1
6692,Rent payment (apartment),synthetic,1
6693,Besides rent - insurance,synthetic,0
6694,Unit payment,synthetic,0
6695,Complex payment for residential unit,synthetic,1
6696,Apartment payment + parking,synthetic,1
6697,Transfer to Miller,synthetic,0
6698,Building payment,synthetic,0
6699,Rent payment (apartment),synthetic,1
6700,Membership 10th recurring,synthetic,0
6701,CHARGE - RECURRING,synthetic,0
6702,Residential payment Every 30 days,synthetic,1
6703,Lodging remittance,synthetic,1
6704,Rent payment (primary residence),synthetic,1
6705,Periodic 30th payment,synthetic,0
6706,Building payment for residential unit,synthetic,1
6707,Maintenence payment,synthetic,0
6708,R3nt fee,synthetic,1
6709,Lease payment,synthetic,0
6710,Semi-monthly residence,synthetic,0
6711,Lease fee,synthetic,0
6712,Recurring 1st week,synthetic,1
6713,Non-rent housing expense,synthetic,0
6714,CHARGE - MONTHLY,synthetic,0
6715,Housing Associates,synthetic,1
6716,Lease payment,synthetic,0
6717,Maintenance fee + insurance,synthetic,0
6718,Letting fee,synthetic,1
6719,Payment to Wilson,synthetic,0
6720,RENT|AUTO,synthetic,1
6721,Lease payment for residential unit,synthetic,1
6722,Rent payment (apartment),synthetic,1
6723,R3nt fee,synthetic,1
6724,RENT PAYMENT (MONTHLY),synthetic,1
6725,Quarterly dwelling,synthetic,0
6726,Residential payment Every 30 days,synthetic,1
6727,Crib fee,synthetic,1
6728,Recurring 1st week,synthetic,0
6729,Lodgings remittance,synthetic,1
6730,Complex payment,synthetic,0
6731,Digs payment,synthetic,1
6732,Tenancy payment,synthetic,0
6733,RENT - DO NOT DELETE,synthetic,1
6734,My apartment payment,synthetic,1
6735,Apartment payment + parking,synthetic,1
6736,Independent of rent - repair,synthetic,0
6737,Rent payment ,synthetic,1
6738,Rent with included services,synthetic,1
6739,RENT_INVOICE_001,synthetic,1
6740,Place remittance,synthetic,1
6741,Rnet payment,synthetic,1
6742,Tenancy payment,synthetic,0
6743,Subscription First Monday,synthetic,0
6744,Unit remittance,synthetic,0
6745,Utilitie payment,synthetic,0
6746,Habitation remittance with utilities,synthetic,1
6747,HOA fee + tax,synthetic,0
6748,Mid-month transfer,synthetic,0
6749,Building administration fee,synthetic,1
6750,Domicile Solutions,synthetic,1
6751,Service 25th standing,synthetic,0
6752,Mid-month transfer,synthetic,0
6753,Residential payment First Monday,synthetic,1
6754,Unit disbursement,synthetic,0
6755,CHARGE - AUTO,synthetic,0
6756,123 Main St monthly,synthetic,1
6757,Maintenance fee + tax,synthetic,0
6758,UTILITY - RECURRING,synthetic,0
6759,Abode payment plus insurance,synthetic,1
6760,Digs payment,synthetic,0
6761,Ref: RES-UNIT-5B,synthetic,1
6762,Residential payment Monthly anniversary,synthetic,1
6763,Unit fee,synthetic,0
6764,Monthly payment to John,synthetic,1
6765,Utilitie payment,synthetic,0
6766,Payment to Wilson,synthetic,0
6767,Dwelling disbursement plus fees,synthetic,1
6768,Building disbursement,synthetic,0
6769,RENT-RECURRING,synthetic,1
6770,Periodic 30th payment,synthetic,0
6771,Tenancy payment,synthetic,0
6772,Subscription 10th recurring,synthetic,0
6773,Housing Associates,synthetic,0
6774,RENT - APT 5B,synthetic,1
6775,Residential payment 1st of month,synthetic,1
6776,HOA fee incl. services,synthetic,0
6777,Tenancy payment,synthetic,1
6778,RENT - APT 5B,synthetic,1
6779,Residential payment Bi-weekly,synthetic,1
6780,Maintenance fee + tax,synthetic,0
6781,Lease payment,synthetic,0
6782,Quarterly dwelling (Unit 4B),synthetic,1
6783,Spot payment,synthetic,0
6784,Property payment,synthetic,0
6785,Facility Solutions,synthetic,0
6786,Utility fee incl. services,synthetic,0
6787,Unit disbursement,synthetic,0
6788,Premises fee with service charge,synthetic,1
6789,Property fee for residential unit,synthetic,1
6790,ACH to Johnson LLC (Unit 1A),synthetic,1
6791,Remittance to Moore,synthetic,0
6792,Unit remittance for residential unit,synthetic,1
6793,My house monthly,synthetic,1
6794,Strata payment,synthetic,0
6795,Utilitie payment,synthetic,0
6796,HOA fee + insurance,synthetic,0
6797,Rent payment ,synthetic,1
6798,Property payment,synthetic,0
6799,Servise payment,synthetic,0
6800,Apartment payment + parking,synthetic,1
6801,Habitation remittance,synthetic,1
6802,HOA fee incl. services,synthetic,0
6803,Utilitie payment,synthetic,0
6804,Housing allocation payment,synthetic,1
6805,Remittance to Moore,synthetic,0
6806,Maintenence payment,synthetic,0
6807,Rent payment (apartment),synthetic,1
6808,Premises fee with service charge,synthetic,1
6809,Unit fee,synthetic,0
6810,Quarterly dwelling,synthetic,0
6811,Subscription 20th periodic,synthetic,0
6812,Complex Services,synthetic,0
6813,Maintenance fee + insurance,synthetic,0
6814,Subscripton payment,synthetic,0
6815,Place remittance,synthetic,1
6816,Zelle to Davis,synthetic,0
6817,HOA fee incl. services,synthetic,0
6818,RENT - APT 5B,synthetic,1
6819,Housing allocation payment,synthetic,1
6820,Tenancy payment,synthetic,1
6821,Maintenance fee + tax,synthetic,0
6822,RENT: UNIT 304,synthetic,1
6823,Property fee,synthetic,0
6824,Lease charge for residential unit,synthetic,1
6825,Facility management disbursement,synthetic,1
6826,Unit fee for residential unit,synthetic,1
6827,Rent payment ,synthetic,1
6828,Residential payment Every 30 days,synthetic,1
6829,Lease obligation payment,synthetic,1
6830,First of month payment,synthetic,0
6831,Payment to Wilson,synthetic,0
6832,Rent..payment,synthetic,1
6833,Maintenence payment,synthetic,0
6834,RENT: UNIT 304,synthetic,1
6835,Subscripton payment,synthetic,0
6836,Rent with included services,synthetic,1
6837,End of month remittance,synthetic,1
6838,Maintenance fee incl. services,synthetic,0
6839,Rnet payment,synthetic,1
6840,CHARGE - MONTHLY,synthetic,0
6841,RENT - APT 5B,synthetic,1
6842,Flat fee,synthetic,1
6843,End of month remittance,synthetic,0
6844,Monthly on 15th,synthetic,1
6845,Check #1234 for monthly,synthetic,1
6846,Monthly on 15th,synthetic,0
6847,Property fee,synthetic,0
6848,Unit fee,synthetic,0
6849,Premises Services,synthetic,0
6850,Monthly on 15th,synthetic,0
6851,Complex fee for residential unit,synthetic,1
6852,Property Services LLC,synthetic,0
6853,Letting fee,synthetic,1
6854,RENT-RECURRING,synthetic,1
6855,Tenancy payment,synthetic,1
6856,Utilitie payment,synthetic,0
6857,Real estate management fee,synthetic,1
6858,Subscripton payment,synthetic,0
6859,Habitation remittance with utilities,synthetic,1
6860,Premises Services,synthetic,0
6861,Periodic 30th payment,synthetic,1
6862,RENT>>PAYMENT,synthetic,1
6863,Strata payment,synthetic,0
6864,Monthly premises fee,synthetic,1
6865,Rent payment ,synthetic,1
6866,Accommodation disbursement,synthetic,1
6867,RENT #2024-001,synthetic,1
6868,Debit to Anderson,synthetic,1
6869,Periodic 30th payment,synthetic,0
6870,Rent-pay ment,synthetic,1
6871,Utilitie payment,synthetic,0
6872,Utility fee incl. services,synthetic,0
6873,Residential facility fee,synthetic,1
6874,Ren tpayment,synthetic,1
6875,Complex charge,synthetic,0
6876,RENT: UNIT 304,synthetic,1
6877,Complex payment for residential unit,synthetic,1
6878,Recurring 1st week,synthetic,0
6879,Lodgings remittance,synthetic,0
6880,Unit letting,synthetic,1
6881,Unit letting,synthetic,1
6882,Residence disbursement,synthetic,1
6883,Rent-pay ment,synthetic,1
6884,Residential payment Last day,synthetic,1
6885,CHARGE - AUTO,synthetic,0
6886,Property remittance for residential unit,synthetic,1
6887,Payment to Wilson,synthetic,1
6888,Monthly on 15th (Unit 18A),synthetic,1
6889,Non-rent housing expense,synthetic,0
6890,Check #1234 for monthly,synthetic,0
6891,RENT - DO NOT DELETE,synthetic,1
6892,Zelle to Davis (Unit 21A),synthetic,1
6893,Lease charge for residential unit,synthetic,1
6894,Building disbursement for residential unit,synthetic,1
6895,Rant remittance,synthetic,1
6896,End of month remittance (Unit 23B),synthetic,1
6897,Residential payment Quarterly,synthetic,1
6898,Lodgings remittance,synthetic,0
6899,Utilitie payment,synthetic,0
6900,HOA fee incl. services,synthetic,0
6901,Ren tpayment,synthetic,1
6902,Residential Services,synthetic,0
6903,Rent payment (apartment),synthetic,1
6904,Complex charge,synthetic,0
6905,Rent payment ,synthetic,1
6906,SERVICE - MONTHLY,synthetic,0
6907,HOA fee incl. services,synthetic,0
6908,Invoice #APT2024-001,synthetic,1
6909,Lease payment for residential unit,synthetic,1
6910,Payment to Wilson,synthetic,0
6911,Complex charge for residential unit,synthetic,1
6912,Unit disbursement for residential unit,synthetic,1
6913,Bi-weekly housing,synthetic,0
6914,Apart from rent - maintenance,synthetic,0
6915,Maintenence payment,synthetic,0
6916,Strata payment,synthetic,0
6917,Rental payment,synthetic,0
6918,Pad payment,synthetic,0
6919,Membership Every 30 days,synthetic,0
6920,Separate from rent - deposit,synthetic,0
6921,Rent payment ,synthetic,1
6922,Maintenence payment,synthetic,0
6923,Pad payment,synthetic,0
6924,NOT rent - utilities,synthetic,0
6925,Maintenance fee + tax,synthetic,0
6926,Semi-monthly residence,synthetic,0
6927,Unit fee,synthetic,0
6928,Flat fee,synthetic,0
6929,Premises fee with service charge,synthetic,1
6930,Service Monthly anniversary,synthetic,0
6931,CHARGE - RECURRING,synthetic,0
6932,Utility fee incl. services,synthetic,0
6933,First of month payment,synthetic,0
6934,Pad payment,synthetic,0
6935,Monthly payment to John (Unit 38C),synthetic,1
6936,Rent payment (apartment),synthetic,1
6937,Complex charge,synthetic,0
6938,Subscription First Monday,synthetic,0
6939,Housing Associates,synthetic,0
6940,Unit fee,synthetic,0
6941,Residential occupancy fee,synthetic,1
6942,FEE - AUTO,synthetic,0
6943,Residential payment 5th monthly,synthetic,1
6944,Monthly on 15th,synthetic,1
6945,Abode payment plus insurance,synthetic,1
6946,Accommodation remittance including tax,synthetic,1
6947,Utility fee incl. services,synthetic,0
6948,Residential payment 15th auto,synthetic,1
6949,Servise payment,synthetic,0
6950,Unit charge,synthetic,0
6951,HOA fee + tax,synthetic,0
6952,Service fee incl. services,synthetic,0
6953,Accommodation remittance including tax,synthetic,1
6954,Rent with included services,synthetic,1
6955,Unit charge for residential unit,synthetic,1
6956,Complex Services (Unit 25B),synthetic,1
6957,Housing Associates,synthetic,1
6958,Building disbursement,synthetic,0
6959,Building fee,synthetic,0
6960,Real Estate Solutions (Unit 47C),synthetic,1
6961,Ref: RES-UNIT-5B,synthetic,1
6962,Rent ;payment,synthetic,1
6963,Place I stay remittance,synthetic,1
6964,Rnet payment,synthetic,1
6965,Property payment,synthetic,0
6966,R3nt fee,synthetic,1
6967,Building administration fee,synthetic,1
6968,Residential payment First Monday,synthetic,1
6969,Property payment for residential unit,synthetic,1
6970,Unit charge,synthetic,0
6971,Semi-monthly residence,synthetic,0
6972,Subscription Monthly anniversary,synthetic,0
6973,Residential payment 20th periodic,synthetic,1
6974,Additional to rent - fee,synthetic,0
6975,Flat fee,synthetic,0
6976,UTILITY - MONTHLY,synthetic,0
6977,Rent payment (primary residence),synthetic,1
6978,Membership First Monday,synthetic,0
6979,CHARGE - MONTHLY,synthetic,0
6980,Utilitie payment,synthetic,0
6981,Apartment payment + parking,synthetic,1
6982,My apartment payment,synthetic,1
6983,First of month payment,synthetic,0
6984,UTILITY - RECURRING,synthetic,0
6985,Complex charge for residential unit,synthetic,1
6986,Digs payment,synthetic,1
6987,Rent..payment,synthetic,1
6988,Condo fee,synthetic,1
6989,Domicile Solutions,synthetic,1
6990,Unit payment for residential unit,synthetic,1
6991,Dwelling disbursement plus fees,synthetic,1
6992,Servise payment,synthetic,0
6993,Recurring 1st week,synthetic,0
6994,Unit payment including maintenance,synthetic,1
6995,Unit fee,synthetic,0
6996,Real Estate Solutions,synthetic,1
6997,Membership Calendar month,synthetic,0
6998,RENT PAYMENT (MONTHLY),synthetic,1
6999,RENT_INVOICE_001,synthetic,1
7000,Rent payment ,synthetic,1
7001,Crib fee,synthetic,1
7002,Semi-monthly residence,synthetic,0
7003,Wire to Thompson,synthetic,0
7004,Rent (missed auto),synthetic,1
7005,Residential payment First Monday,synthetic,1
7006,Service fee + tax,synthetic,0
7007,Service fee incl. services,synthetic,0
7008,Complex Services,synthetic,0
7009,Rant remittance,synthetic,1
7010,Payment to Wilson (Unit 18A),synthetic,1
7011,Place remittance,synthetic,1
7012,Utility fee + tax,synthetic,0
7013,Lease charge for residential unit,synthetic,1
7014,Utilitie payment,synthetic,0
7015,RENT PAYMENT (MONTHLY),synthetic,1
7016,Debit to Anderson (Unit 7B),synthetic,1
7017,Rant remittance,synthetic,1
7018,Semi-monthly residence,synthetic,0
7019,Rent..payment,synthetic,1
7020,Residential Services,synthetic,0
7021,HOA fee incl. services,synthetic,0
7022,Ref: RES-UNIT-5B,synthetic,1
7023,RENT #2024-001,synthetic,1
7024,Payment on 1st of month,synthetic,0
7025,Lodging remittance,synthetic,1
7026,Quarterly dwelling,synthetic,1
7027,500 Oak Ave payment,synthetic,1
7028,Quarterly dwelling,synthetic,0
7029,Excluding rent - HOA,synthetic,0
7030,Landlord services payment,synthetic,1
7031,RENT_INVOICE_001,synthetic,1
7032,CHARGE - RECURRING,synthetic,0
7033,Subscripton payment,synthetic,0
7034,ACH to Johnson LLC,synthetic,1
7035,Rent ;payment,synthetic,1
7036,Rent payment ,synthetic,1
7037,Wire to Thompson,synthetic,1
7038,Rentt disbursement,synthetic,1
7039,Remittance to Moore,synthetic,0
7040,Invoice #APT2024-001,synthetic,1
7041,Real Estate Solutions,synthetic,0
7042,Rent payment (primary residence),synthetic,1
7043,Rental payment,synthetic,1
7044,Spot payment,synthetic,0
7045,Rent(payment),synthetic,1
7046,Lease obligation payment,synthetic,1
7047,Remittance to Moore,synthetic,0
7048,Rent payment (apartment),synthetic,1
7049,Payment to Wilson,synthetic,1
7050,Zelle to Davis,synthetic,0
7051,Lease fee,synthetic,0
7052,UTILITY - MONTHLY,synthetic,0
7053,Service 1st of month,synthetic,0
7054,Rent (missed auto),synthetic,1
7055,Crib fee,synthetic,0
7056,Apartment 12C fee,synthetic,1
7057,Rent payment ,synthetic,1
7058,Service Monthly anniversary,synthetic,0
7059,Residence disbursement,synthetic,1
7060,Bi-weekly housing,synthetic,1
7061,Rent-paymnt,synthetic,1
7062,Place remittance,synthetic,1
7063,Residential payment 5th monthly,synthetic,1
7064,Rent payment (primary residence),synthetic,1
7065,Monthly housing and utilities bundle,synthetic,1
7066,Rent payment (primary residence),synthetic,1
7067,Servise payment,synthetic,0
7068,Building payment,synthetic,0
7069,Unit fee for residential unit,synthetic,1
7070,SERVICE - RECURRING,synthetic,0
7071,Servise payment,synthetic,0
7072,Lease payment for residential unit,synthetic,1
7073,Maintenence payment,synthetic,0
7074,Lease payment,synthetic,0
7075,Service fee + insurance,synthetic,0
7076,Rent payment ,synthetic,1
7077,Membership 5th monthly,synthetic,0
7078,Real estate management fee,synthetic,1
7079,Membership 1st of month,synthetic,0
7080,Spot payment,synthetic,1
7081,Payment to Wilson,synthetic,1
7082,First of month payment,synthetic,0
7083,Complex Services (Unit 31B),synthetic,1
7084,CHARGE - AUTO,synthetic,0
7085,Mid-month transfer,synthetic,1
7086,Maintenance fee + insurance,synthetic,0
7087,Apart from rent - maintenance,synthetic,0
7088,RENT - APT 5B,synthetic,1
7089,Service fee + insurance,synthetic,0
7090,Zelle to Davis,synthetic,0
7091,End of month remittance,synthetic,1
7092,Service fee + insurance,synthetic,0
7093,Rent/payment,synthetic,1
7094,Housing allocation payment,synthetic,1
7095,Rent payment (apartment),synthetic,1
7096,Rent payment (apartment),synthetic,1
7097,RENT PAYMENT (MONTHLY),synthetic,1
7098,Service 5th monthly,synthetic,0
7099,Monthly payment to John,synthetic,0
7100,Property fee for residential unit,synthetic,1
7101,Flat fee,synthetic,1
7102,Recurring habitation expenditure,synthetic,1
7103,UTILITY - RECURRING,synthetic,0
7104,Place remittance,synthetic,1
7105,HOA fee + tax,synthetic,0
7106,End of month remittance,synthetic,0
7107,Building administration fee,synthetic,1
7108,Utility fee + insurance,synthetic,0
7109,RENT #2024-001,synthetic,1
7110,Rent ;payment,synthetic,1
7111,RENT #2024-001,synthetic,1
7112,FEE - MONTHLY,synthetic,0
7113,Real Estate Solutions (Unit 8C),synthetic,1
7114,SERVICE - MONTHLY,synthetic,0
7115,Mid-month transfer,synthetic,1
7116,Lodgings remittance,synthetic,0
7117,Utility fee + insurance,synthetic,0
7118,Lease payment,synthetic,0
7119,Unit charge,synthetic,0
7120,Building payment,synthetic,0
7121,Lease payment,synthetic,0
7122,Building payment,synthetic,0
7123,Residential payment First Monday,synthetic,1
7124,Additional to rent - fee,synthetic,0
7125,RENT>>PAYMENT,synthetic,1
7126,Semi-monthly residence,synthetic,0
7127,Building disbursement,synthetic,0
7128,Lodging remittance,synthetic,1
7129,Excluding rent - HOA,synthetic,0
7130,Maintenence payment,synthetic,0
7131,RENT>>PAYMENT,synthetic,1
7132,Unit charge,synthetic,0
7133,RENT: UNIT 304,synthetic,1
7134,Unit remittance for residential unit,synthetic,1
7135,Tenancy payment,synthetic,0
7136,Tenancy payment,synthetic,0
7137,Lease payment,synthetic,0
7138,Domicile Solutions,synthetic,0
7139,Recurring transfer to Smith,synthetic,0
7140,Building fee,synthetic,0
7141,Unit letting,synthetic,1
7142,Utility fee + tax,synthetic,0
7143,CHARGE - MONTHLY,synthetic,0
7144,End of month remittance,synthetic,1
7145,Rent ;payment,synthetic,1
7146,Pad payment,synthetic,1
7147,Besides rent - insurance,synthetic,0
7148,Residential payment First Monday,synthetic,1
7149,Pad payment,synthetic,0
7150,Maintenence payment,synthetic,0
7151,Periodic 30th payment,synthetic,0
7152,Crib fee,synthetic,0
7153,Subscription Every 30 days,synthetic,0
7154,Residence disbursement,synthetic,1
7155,Payment on 1st of month,synthetic,0
7156,Real Estate Solutions (Unit 24C),synthetic,1
7157,Rent payment ,synthetic,1
7158,My apartment payment,synthetic,1
7159,Rental payment,synthetic,0
7160,Residential payment 15th auto,synthetic,1
7161,Residential payment Monthly anniversary,synthetic,1
7162,Quarterly dwelling,synthetic,0
7163,Rant fee,synthetic,1
7164,Rent payment (apartment),synthetic,1
7165,Building disbursement,synthetic,0
7166,Spot payment,synthetic,1
7167,Residential payment 10th recurring,synthetic,1
7168,Building payment,synthetic,0
7169,Rant fee,synthetic,1
7170,Subscription 10th recurring,synthetic,0
7171,R3nt fee,synthetic,1
7172,Complex fee for residential unit,synthetic,1
7173,Recurring 1st week,synthetic,0
7174,Maintenance fee incl. services,synthetic,0
7175,My apartment payment,synthetic,1
7176,Maintenance fee + insurance,synthetic,0
7177,Wire to Thompson,synthetic,0
7178,Building Management,synthetic,0
7179,NOT rent - utilities,synthetic,0
7180,NOT rent - utilities,synthetic,0
7181,ACH to Johnson LLC,synthetic,0
7182,Mid-month transfer,synthetic,0
7183,Payment to Wilson,synthetic,0
7184,Bi-weekly housing,synthetic,0
7185,Habitation remittance,synthetic,1
7186,Complex payment,synthetic,0
7187,Abode disbursement,synthetic,1
7188,Pad payment,synthetic,1
7189,Residential payment First Monday,synthetic,1
7190,500 Oak Ave payment,synthetic,1
7191,Rent payment (primary residence),synthetic,1
7192,Place remittance,synthetic,1
7193,Zelle to Davis,synthetic,0
7194,Transfer to Miller,synthetic,0
7195,Complex charge for residential unit,synthetic,1
7196,RENT_INVOICE_001,synthetic,1
7197,Check #1234 for monthly,synthetic,1
7198,ACH to Johnson LLC,synthetic,1
7199,Housing Associates (Unit 31B),synthetic,1
7200,Other than rent - tax,synthetic,0
7201,Condo fee,synthetic,1
7202,Ren tpayment,synthetic,1
7203,FEE - MONTHLY,synthetic,0
7204,Unit fee,synthetic,0
7205,Unit letting,synthetic,0
7206,Remittance to Moore,synthetic,0
7207,RENT: UNIT 304,synthetic,1
7208,Rent(payment),synthetic,1
7209,Service Monthly anniversary,synthetic,0
7210,Residential payment First Monday,synthetic,1
7211,Digs payment,synthetic,1
7212,Lease obligation payment,synthetic,1
7213,Rent-pay ment,synthetic,1
7214,Service fee + tax,synthetic,0
7215,Utilitie payment,synthetic,0
7216,Maintenance fee + insurance,synthetic,0
7217,Subscripton payment,synthetic,0
7218,Bi-weekly housing,synthetic,0
7219,Rent/payment,synthetic,1
7220,Rent..payment,synthetic,1
7221,Transfer to Miller,synthetic,0
7222,Recurring transfer to Smith,synthetic,1
7223,R3nt fee,synthetic,1
7224,Premises Services (Unit 24B),synthetic,1
7225,Monthly payment to John,synthetic,0
7226,Rent payment (primary residence),synthetic,1
7227,Recurring 1st week,synthetic,0
7228,Residential payment 15th auto,synthetic,1
7229,Rant fee,synthetic,1
7230,RENT|AUTO,synthetic,1
7231,Quarterly dwelling (Unit 34B),synthetic,1
7232,Ref: RES-UNIT-5B,synthetic,1
7233,Rent ;payment,synthetic,1
7234,Ref: RES-UNIT-5B,synthetic,1
7235,CHARGE - RECURRING,synthetic,0
7236,Membership Quarterly,synthetic,0
7237,Utilitie payment,synthetic,0
7238,Unit payment including maintenance,synthetic,1
7239,RENT #2024-001,synthetic,1
7240,Maintenance fee + tax,synthetic,0
7241,Separate from rent - deposit,synthetic,0
7242,Besides rent - insurance,synthetic,0
7243,HOA fee + tax,synthetic,0
7244,Lease fee for residential unit,synthetic,1
7245,Accommodation remittance including tax,synthetic,1
7246,Other than rent - tax,synthetic,0
7247,Utility fee + insurance,synthetic,0
7248,Mid-month transfer,synthetic,0
7249,Recurring 1st week,synthetic,0
7250,Property fee for residential unit,synthetic,1
7251,Lease fee for residential unit,synthetic,1
7252,Subscripton payment,synthetic,0
7253,Quarterly dwelling,synthetic,0
7254,ACH to Johnson LLC,synthetic,0
7255,Flat fee,synthetic,0
7256,Premises Services (Unit 28B),synthetic,1
7257,Besides rent - insurance,synthetic,0
7258,My unit disbursement,synthetic,1
7259,Service fee incl. services,synthetic,0
7260,RENT - DO NOT DELETE,synthetic,1
7261,Rent payment (primary residence),synthetic,1
7262,Strata payment,synthetic,0
7263,RENT-RECURRING,synthetic,1
7264,Servise payment,synthetic,0
7265,Unit disbursement for residential unit,synthetic,1
7266,Besides rent - insurance,synthetic,0
7267,Condo fee,synthetic,0
7268,Letting fee,synthetic,0
7269,Service fee incl. services,synthetic,0
7270,Premises fee with service charge,synthetic,1
7271,Residential facility fee,synthetic,1
7272,Dwelling remittance,synthetic,1
7273,Real Estate Solutions,synthetic,0
7274,Unit letting,synthetic,1
7275,Additional to rent - fee,synthetic,0
7276,Subscripton payment,synthetic,0
7277,Spot payment,synthetic,0
7278,Accommodation remittance including tax,synthetic,1
7279,Residential payment Quarterly,synthetic,1
7280,Complex Services,synthetic,0
7281,Periodic 30th payment,synthetic,0
7282,Tenancy payment,synthetic,0
7283,Wire to Thompson,synthetic,0
7284,Residential payment 15th auto,synthetic,1
7285,Rent ;payment,synthetic,1
7286,Apart from rent - maintenance,synthetic,0
7287,Property fee for residential unit,synthetic,1
7288,Rnet payment,synthetic,1
7289,Accommodation remittance including tax,synthetic,1
7290,RENT PAYMENT (MONTHLY),synthetic,1
7291,Wire to Thompson,synthetic,0
7292,End of month remittance,synthetic,0
7293,Digs payment,synthetic,0
7294,Service First Monday,synthetic,0
7295,Periodic 30th payment,synthetic,0
7296,Condo fee,synthetic,1
7297,Rent payment ,synthetic,1
7298,Place I stay remittance,synthetic,1
7299,Digs payment,synthetic,0
7300,123 Main St monthly,synthetic,1
7301,Lodgings remittance,synthetic,1
7302,Flat fee,synthetic,0
7303,Service Semi-monthly,synthetic,0
7304,Mid-month transfer,synthetic,0
7305,Rental payment,synthetic,0
7306,Domicile disbursement,synthetic,1
7307,Utility fee + insurance,synthetic,0
7308,Complex management remittance,synthetic,1
7309,Service Semi-monthly,synthetic,0
7310,Complex payment,synthetic,0
7311,Building payment for residential unit,synthetic,1
7312,Bi-weekly housing (Unit 45C),synthetic,1
7313,Rent payment (primary residence),synthetic,1
7314,Rent with included services,synthetic,1
7315,Rent payment (primary residence),synthetic,1
7316,Residential payment Monthly anniversary,synthetic,1
7317,Residential payment 25th standing,synthetic,1
7318,Complex payment for residential unit,synthetic,1
7319,Rent payment (primary residence),synthetic,1
7320,Residential payment Bi-weekly,synthetic,1
7321,Utilitie payment,synthetic,0
7322,Monthly on 15th,synthetic,1
7323,Rent payment (apartment),synthetic,1
7324,Service Calendar month,synthetic,0
7325,Non-rent housing expense,synthetic,0
7326,Bi-weekly housing,synthetic,0
7327,Distinct from rent - service,synthetic,0
7328,Subscripton payment,synthetic,0
7329,Maintenance fee incl. services,synthetic,0
7330,Invoice #APT2024-001,synthetic,1
7331,HOA fee + tax,synthetic,0
7332,Property Services LLC,synthetic,1
7333,Complex payment for residential unit,synthetic,1
7334,RENT PAYMENT (MONTHLY),synthetic,1
7335,Apart from rent - maintenance,synthetic,0
7336,Rant fee,synthetic,1
7337,Crib fee,synthetic,0
7338,Recurring 1st week,synthetic,1
7339,Bi-weekly housing,synthetic,0
7340,Maintenence payment,synthetic,0
7341,Lodging remittance,synthetic,1
7342,My unit disbursement,synthetic,1
7343,Residence disbursement,synthetic,1
7344,Residential Services,synthetic,0
7345,Utility fee + insurance,synthetic,0
7346,Periodic 30th payment,synthetic,0
7347,Dwelling disbursement plus fees,synthetic,1
7348,Rent payment (apartment),synthetic,1
7349,Remittance: DWELLING,synthetic,1
7350,Condo fee,synthetic,0
7351,Building payment,synthetic,0
7352,Rent payment ,synthetic,1
7353,Unit charge for residential unit,synthetic,1
7354,RENT #2024-001,synthetic,1
7355,Monthly housing and utilities bundle,synthetic,1
7356,Monthly payment to John,synthetic,0
7357,Utilitie payment,synthetic,0
7358,Monthly payment to John,synthetic,0
7359,Zelle to Davis,synthetic,1
7360,RENT PAYMENT (MONTHLY),synthetic,1
7361,Zelle to Davis,synthetic,0
7362,Letting fee,synthetic,0
7363,Maintenence payment,synthetic,0
7364,Recurring transfer to Smith,synthetic,0
7365,NOT rent - utilities,synthetic,0
7366,Utilitie payment,synthetic,0
7367,Residential payment 10th recurring,synthetic,1
7368,Debit to Anderson,synthetic,0
7369,Digs payment,synthetic,1
7370,Habitation remittance with utilities,synthetic,1
7371,Lease fee for residential unit,synthetic,1
7372,Additional to rent - fee,synthetic,0
7373,Zelle to Davis,synthetic,0
7374,Lease obligation payment,synthetic,1
7375,Abode payment plus insurance,synthetic,1
7376,Remittance to Moore,synthetic,0
7377,Complex Services,synthetic,0
7378,Habitation remittance with utilities,synthetic,1
7379,RENT_INVOICE_001,synthetic,1
7380,Other than rent - tax,synthetic,0
7381,Rent payment (primary residence),synthetic,1
7382,Habitation remittance,synthetic,1
7383,Rant remittance,synthetic,1
7384,RENT-RECURRING,synthetic,1
7385,Debit to Anderson,synthetic,0
7386,Payment to Wilson,synthetic,0
7387,Property fee for residential unit,synthetic,1
7388,Habitation remittance with utilities,synthetic,1
7389,Wire to Thompson,synthetic,0
7390,Housing Associates,synthetic,1
7391,Digs payment,synthetic,0
7392,Lease payment,synthetic,0
7393,SERVICE - RECURRING,synthetic,0
7394,Accommodation remittance including tax,synthetic,1
7395,Distinct from rent - service,synthetic,0
7396,Tenancy payment,synthetic,1
7397,Subscription Quarterly,synthetic,0
7398,Monthly housing and utilities bundle,synthetic,1
7399,Additional to rent - fee,synthetic,0
7400,Wire to Thompson,synthetic,1
7401,Subscription Bi-weekly,synthetic,0
7402,Housing Associates,synthetic,0
7403,UTILITY - RECURRING,synthetic,0
7404,Maintenance fee incl. services,synthetic,0
7405,Residential facility fee,synthetic,1
7406,Crib fee,synthetic,0
7407,Besides rent - insurance,synthetic,0
7408,Apartment 12C fee,synthetic,1
7409,Rent-pay ment,synthetic,1
7410,RENT: UNIT 304,synthetic,1
7411,My house monthly,synthetic,1
7412,Service fee incl. services,synthetic,0
7413,Maintenence payment,synthetic,0
7414,Recurring 1st week,synthetic,0
7415,Property fee for residential unit,synthetic,1
7416,Payment on 1st of month (Unit 24C),synthetic,1
7417,Service fee + insurance,synthetic,0
7418,Residence fee including amenities,synthetic,1
7419,Membership 10th recurring,synthetic,0
7420,Rent-paymnt,synthetic,1
7421,RENT: UNIT 304,synthetic,1
7422,Check #1234 for monthly,synthetic,0
7423,Distinct from rent - service,synthetic,0
7424,Additional to rent - fee,synthetic,0
7425,Transfer to Miller (Unit 13A),synthetic,1
7426,Utilitie payment,synthetic,0
7427,Strata payment,synthetic,0
7428,Payment on 1st of month,synthetic,0
7429,RENT>>PAYMENT,synthetic,1
7430,Digs payment,synthetic,0
7431,Lease fee for residential unit,synthetic,1
7432,My house monthly,synthetic,1
7433,My unit disbursement,synthetic,1
7434,Rent payment (apartment),synthetic,1
7435,Subscription First Monday,synthetic,0
7436,Premises fee with service charge,synthetic,1
7437,Quarterly dwelling,synthetic,0
7438,Letting fee,synthetic,0
7439,Rent payment ,synthetic,1
7440,Apartment payment + parking,synthetic,1
7441,Quarterly dwelling,synthetic,0
7442,Building fee,synthetic,0
7443,Membership First Monday,synthetic,0
7444,Spot payment,synthetic,0
7445,Rent payment (apartment),synthetic,1
7446,Unit payment including maintenance,synthetic,1
7447,RENT #2024-001,synthetic,1
7448,Non-rent housing expense,synthetic,0
7449,Service Every 30 days,synthetic,0
7450,Rent payment (primary residence),synthetic,1
7451,Residential payment Last day,synthetic,1
7452,Rent-paymnt,synthetic,1
7453,NOT rent - utilities,synthetic,0
7454,Debit to Anderson,synthetic,1
7455,Flat fee,synthetic,0
7456,Rent payment ,synthetic,1
7457,Transfer to Miller,synthetic,0
7458,Lodging remittance,synthetic,1
7459,RENT~MONTHLY,synthetic,1
7460,Service Calendar month,synthetic,0
7461,Mid-month transfer,synthetic,0
7462,Building payment,synthetic,0
7463,Monthly payment to John,synthetic,1
7464,Utility fee incl. services,synthetic,0
7465,Mid-month transfer (Unit 18A),synthetic,1
7466,Rant fee,synthetic,1
7467,Monthly housing and utilities bundle,synthetic,1
7468,Bi-weekly housing,synthetic,1
7469,Crib fee,synthetic,1
7470,Subscripton payment,synthetic,0
7471,Recurring transfer to Smith,synthetic,0
7472,Complex Services,synthetic,0
7473,Maintenence payment,synthetic,0
7474,RENT_INVOICE_001,synthetic,1
7475,Real Estate Solutions,synthetic,0
7476,Rent payment (primary residence),synthetic,1
7477,SERVICE - AUTO,synthetic,0
7478,Crib fee,synthetic,1
7479,Check #1234 for monthly,synthetic,0
7480,CHARGE - AUTO,synthetic,0
7481,Residence disbursement,synthetic,1
7482,CHARGE - MONTHLY,synthetic,0
7483,Crib fee,synthetic,1
7484,Pad payment,synthetic,0
7485,UTILITY - RECURRING,synthetic,0
7486,Residential payment 10th recurring,synthetic,1
7487,Payment on 1st of month,synthetic,0
7488,Rent (missed auto),synthetic,1
7489,Subscripton payment,synthetic,0
7490,Unit letting,synthetic,1
7491,Check #1234 for monthly,synthetic,0
7492,Building administration fee,synthetic,1
7493,Unit payment including maintenance,synthetic,1
7494,Residential payment Semi-monthly,synthetic,1
7495,Building administration fee,synthetic,1
7496,UTILITY - RECURRING,synthetic,0
7497,End of month remittance,synthetic,0
7498,Premises Services,synthetic,0
7499,Excluding rent - HOA,synthetic,0
7500,Subscription Bi-weekly,synthetic,0
7501,Flat fee,synthetic,0
7502,Rent payment (primary residence),synthetic,1
7503,Property payment,synthetic,0
7504,Property remittance,synthetic,0
7505,Remittance: DWELLING,synthetic,1
7506,Lease charge for residential unit,synthetic,1
7507,Service fee + insurance,synthetic,0
7508,Additional to rent - fee,synthetic,0
7509,RENT>>PAYMENT,synthetic,1
7510,Crib fee,synthetic,0
7511,Debit to Anderson,synthetic,0
7512,Bi-weekly housing,synthetic,0
7513,Residential payment Bi-weekly,synthetic,1
7514,Facility Solutions,synthetic,0
7515,RENT - APT 5B,synthetic,1
7516,Rent payment (primary residence),synthetic,1
7517,Premises fee with service charge,synthetic,1
7518,UTILITY - AUTO,synthetic,0
7519,Facility management disbursement,synthetic,1
7520,Subscription 5th monthly,synthetic,0
7521,Subscripton payment,synthetic,0
7522,Tenancy payment,synthetic,0
7523,Subscripton payment,synthetic,0
7524,Residential Services,synthetic,0
7525,Rent/payment,synthetic,1
7526,Subscription Every 30 days,synthetic,0
7527,Rent payment (primary residence),synthetic,1
7528,Periodic 30th payment,synthetic,1
7529,Residence fee including amenities,synthetic,1
7530,Crib fee,synthetic,0
7531,Premises fee with service charge,synthetic,1
7532,Building fee for residential unit,synthetic,1
7533,RENT - APT 5B,synthetic,1
7534,Besides rent - insurance,synthetic,0
7535,RENT>>PAYMENT,synthetic,1
7536,Apartment 12C fee,synthetic,1
7537,Rent payment ,synthetic,1
7538,Residential payment Every 30 days,synthetic,1
7539,Subscription 25th standing,synthetic,0
7540,Property fee,synthetic,0
7541,Excluding rent - HOA,synthetic,0
7542,Recurring 1st week (Unit 13B),synthetic,1
7543,Unit payment,synthetic,0
7544,Service 15th auto,synthetic,0
7545,Apart from rent - maintenance,synthetic,0
7546,FEE - MONTHLY,synthetic,0
7547,Rent payment (primary residence),synthetic,1
7548,Maintenence payment,synthetic,0
7549,Apartment 12C fee,synthetic,1
7550,Abode payment plus insurance,synthetic,1
7551,Digs payment,synthetic,1
7552,Building payment,synthetic,0
7553,Property remittance,synthetic,0
7554,For 303 Parkview,synthetic,1
7555,CHARGE - RECURRING,synthetic,0
7556,Maintenence payment,synthetic,0
7557,Rent payment (primary residence),synthetic,1
7558,Maintenence payment,synthetic,0
7559,Crib fee,synthetic,1
7560,Flat fee,synthetic,0
7561,Rent payment (apartment),synthetic,1
7562,Semi-monthly residence,synthetic,0
7563,Debit to Anderson,synthetic,0
7564,Maintenance fee incl. services,synthetic,0
7565,Complex charge,synthetic,0
7566,ACH to Johnson LLC,synthetic,1
7567,Rent-pay ment,synthetic,1
7568,Independent of rent - repair,synthetic,0
7569,RENT: UNIT 304,synthetic,1
7570,Rent..payment,synthetic,1
7571,Flat fee,synthetic,0
7572,Place remittance,synthetic,0
7573,Property Services LLC,synthetic,0
7574,Maintenance fee + insurance,synthetic,0
7575,Complex management remittance,synthetic,1
7576,RENT PAYMENT (MONTHLY),synthetic,1
7577,Subscription 20th periodic,synthetic,0
7578,Apartment payment + parking,synthetic,1
7579,Premises Services,synthetic,0
7580,Habitation remittance,synthetic,1
7581,Complex Services,synthetic,0
7582,Complex charge,synthetic,0
7583,Unit fee,synthetic,0
7584,Other than rent - tax,synthetic,0
7585,Subscription Bi-weekly,synthetic,0
7586,Accommodation disbursement,synthetic,1
7587,Service First Monday,synthetic,0
7588,Dwelling disbursement plus fees,synthetic,1
7589,ACH to Johnson LLC,synthetic,1
7590,Zelle to Davis (Unit 35A),synthetic,1
7591,HOA fee + tax,synthetic,0
7592,Recurring 1st week,synthetic,1
7593,Periodic 30th payment,synthetic,0
7594,Recurring transfer to Smith,synthetic,0
7595,Subscripton payment,synthetic,0
7596,Spot payment,synthetic,0
7597,Flat fee,synthetic,1
7598,RENT_INVOICE_001,synthetic,1
7599,Unit disbursement for residential unit,synthetic,1
7600,Residential payment Bi-weekly,synthetic,1
7601,Subscription 1st of month,synthetic,0
7602,Accommodation remittance including tax,synthetic,1
7603,Rent payment ,synthetic,1
7604,RENT|AUTO,synthetic,1
7605,RENT PAYMENT (MONTHLY),synthetic,1
7606,Digs payment,synthetic,1
7607,Rent payment ,synthetic,1
7608,Rent payment (apartment),synthetic,1
7609,Residential payment 15th auto,synthetic,1
7610,Maintenence payment,synthetic,0
7611,Monthly payment to John,synthetic,0
7612,Periodic 30th payment,synthetic,0
7613,FEE - MONTHLY,synthetic,0
7614,CHARGE - AUTO,synthetic,0
7615,Utility fee + insurance,synthetic,0
7616,RENT: UNIT 304,synthetic,1
7617,Utilitie payment,synthetic,0
7618,Complex charge for residential unit,synthetic,1
7619,Rent (missed auto),synthetic,1
7620,Rent payment (primary residence),synthetic,1
7621,Monthly housing and utilities bundle,synthetic,1
7622,Unit letting,synthetic,1
7623,Residential payment 20th periodic,synthetic,1
7624,Residential payment Quarterly,synthetic,1
7625,Lease charge,synthetic,0
7626,Non-rent housing expense,synthetic,0
7627,Rent payment (apartment),synthetic,1
7628,Zelle to Davis,synthetic,0
7629,Rental payment,synthetic,0
7630,Non-rent housing expense,synthetic,0
7631,RENT~MONTHLY,synthetic,1
7632,My apartment payment,synthetic,1
7633,Abode payment plus insurance,synthetic,1
7634,Unit payment,synthetic,0
7635,UTILITY - AUTO,synthetic,0
7636,Premises Services (Unit 6C),synthetic,1
7637,Complex charge,synthetic,0
7638,Payment to Wilson,synthetic,0
7639,Monthly on 15th,synthetic,0
7640,Property Services LLC,synthetic,0
7641,Apartment 12C fee,synthetic,1
7642,Real estate management fee,synthetic,1
7643,Besides rent - insurance,synthetic,0
7644,Digs payment,synthetic,1
7645,RENT PAYMENT (MONTHLY),synthetic,1
7646,Housing allocation payment,synthetic,1
7647,Residence fee including amenities,synthetic,1
7648,Wire to Thompson (Unit 32A),synthetic,1
7649,Payment on 1st of month,synthetic,0
7650,Lease obligation payment,synthetic,1
7651,Unit Management,synthetic,1
7652,Tenancy payment,synthetic,1
7653,Rentt disbursement,synthetic,1
7654,Unit charge,synthetic,0
7655,Tenancy payment,synthetic,0
7656,Residential payment 25th standing,synthetic,1
7657,Spot payment,synthetic,1
7658,Rant remittance,synthetic,1
7659,Facility Solutions,synthetic,0
7660,Property remittance for residential unit,synthetic,1
7661,RENT - APT 5B,synthetic,1
7662,Subscription Monthly anniversary,synthetic,0
7663,Maintenance fee incl. services,synthetic,0
7664,Residential payment 25th standing,synthetic,1
7665,Semi-monthly residence (Unit 16B),synthetic,1
7666,Rent payment (apartment),synthetic,1
7667,RENT_INVOICE_001,synthetic,1
7668,Building Management,synthetic,0
7669,Servise payment,synthetic,0
7670,Habitation remittance with utilities,synthetic,1
7671,Digs payment,synthetic,1
7672,Monthly housing and utilities bundle,synthetic,1
7673,Rant remittance,synthetic,1
7674,CHARGE - MONTHLY,synthetic,0
7675,Recurring 1st week,synthetic,0
7676,Building payment,synthetic,0
7677,Residential Services,synthetic,1
7678,Condo fee,synthetic,0
7679,NOT rent - utilities,synthetic,0
7680,NOT rent - utilities,synthetic,0
7681,Rent payment ,synthetic,1
7682,Transfer to Miller (Unit 36C),synthetic,1
7683,Quarterly dwelling,synthetic,0
7684,Periodic 30th payment,synthetic,0
7685,Residential payment 25th standing,synthetic,1
7686,Unit payment including maintenance,synthetic,1
7687,Spot payment,synthetic,1
7688,Residential payment 20th periodic,synthetic,1
7689,Residential payment 5th monthly,synthetic,1
7690,CHARGE - AUTO,synthetic,0
7691,Tenancy payment,synthetic,0
7692,Residential payment 20th periodic,synthetic,1
7693,RENT - DO NOT DELETE,synthetic,1
7694,Service Every 30 days,synthetic,0
7695,Recurring 1st week (Unit 47B),synthetic,1
7696,Residential occupancy fee,synthetic,1
7697,Rent/payment,synthetic,1
7698,Domicile Solutions,synthetic,0
7699,Building administration fee,synthetic,1
7700,End of month remittance,synthetic,1
7701,Non-rent housing expense,synthetic,0
7702,Premises Services,synthetic,1
7703,Rent payment ,synthetic,1
7704,Property remittance for residential unit,synthetic,1
7705,HOA fee + tax,synthetic,0
7706,Residential payment Calendar month,synthetic,1
7707,First of month payment,synthetic,0
7708,Rent payment (apartment),synthetic,1
7709,Utility fee + insurance,synthetic,0
7710,Subscripton payment,synthetic,0
7711,Unit Management (Unit 7B),synthetic,1
7712,Crib fee,synthetic,1
7713,Residential payment 10th recurring,synthetic,1
7714,Subscripton payment,synthetic,0
7715,Unit remittance for residential unit,synthetic,1
7716,Unit payment,synthetic,0
7717,Building payment,synthetic,0
7718,Apartment payment + parking,synthetic,1
7719,Payment to Wilson,synthetic,1
7720,Membership Monthly anniversary,synthetic,0
7721,Unit Management,synthetic,0
7722,End of month remittance,synthetic,0
7723,Periodic 30th payment,synthetic,1
7724,Payment to Wilson,synthetic,0
7725,RENT - DO NOT DELETE,synthetic,1
7726,RENT|AUTO,synthetic,1
7727,Letting fee,synthetic,0
7728,RENT_INVOICE_001,synthetic,1
7729,Real Estate Solutions,synthetic,0
7730,RENT>>PAYMENT,synthetic,1
7731,Unit payment for residential unit,synthetic,1
7732,RENT>>PAYMENT,synthetic,1
7733,Maintenance fee + tax,synthetic,0
7734,Lease obligation payment,synthetic,1
7735,Rant fee,synthetic,1
7736,Building fee,synthetic,0
7737,Monthly on 15th,synthetic,0
7738,123 Main St monthly,synthetic,1
7739,Payment to Wilson,synthetic,0
7740,Rent payment (apartment),synthetic,1
7741,Utility fee + tax,synthetic,0
7742,Maintenance fee + tax,synthetic,0
7743,Membership Last day,synthetic,0
7744,Habitation remittance with utilities,synthetic,1
7745,HOA fee + tax,synthetic,0
7746,Complex charge for residential unit,synthetic,1
7747,Premises fee with service charge,synthetic,1
7748,Property remittance for residential unit,synthetic,1
7749,Building Management,synthetic,0
7750,500 Oak Ave payment,synthetic,1
7751,Utilitie payment,synthetic,0
7752,Besides rent - insurance,synthetic,0
7753,Zelle to Davis,synthetic,1
7754,For 303 Parkview,synthetic,1
7755,Lodgings remittance,synthetic,0
7756,Membership Semi-monthly,synthetic,0
7757,Strata payment,synthetic,1
7758,Transfer to Miller,synthetic,1
7759,Maintenance fee incl. services,synthetic,0
7760,Pad payment,synthetic,0
7761,Pad payment,synthetic,0
7762,Rent payment ,synthetic,1
7763,Real estate management fee,synthetic,1
7764,Residential payment 20th periodic,synthetic,1
7765,Check #1234 for monthly,synthetic,0
7766,Periodic 30th payment,synthetic,0
7767,Flat fee,synthetic,0
7768,Property remittance for residential unit,synthetic,1
7769,Residential payment Bi-weekly,synthetic,1
7770,Rent payment (apartment),synthetic,1
7771,Payment ref: HOUSING-,synthetic,1
7772,Rentt disbursement,synthetic,1
7773,Accommodation remittance including tax,synthetic,1
7774,UTILITY - AUTO,synthetic,0
7775,Building Management,synthetic,0
7776,RENT PAYMENT (MONTHLY),synthetic,1
7777,Property Services LLC,synthetic,0
7778,Maintenance fee + tax,synthetic,0
7779,Residential payment Quarterly,synthetic,1
7780,Building fee for residential unit,synthetic,1
7781,CHARGE - RECURRING,synthetic,0
7782,Residential payment Monthly anniversary,synthetic,1
7783,Unit remittance,synthetic,0
7784,Rent payment (apartment),synthetic,1
7785,Residential payment 20th periodic,synthetic,1
7786,Recurring transfer to Smith,synthetic,1
7787,Rent payment (primary residence),synthetic,1
7788,Residential Services (Unit 30C),synthetic,1
7789,Semi-monthly residence,synthetic,0
7790,UTILITY - MONTHLY,synthetic,0
7791,Bi-weekly housing,synthetic,1
7792,Utilitie payment,synthetic,0
7793,Rent payment (apartment),synthetic,1
7794,RENT_INVOICE_001,synthetic,1
7795,Unit remittance for residential unit,synthetic,1
7796,Lease charge,synthetic,0
7797,Debit to Anderson (Unit 28C),synthetic,1
7798,RENT_INVOICE_001,synthetic,1
7799,Residential payment Monthly anniversary,synthetic,1
7800,Monthly payment to John,synthetic,1
7801,Subscription Every 30 days,synthetic,0
7802,Subscripton payment,synthetic,0
7803,Residence disbursement,synthetic,1
7804,Payment on 1st of month,synthetic,0
7805,Residential payment 1st of month,synthetic,1
7806,Residential payment First Monday,synthetic,1
7807,Rent with included services,synthetic,1
7808,Utilitie payment,synthetic,0
7809,Rnet payment,synthetic,1
7810,Service fee + tax,synthetic,0
7811,Residential payment Calendar month,synthetic,1
7812,Residential payment Monthly anniversary,synthetic,1
7813,Residential payment 20th periodic,synthetic,1
7814,Unit payment,synthetic,0
7815,Service fee + insurance,synthetic,0
7816,Complex payment for residential unit,synthetic,1
7817,R3nt fee,synthetic,1
7818,Real Estate Solutions,synthetic,0
7819,ACH to Johnson LLC,synthetic,0
7820,Rent payment (apartment),synthetic,1
7821,UTILITY - AUTO,synthetic,0
7822,Rental payment,synthetic,0
7823,Property fee,synthetic,0
7824,Service fee + tax,synthetic,0
7825,Domicile disbursement,synthetic,1
7826,Unit Management (Unit 26B),synthetic,1
7827,Building payment for residential unit,synthetic,1
7828,Rent payment ,synthetic,1
7829,Residential payment Quarterly,synthetic,1
7830,Rent payment (primary residence),synthetic,1
7831,Premises maintenance remittance,synthetic,1
7832,RENT - DO NOT DELETE,synthetic,1
7833,Maintenance fee + insurance,synthetic,0
7834,Maintenance fee + insurance,synthetic,0
7835,Quarterly dwelling,synthetic,0
7836,Complex Services,synthetic,1
7837,Maintenence payment,synthetic,0
7838,Housing Associates,synthetic,1
7839,Utilitie payment,synthetic,0
7840,ACH to Johnson LLC,synthetic,0
7841,Strata payment,synthetic,1
7842,Residential payment 10th recurring,synthetic,1
7843,Rent payment (apartment),synthetic,1
7844,Unit Management,synthetic,0
7845,Quarterly dwelling,synthetic,0
7846,Recurring 1st week,synthetic,0
7847,Check #1234 for monthly,synthetic,0
7848,Transfer to Miller (Unit 13B),synthetic,1
7849,Additional to rent - fee,synthetic,0
7850,Lodgings remittance,synthetic,1
7851,NOT rent - utilities,synthetic,0
7852,RENT|AUTO,synthetic,1
7853,Real Estate Solutions,synthetic,0
7854,Excluding rent - HOA,synthetic,0
7855,For 303 Parkview,synthetic,1
7856,Property management remittance,synthetic,1
7857,Complex payment for residential unit,synthetic,1
7858,Utility fee + insurance,synthetic,0
7859,RENT_INVOICE_001,synthetic,1
7860,Digs payment,synthetic,1
7861,Residential payment Bi-weekly,synthetic,1
7862,RENT PAYMENT (MONTHLY),synthetic,1
7863,Check #1234 for monthly,synthetic,0
7864,FEE - MONTHLY,synthetic,0
7865,Crib fee,synthetic,1
7866,Unit 7B monthly,synthetic,1
7867,Service fee + tax,synthetic,0
7868,Rental payment,synthetic,0
7869,Lease payment for residential unit,synthetic,1
7870,Besides rent - insurance,synthetic,0
7871,Property remittance,synthetic,0
7872,Dwelling remittance,synthetic,1
7873,Lease fee,synthetic,0
7874,Rent payment ,synthetic,1
7875,RENT - APT 5B,synthetic,1
7876,Place remittance,synthetic,1
7877,Premises maintenance remittance,synthetic,1
7878,Accommodation remittance including tax,synthetic,1
7879,Rnet payment,synthetic,1
7880,RENT~MONTHLY,synthetic,1
7881,Complex Services,synthetic,1
7882,Property Services LLC,synthetic,0
7883,Residence fee including amenities,synthetic,1
7884,Rent payment (apartment),synthetic,1
7885,500 Oak Ave payment,synthetic,1
7886,RENT #2024-001,synthetic,1
7887,Pad payment,synthetic,0
7888,Utilitie payment,synthetic,0
7889,Recurring 1st week,synthetic,0
7890,UTILITY - AUTO,synthetic,0
7891,Non-rent housing expense,synthetic,0
7892,RENT - APT 5B,synthetic,1
7893,Letting fee,synthetic,1
7894,Payment on 1st of month,synthetic,0
7895,Building disbursement,synthetic,0
7896,Tenancy payment,synthetic,1
7897,Rentt disbursement,synthetic,1
7898,ACH to Johnson LLC,synthetic,0
7899,Rent(payment),synthetic,1
7900,Rent with included services,synthetic,1
7901,Subscripton payment,synthetic,0
7902,Rent/payment,synthetic,1
7903,Quarterly dwelling,synthetic,1
7904,Building fee,synthetic,0
7905,Residential payment Semi-monthly,synthetic,1
7906,Lease payment for residential unit,synthetic,1
7907,Zelle to Davis,synthetic,0
7908,Rent payment ,synthetic,1
7909,Membership Every 30 days,synthetic,0
7910,Condo fee,synthetic,0
7911,Property Services LLC,synthetic,0
7912,First of month payment,synthetic,1
7913,Rental payment,synthetic,0
7914,Residential payment Bi-weekly,synthetic,1
7915,Service fee + insurance,synthetic,0
7916,Debit to Anderson,synthetic,1
7917,ACH to Johnson LLC,synthetic,1
7918,HOA fee + insurance,synthetic,0
7919,Maintenence payment,synthetic,0
7920,Rent payment ,synthetic,1
7921,Periodic domicile remittance,synthetic,1
7922,Digs payment,synthetic,1
7923,Rent/payment,synthetic,1
7924,Letting fee,synthetic,1
7925,Rant fee,synthetic,1
7926,Strata payment,synthetic,1
7927,Lease payment,synthetic,0
7928,Premises Services,synthetic,0
7929,UTILITY - AUTO,synthetic,0
7930,Besides rent - insurance,synthetic,0
7931,Rent-pay ment,synthetic,1
7932,HOA fee + insurance,synthetic,0
7933,Property Services LLC,synthetic,0
7934,SERVICE - MONTHLY,synthetic,0
7935,Building fee,synthetic,0
7936,Additional to rent - fee,synthetic,0
7937,ACH to Johnson LLC,synthetic,0
7938,Membership 15th auto,synthetic,0
7939,Independent of rent - repair,synthetic,0
7940,Building fee,synthetic,0
7941,Service fee + insurance,synthetic,0
7942,Other than rent - tax,synthetic,0
7943,Rent payment ,synthetic,1
7944,Residential payment 5th monthly,synthetic,1
7945,Semi-monthly residence,synthetic,0
7946,Other than rent - tax,synthetic,0
7947,Residential payment 10th recurring,synthetic,1
7948,Apartment payment + parking,synthetic,1
7949,Recurring 1st week,synthetic,0
7950,Independent of rent - repair,synthetic,0
7951,NOT rent - utilities,synthetic,0
7952,CHARGE - MONTHLY,synthetic,0
7953,Rent payment ,synthetic,1
7954,Strata payment,synthetic,1
7955,Residential payment 10th recurring,synthetic,1
7956,Residential Services,synthetic,0
7957,Rent/payment,synthetic,1
7958,Maintenence payment,synthetic,0
7959,First of month payment,synthetic,1
7960,Wire to Thompson (Unit 5C),synthetic,1
7961,Rent payment (apartment),synthetic,1
7962,Zelle to Davis,synthetic,0
7963,Premises fee with service charge,synthetic,1
7964,First of month payment,synthetic,0
7965,Property Services LLC (Unit 10A),synthetic,1
7966,Maintenence payment,synthetic,0
7967,Monthly on 15th,synthetic,0
7968,Service 5th monthly,synthetic,0
7969,Semi-monthly residence,synthetic,0
7970,Wire to Thompson,synthetic,0
7971,Residential payment 10th recurring,synthetic,1
7972,Service fee incl. services,synthetic,0
7973,Subscripton payment,synthetic,0
7974,Ref: RES-UNIT-5B,synthetic,1
7975,Rent payment (primary residence),synthetic,1
7976,First of month payment (Unit 40C),synthetic,1
7977,Building fee for residential unit,synthetic,1
7978,Landlord services payment,synthetic,1
7979,Building payment,synthetic,0
7980,Servise payment,synthetic,0
7981,Rent payment (primary residence),synthetic,1
7982,Ren tpayment,synthetic,1
7983,Maintenance fee + tax,synthetic,0
7984,Rent payment (primary residence),synthetic,1
7985,Payment on 1st of month,synthetic,0
7986,Subscripton payment,synthetic,0
7987,Subscription Bi-weekly,synthetic,0
7988,Service Calendar month,synthetic,0
7989,Premises Services,synthetic,0
7990,HOA fee + tax,synthetic,0
7991,Independent of rent - repair,synthetic,0
7992,Strata payment,synthetic,0
7993,Subscription Calendar month,synthetic,0
7994,Lease fee,synthetic,0
7995,Unit charge,synthetic,0
7996,My unit disbursement,synthetic,1
7997,Service Last day,synthetic,0
7998,Property Services LLC,synthetic,1
7999,Dwelling disbursement plus fees,synthetic,1
8000,Complex fee,synthetic,0
8001,Rent payment (primary residence),synthetic,1
8002,Letting fee,synthetic,1
8003,Wire to Thompson,synthetic,1
8004,R3nt fee,synthetic,1
8005,Residential payment 10th recurring,synthetic,1
8006,RENT>>PAYMENT,synthetic,1
8007,RENT>>PAYMENT,synthetic,1
8008,Complex fee for residential unit,synthetic,1
8009,Service Last day,synthetic,0
8010,Invoice: RESIDENCE,synthetic,1
8011,Transfer to Miller,synthetic,0
8012,Rnet payment,synthetic,1
8013,Residential payment 15th auto,synthetic,1
8014,Excluding rent - HOA,synthetic,0
8015,Real Estate Solutions (Unit 7B),synthetic,1
8016,Service fee + tax,synthetic,0
8017,Letting fee,synthetic,1
8018,FEE - RECURRING,synthetic,0
8019,Accommodation remittance including tax,synthetic,1
8020,Building disbursement,synthetic,0
8021,First of month payment,synthetic,0
8022,Unit charge for residential unit,synthetic,1
8023,Utility fee + tax,synthetic,0
8024,Residential payment 5th monthly,synthetic,1
8025,Excluding rent - HOA,synthetic,0
8026,Real Estate Solutions,synthetic,0
8027,Domicile Solutions,synthetic,0
8028,NOT rent - utilities,synthetic,0
8029,Bi-weekly housing,synthetic,1
8030,Complex Services,synthetic,1
8031,Accommodation remittance including tax,synthetic,1
8032,Lease fee for residential unit,synthetic,1
8033,Residential payment Last day,synthetic,1
8034,Wire to Thompson,synthetic,0
8035,Unit payment including maintenance,synthetic,1
8036,Condo fee,synthetic,1
8037,Residential Services (Unit 31B),synthetic,1
8038,UTILITY - AUTO,synthetic,0
8039,UTILITY - AUTO,synthetic,0
8040,Rent(payment),synthetic,1
8041,Facility management disbursement,synthetic,1
8042,Complex Services,synthetic,0
8043,Lease payment for residential unit,synthetic,1
8044,Maintenance fee + insurance,synthetic,0
8045,Apartment payment + parking,synthetic,1
8046,Bi-weekly housing,synthetic,0
8047,Maintenance fee + tax,synthetic,0
8048,Service fee incl. services,synthetic,0
8049,CHARGE - AUTO,synthetic,0
8050,Complex payment for residential unit,synthetic,1
8051,Service fee + tax,synthetic,0
8052,NOT rent - utilities,synthetic,0
8053,RENT-RECURRING,synthetic,1
8054,Tenancy payment,synthetic,0
8055,Service fee incl. services,synthetic,0
8056,Dwelling disbursement plus fees,synthetic,1
8057,Unit letting,synthetic,1
8058,Unit disbursement for residential unit,synthetic,1
8059,Residential payment Monthly anniversary,synthetic,1
8060,Unit Management,synthetic,0
8061,Letting fee,synthetic,0
8062,Complex management remittance,synthetic,1
8063,Residence fee including amenities,synthetic,1
8064,Payment to Wilson,synthetic,0
8065,Dwelling disbursement plus fees,synthetic,1
8066,Facility Solutions,synthetic,1
8067,Unit remittance,synthetic,0
8068,Pad payment,synthetic,1
8069,Rent payment ,synthetic,1
8070,Rent-pay ment,synthetic,1
8071,Strata payment,synthetic,1
8072,Complex payment,synthetic,0
8073,Building Management (Unit 37C),synthetic,1
8074,Monthly housing and utilities bundle,synthetic,1
8075,Subscripton payment,synthetic,0
8076,Digs payment,synthetic,1
8077,RENT - DO NOT DELETE,synthetic,1
8078,RENT~MONTHLY,synthetic,1
8079,Letting fee,synthetic,0
8080,Domicile disbursement,synthetic,1
8081,Besides rent - insurance,synthetic,0
8082,Rent payment (primary residence),synthetic,1
8083,Rent payment (apartment),synthetic,1
8084,Monthly on 15th,synthetic,0
8085,Transfer to Miller,synthetic,0
8086,SERVICE - RECURRING,synthetic,0
8087,Property Services LLC,synthetic,1
8088,Housing Associates,synthetic,0
8089,SERVICE - RECURRING,synthetic,0
8090,Wire to Thompson,synthetic,0
8091,My house monthly,synthetic,1
8092,Monthly on 15th,synthetic,1
8093,RENT - APT 5B,synthetic,1
8094,Unit letting,synthetic,0
8095,Spot payment,synthetic,0
8096,Maintenance fee incl. services,synthetic,0
8097,Servise payment,synthetic,0
8098,Lodgings remittance,synthetic,0
8099,Property remittance,synthetic,0
8100,Property management remittance,synthetic,1
8101,Subscripton payment,synthetic,0
8102,Residential payment Quarterly,synthetic,1
8103,Facility Solutions,synthetic,0
8104,Maintenance fee incl. services,synthetic,0
8105,Rental payment,synthetic,1
8106,Building disbursement for residential unit,synthetic,1
8107,Rant remittance,synthetic,1
8108,Premises Services,synthetic,0
8109,Premises Services,synthetic,0
8110,Lease fee,synthetic,0
8111,Flat fee,synthetic,1
8112,Residential payment Monthly anniversary,synthetic,1
8113,Rant fee,synthetic,1
8114,Subscripton payment,synthetic,0
8115,Habitation remittance,synthetic,1
8116,SERVICE - RECURRING,synthetic,0
8117,Check #1234 for monthly,synthetic,0
8118,Subscription 1st of month,synthetic,0
8119,Maintenance fee incl. services,synthetic,0
8120,Residence disbursement,synthetic,1
8121,Service Calendar month,synthetic,0
8122,Rent payment (apartment),synthetic,1
8123,Quarterly dwelling,synthetic,0
8124,Accommodation remittance including tax,synthetic,1
8125,Dwelling disbursement plus fees,synthetic,1
8126,Besides rent - insurance,synthetic,0
8127,Rent payment (primary residence),synthetic,1
8128,NOT rent - utilities,synthetic,0
8129,Servise payment,synthetic,0
8130,Condo fee,synthetic,0
8131,Membership Bi-weekly,synthetic,0
8132,Property payment,synthetic,0
8133,Lease payment for residential unit,synthetic,1
8134,Subscription 15th auto,synthetic,0
8135,Subscripton payment,synthetic,0
8136,Maintenence payment,synthetic,0
8137,Other than rent - tax,synthetic,0
8138,Utilitie payment,synthetic,0
8139,Membership First Monday,synthetic,0
8140,Servise payment,synthetic,0
8141,Unit payment for residential unit,synthetic,1
8142,HOA fee incl. services,synthetic,0
8143,Condo fee,synthetic,1
8144,Invoice #APT2024-001,synthetic,1
8145,Service Monthly anniversary,synthetic,0
8146,Besides rent - insurance,synthetic,0
8147,Residential payment 10th recurring,synthetic,1
8148,Transfer to Miller,synthetic,0
8149,Lease payment for residential unit,synthetic,1
8150,Property Services LLC,synthetic,1
8151,Utilitie payment,synthetic,0
8152,Monthly payment to John (Unit 14B),synthetic,1
8153,Unit Management,synthetic,0
8154,Residential payment Semi-monthly,synthetic,1
8155,Service fee + insurance,synthetic,0
8156,Transfer to Miller,synthetic,1
8157,Rent payment (primary residence),synthetic,1
8158,Real Estate Solutions,synthetic,1
8159,Check #1234 for monthly,synthetic,0
8160,SERVICE - MONTHLY,synthetic,0
8161,Service fee incl. services,synthetic,0
8162,Rent payment ,synthetic,1
8163,Membership First Monday,synthetic,0
8164,Unit Management,synthetic,0
8165,Remittance to Moore (Unit 39B),synthetic,1
8166,Utilitie payment,synthetic,0
8167,Habitation remittance,synthetic,1
8168,Transfer to Miller,synthetic,1
8169,Residential payment 1st of month,synthetic,1
8170,Service fee + tax,synthetic,0
8171,CHARGE - RECURRING,synthetic,0
8172,HOA fee incl. services,synthetic,0
8173,Lease fee for residential unit,synthetic,1
8174,Residential payment 20th periodic,synthetic,1
8175,Residential payment Quarterly,synthetic,1
8176,Rent payment (apartment),synthetic,1
8177,Letting fee,synthetic,1
8178,NOT rent - utilities,synthetic,0
8179,Membership First Monday,synthetic,0
8180,Monthly payment to John,synthetic,0
8181,Complex fee,synthetic,0
8182,Monthly on 15th,synthetic,0
8183,First of month payment,synthetic,1
8184,Property Services LLC,synthetic,0
8185,Rent payment ,synthetic,1
8186,Housing Associates,synthetic,0
8187,Unit disbursement for residential unit,synthetic,1
8188,Building fee,synthetic,0
8189,Tenancy remittance,synthetic,1
8190,Utilitie payment,synthetic,0
8191,CHARGE - MONTHLY,synthetic,0
8192,Premises Services,synthetic,0
8193,ACH to Johnson LLC,synthetic,0
8194,Building disbursement,synthetic,0
8195,Recurring 1st week (Unit 32C),synthetic,1
8196,RENT #2024-001,synthetic,1
8197,Residential Services,synthetic,0
8198,Servise payment,synthetic,0
8199,First of month payment,synthetic,0
8200,RENT #2024-001,synthetic,1
8201,Mid-month transfer,synthetic,0
8202,Rent payment (primary residence),synthetic,1
8203,Residential payment Quarterly,synthetic,1
8204,RENT_INVOICE_001,synthetic,1
8205,Recurring habitation expenditure,synthetic,1
8206,Condo fee,synthetic,1
8207,Service 25th standing,synthetic,0
8208,Unit disbursement for residential unit,synthetic,1
8209,Complex charge,synthetic,0
8210,Unit payment including maintenance,synthetic,1
8211,Unit charge for residential unit,synthetic,1
8212,Servise payment,synthetic,0
8213,Residential payment Bi-weekly,synthetic,1
8214,Transfer to Miller,synthetic,0
8215,Rent with included services,synthetic,1
8216,Residence fee including amenities,synthetic,1
8217,Separate from rent - deposit,synthetic,0
8218,Recurring transfer to Smith,synthetic,0
8219,UTILITY - AUTO,synthetic,0
8220,Payment ref: HOUSING-,synthetic,1
8221,Periodic 30th payment,synthetic,1
8222,Unit Management,synthetic,0
8223,Rent/payment,synthetic,1
8224,Place remittance,synthetic,1
8225,SERVICE - RECURRING,synthetic,0
8226,Real Estate Solutions,synthetic,0
8227,Abode disbursement,synthetic,1
8228,Rent/payment,synthetic,1
8229,Payment on 1st of month,synthetic,1
8230,ACH to Johnson LLC,synthetic,0
8231,Recurring transfer to Smith,synthetic,1
8232,Lease payment for residential unit,synthetic,1
8233,Property fee,synthetic,0
8234,Lease payment for residential unit,synthetic,1
8235,Mid-month transfer,synthetic,0
8236,Property payment,synthetic,0
8237,Monthly on 15th,synthetic,1
8238,Invoice #APT2024-001,synthetic,1
8239,Mid-month transfer (Unit 49A),synthetic,1
8240,Recurring transfer to Smith,synthetic,0
8241,Mid-month transfer,synthetic,1
8242,Real Estate Solutions,synthetic,1
8243,Housing Associates,synthetic,0
8244,Rental payment,synthetic,0
8245,Periodic 30th payment,synthetic,1
8246,Apart from rent - maintenance,synthetic,0
8247,FEE - RECURRING,synthetic,0
8248,Membership Bi-weekly,synthetic,0
8249,Residential Services,synthetic,0
8250,Rant fee,synthetic,1
8251,Facility Solutions,synthetic,0
8252,CHARGE - AUTO,synthetic,0
8253,Rent payment (primary residence),synthetic,1
8254,Rent payment ,synthetic,1
8255,Rent..payment,synthetic,1
8256,Maintenance fee + insurance,synthetic,0
8257,UTILITY - AUTO,synthetic,0
8258,Rant fee,synthetic,1
8259,Mid-month transfer,synthetic,0
8260,Domicile Solutions,synthetic,1
8261,Bi-weekly housing,synthetic,0
8262,Rent payment ,synthetic,1
8263,RENT-RECURRING,synthetic,1
8264,Real Estate Solutions,synthetic,0
8265,Building payment,synthetic,0
8266,Complex Services,synthetic,1
8267,RENT~MONTHLY,synthetic,1
8268,Subscription 10th recurring,synthetic,0
8269,Letting fee,synthetic,1
8270,Property fee for residential unit,synthetic,1
8271,Additional to rent - fee,synthetic,0
8272,Service Calendar month,synthetic,0
8273,Rentt disbursement,synthetic,1
8274,Rent(payment),synthetic,1
8275,Other than rent - tax,synthetic,0
8276,HOA fee + tax,synthetic,0
8277,Bi-weekly housing,synthetic,1
8278,CHARGE - MONTHLY,synthetic,0
8279,Condo fee,synthetic,0
8280,Residential payment Semi-monthly,synthetic,1
8281,Monthly payment to John (Unit 16C),synthetic,1
8282,Property Services LLC (Unit 2C),synthetic,1
8283,Servise payment,synthetic,0
8284,Periodic 30th payment,synthetic,1
8285,Ren tpayment,synthetic,1
8286,Separate from rent - deposit,synthetic,0
8287,FEE - MONTHLY,synthetic,0
8288,HOA fee + tax,synthetic,0
8289,Monthly housing and utilities bundle,synthetic,1
8290,Rental payment,synthetic,0
8291,Spot payment,synthetic,0
8292,Premises Services (Unit 7C),synthetic,1
8293,Subscription 1st of month,synthetic,0
8294,Lodgings remittance,synthetic,1
8295,Membership Bi-weekly,synthetic,0
8296,Maintenence payment,synthetic,0
8297,Condo fee,synthetic,1
8298,ACH to Johnson LLC (Unit 13A),synthetic,1
8299,Maintenence payment,synthetic,0
8300,RENT|AUTO,synthetic,1
8301,Facility Solutions,synthetic,1
8302,Rent payment (primary residence),synthetic,1
8303,Rant fee,synthetic,1
8304,Residential payment Calendar month,synthetic,1
8305,Rent payment ,synthetic,1
8306,NOT rent - utilities,synthetic,0
8307,R3nt fee,synthetic,1
8308,Recurring transfer to Smith,synthetic,1
8309,Recurring 1st week (Unit 43A),synthetic,1
8310,Rent with included services,synthetic,1
8311,RENT - APT 5B,synthetic,1
8312,Residential payment Last day,synthetic,1
8313,Rent payment (apartment),synthetic,1
8314,Tenancy payment,synthetic,1
8315,Complex charge,synthetic,0
8316,Digs payment,synthetic,1
8317,Service Every 30 days,synthetic,0
8318,Servise payment,synthetic,0
8319,Property fee for residential unit,synthetic,1
8320,ACH to Johnson LLC,synthetic,0
8321,Strata payment,synthetic,1
8322,Building Management,synthetic,0
8323,Complex Services,synthetic,0
8324,Rental payment,synthetic,1
8325,Maintenance fee + insurance,synthetic,0
8326,Accommodation remittance including tax,synthetic,1
8327,Residential payment Bi-weekly,synthetic,1
8328,NOT rent - utilities,synthetic,0
8329,Premises Services,synthetic,0
8330,Lease fee,synthetic,0
8331,Rent payment (apartment),synthetic,1
8332,Rent-pay ment,synthetic,1
8333,R3nt fee,synthetic,1
8334,Residence fee including amenities,synthetic,1
8335,Subscription Monthly anniversary,synthetic,0
8336,Residence fee including amenities,synthetic,1
8337,Facility Solutions,synthetic,0
8338,Residential payment Quarterly,synthetic,1
8339,Independent of rent - repair,synthetic,0
8340,Quarterly dwelling,synthetic,0
8341,Service Calendar month,synthetic,0
8342,Unit fee,synthetic,0
8343,Residential payment Bi-weekly,synthetic,1
8344,Lease charge,synthetic,0
8345,First of month payment (Unit 33B),synthetic,1
8346,Letting fee,synthetic,1
8347,Servise payment,synthetic,0
8348,Rent-paymnt,synthetic,1
8349,Mid-month transfer,synthetic,0
8350,Rent..payment,synthetic,1
8351,Subscripton payment,synthetic,0
8352,RENT>>PAYMENT,synthetic,1
8353,Lease obligation payment,synthetic,1
8354,Housing Associates,synthetic,0
8355,Real Estate Solutions,synthetic,0
8356,Membership Last day,synthetic,0
8357,Rent-pay ment,synthetic,1
8358,Rental payment,synthetic,1
8359,Payment to Wilson,synthetic,0
8360,ACH to Johnson LLC,synthetic,0
8361,Building Management,synthetic,1
8362,RENT>>PAYMENT,synthetic,1
8363,Complex charge,synthetic,0
8364,SERVICE - RECURRING,synthetic,0
8365,Non-rent housing expense,synthetic,0
8366,Recurring 1st week,synthetic,1
8367,Membership Calendar month,synthetic,0
8368,Lodgings remittance,synthetic,0
8369,Residential payment Bi-weekly,synthetic,1
8370,R3nt fee,synthetic,1
8371,ACH to Johnson LLC,synthetic,0
8372,Wire to Thompson,synthetic,0
8373,Place remittance,synthetic,1
8374,Residential payment Last day,synthetic,1
8375,Lease fee for residential unit,synthetic,1
8376,RENT|AUTO,synthetic,1
8377,Complex charge for residential unit,synthetic,1
8378,Pad payment,synthetic,0
8379,Bi-weekly housing,synthetic,0
8380,Utilitie payment,synthetic,0
8381,Pad payment,synthetic,0
8382,Residential payment Quarterly,synthetic,1
8383,Check #1234 for monthly,synthetic,0
8384,RENT>>PAYMENT,synthetic,1
8385,Unit letting,synthetic,0
8386,Rent payment ,synthetic,1
8387,RENT: UNIT 304,synthetic,1
8388,Maintenence payment,synthetic,0
8389,Remittance to Moore,synthetic,0
8390,Non-rent housing expense,synthetic,0
8391,Residential payment Semi-monthly,synthetic,1
8392,Separate from rent - deposit,synthetic,0
8393,Residential payment Last day,synthetic,1
8394,Rent payment (apartment),synthetic,1
8395,Check #1234 for monthly,synthetic,1
8396,SERVICE - MONTHLY,synthetic,0
8397,Spot payment,synthetic,0
8398,Remittance to Moore,synthetic,0
8399,FEE - RECURRING,synthetic,0
8400,Tenancy payment,synthetic,0
8401,ACH to Johnson LLC,synthetic,0
8402,Residential payment Quarterly,synthetic,1
8403,RENT-RECURRING,synthetic,1
8404,Crib fee,synthetic,0
8405,Tenancy payment,synthetic,0
8406,Membership Semi-monthly,synthetic,0
8407,RENT_INVOICE_001,synthetic,1
8408,Excluding rent - HOA,synthetic,0
8409,Separate from rent - deposit,synthetic,0
8410,End of month remittance (Unit 14B),synthetic,1
8411,Premises Services,synthetic,1
8412,Pad payment,synthetic,0
8413,Remittance to Moore,synthetic,0
8414,Rent ;payment,synthetic,1
8415,Monthly on 15th,synthetic,0
8416,Subscription Bi-weekly,synthetic,0
8417,FEE - AUTO,synthetic,0
8418,Residential payment 25th standing,synthetic,1
8419,Recurring transfer to Smith,synthetic,0
8420,Housing Associates,synthetic,0
8421,First of month payment,synthetic,0
8422,RENT|AUTO,synthetic,1
8423,Residential payment First Monday,synthetic,1
8424,Complex charge,synthetic,0
8425,Residence fee including amenities,synthetic,1
8426,Rent payment (primary residence),synthetic,1
8427,Unit charge for residential unit,synthetic,1
8428,CHARGE - MONTHLY,synthetic,0
8429,Spot payment,synthetic,0
8430,Dwelling disbursement plus fees,synthetic,1
8431,Unit disbursement for residential unit,synthetic,1
8432,Unit charge for residential unit,synthetic,1
8433,Unit disbursement for residential unit,synthetic,1
8434,Abode disbursement,synthetic,1
8435,Rent payment (primary residence),synthetic,1
8436,Abode payment plus insurance,synthetic,1
8437,Lease charge for residential unit,synthetic,1
8438,RENT>>PAYMENT,synthetic,1
8439,Unit fee for residential unit,synthetic,1
8440,Rent payment (primary residence),synthetic,1
8441,123 Main St monthly,synthetic,1
8442,Unit fee for residential unit,synthetic,1
8443,Premises Services (Unit 18B),synthetic,1
8444,SERVICE - AUTO,synthetic,0
8445,Complex payment,synthetic,0
8446,ACH to Johnson LLC,synthetic,0
8447,Utilitie payment,synthetic,0
8448,CHARGE - AUTO,synthetic,0
8449,Subscription Every 30 days,synthetic,0
8450,RENT_INVOICE_001,synthetic,1
8451,Servise payment,synthetic,0
8452,Servise payment,synthetic,0
8453,Rentt disbursement,synthetic,1
8454,Unit charge,synthetic,0
8455,My apartment payment,synthetic,1
8456,Residential facility fee,synthetic,1
8457,Accommodation disbursement,synthetic,1
8458,RENT - DO NOT DELETE,synthetic,1
8459,Accommodation disbursement,synthetic,1
8460,Condo fee,synthetic,0
8461,CHARGE - AUTO,synthetic,0
8462,Rent-paymnt,synthetic,1
8463,Subscripton payment,synthetic,0
8464,Residential payment 25th standing,synthetic,1
8465,Maintenance fee incl. services,synthetic,0
8466,Wire to Thompson,synthetic,0
8467,Maintenance fee + insurance,synthetic,0
8468,Lease obligation payment,synthetic,1
8469,Property remittance for residential unit,synthetic,1
8470,Periodic 30th payment,synthetic,0
8471,Membership Monthly anniversary,synthetic,0
8472,Payment to Wilson,synthetic,1
8473,Domicile Solutions,synthetic,1
8474,Servise payment,synthetic,0
8475,HOA fee + insurance,synthetic,0
8476,Property fee,synthetic,0
8477,Unit payment including maintenance,synthetic,1
8478,Subscription Calendar month,synthetic,0
8479,Letting fee,synthetic,0
8480,Utility fee incl. services,synthetic,0
8481,Rant remittance,synthetic,1
8482,Transfer to Miller,synthetic,0
8483,Transfer to Miller,synthetic,0
8484,Independent of rent - repair,synthetic,0
8485,Utilitie payment,synthetic,0
8486,Crib fee,synthetic,1
8487,Separate from rent - deposit,synthetic,0
8488,Bi-weekly housing (Unit 18B),synthetic,1
8489,Periodic 30th payment,synthetic,0
8490,Complex fee,synthetic,0
8491,For 303 Parkview,synthetic,1
8492,Residential payment 1st of month,synthetic,1
8493,SERVICE - AUTO,synthetic,0
8494,Unit letting,synthetic,1
8495,Recurring transfer to Smith,synthetic,0
8496,Rental payment,synthetic,0
8497,Dwelling remittance,synthetic,1
8498,Complex fee,synthetic,0
8499,Rent payment (apartment),synthetic,1
8500,Apartment payment + parking,synthetic,1
8501,My unit disbursement,synthetic,1
8502,Residential payment Bi-weekly,synthetic,1
8503,Property Services LLC,synthetic,0
8504,Subscripton payment,synthetic,0
8505,Payment on 1st of month,synthetic,0
8506,Property fee for residential unit,synthetic,1
8507,Monthly payment to John (Unit 7B),synthetic,1
8508,Payment on 1st of month,synthetic,1
8509,Mid-month transfer (Unit 6A),synthetic,1
8510,Rent payment (apartment),synthetic,1
8511,HOA fee + tax,synthetic,0
8512,Subscripton payment,synthetic,0
8513,Subscripton payment,synthetic,0
8514,Unit fee,synthetic,0
8515,Residential payment 5th monthly,synthetic,1
8516,Check #1234 for monthly,synthetic,0
8517,Lease charge for residential unit,synthetic,1
8518,Rental payment,synthetic,0
8519,Property remittance,synthetic,0
8520,Monthly payment to John,synthetic,0
8521,Place remittance,synthetic,0
8522,Utilitie payment,synthetic,0
8523,Residential payment 20th periodic,synthetic,1
8524,Subscripton payment,synthetic,0
8525,Recurring 1st week,synthetic,0
8526,Rent-pay ment,synthetic,1
8527,Maintenence payment,synthetic,0
8528,Maintenance fee + tax,synthetic,0
8529,Unit Management,synthetic,0
8530,Utilitie payment,synthetic,0
8531,Unit fee,synthetic,0
8532,Lease fee for residential unit,synthetic,1
8533,Unit letting,synthetic,1
8534,Building disbursement,synthetic,0
8535,Rent payment (apartment),synthetic,1
8536,Property Services LLC,synthetic,0
8537,Subscription 10th recurring,synthetic,0
8538,Residential payment 10th recurring,synthetic,1
8539,Unit letting,synthetic,1
8540,Real estate management fee,synthetic,1
8541,Real Estate Solutions,synthetic,0
8542,Rent payment (primary residence),synthetic,1
8543,Building disbursement,synthetic,0
8544,Building fee for residential unit,synthetic,1
8545,Rent with included services,synthetic,1
8546,Residential occupancy fee,synthetic,1
8547,Residential payment Every 30 days,synthetic,1
8548,Abode payment plus insurance,synthetic,1
8549,Strata payment,synthetic,0
8550,Unit Management,synthetic,0
8551,My apartment payment,synthetic,1
8552,Complex charge for residential unit,synthetic,1
8553,Maintenance fee + tax,synthetic,0
8554,Rnet payment,synthetic,1
8555,Residential Services,synthetic,0
8556,Check #1234 for monthly,synthetic,1
8557,Rent payment (apartment),synthetic,1
8558,Unit charge,synthetic,0
8559,Property remittance,synthetic,0
8560,Payment to Wilson,synthetic,0
8561,Apartment payment + parking,synthetic,1
8562,Rental payment,synthetic,0
8563,Property Services LLC,synthetic,1
8564,Complex charge for residential unit,synthetic,1
8565,Zelle to Davis,synthetic,0
8566,Tenancy remittance,synthetic,1
8567,Rent payment (primary residence),synthetic,1
8568,Place remittance,synthetic,0
8569,Rent (missed auto),synthetic,1
8570,Semi-monthly residence,synthetic,1
8571,Maintenance fee + insurance,synthetic,0
8572,Rent payment ,synthetic,1
8573,Utility fee incl. services,synthetic,0
8574,RENT #2024-001,synthetic,1
8575,Rent payment ,synthetic,1
8576,Quarterly dwelling,synthetic,0
8577,Other than rent - tax,synthetic,0
8578,Service Last day,synthetic,0
8579,Digs payment,synthetic,0
8580,Rent..payment,synthetic,1
8581,Lodgings remittance,synthetic,0
8582,Monthly on 15th,synthetic,0
8583,Monthly on 15th,synthetic,0
8584,Maintenance fee + insurance,synthetic,0
8585,RENT: UNIT 304,synthetic,1
8586,Check #1234 for monthly,synthetic,0
8587,Subscription Every 30 days,synthetic,0
8588,Rant remittance,synthetic,1
8589,Additional to rent - fee,synthetic,0
8590,Property payment for residential unit,synthetic,1
8591,Mid-month transfer,synthetic,0
8592,Residential payment Calendar month,synthetic,1
8593,Check #1234 for monthly,synthetic,0
8594,Utilitie payment,synthetic,0
8595,Spot payment,synthetic,1
8596,Semi-monthly residence,synthetic,0
8597,Accommodation remittance including tax,synthetic,1
8598,Unit 7B monthly,synthetic,1
8599,Maintenence payment,synthetic,0
8600,RENT: UNIT 304,synthetic,1
8601,Distinct from rent - service,synthetic,0
8602,Unit Management,synthetic,1
8603,Recurring transfer to Smith,synthetic,0
8604,Unit payment for residential unit,synthetic,1
8605,Unit Management,synthetic,0
8606,Recurring transfer to Smith,synthetic,0
8607,Independent of rent - repair,synthetic,0
8608,Check #1234 for monthly,synthetic,0
8609,Payment on 1st of month,synthetic,0
8610,Habitation remittance with utilities,synthetic,1
8611,Debit to Anderson,synthetic,0
8612,Condo fee,synthetic,1
8613,Rental payment,synthetic,1
8614,Spot payment,synthetic,0
8615,Property payment for residential unit,synthetic,1
8616,Flat fee,synthetic,1
8617,Utilitie payment,synthetic,0
8618,Residential payment First Monday,synthetic,1
8619,Ren tpayment,synthetic,1
8620,Rent-pay ment,synthetic,1
8621,Premises Services,synthetic,0
8622,Utilitie payment,synthetic,0
8623,Utility fee + tax,synthetic,0
8624,Rent-pay ment,synthetic,1
8625,Subscription Monthly anniversary,synthetic,0
8626,FEE - AUTO,synthetic,0
8627,Recurring transfer to Smith,synthetic,0
8628,RENT-RECURRING,synthetic,1
8629,RENT #2024-001,synthetic,1
8630,Abode payment plus insurance,synthetic,1
8631,Residential payment 5th monthly,synthetic,1
8632,Residential payment Every 30 days,synthetic,1
8633,Accommodation remittance including tax,synthetic,1
8634,Residential payment 20th periodic,synthetic,1
8635,Distinct from rent - service,synthetic,0
8636,UTILITY - RECURRING,synthetic,0
8637,Real Estate Solutions,synthetic,0
8638,Servise payment,synthetic,0
8639,Payment on 1st of month (Unit 8C),synthetic,1
8640,Check #1234 for monthly,synthetic,0
8641,Rant fee,synthetic,1
8642,Housing allocation payment,synthetic,1
8643,Wire to Thompson,synthetic,1
8644,Premises Services,synthetic,0
8645,Rent/payment,synthetic,1
8646,Strata payment,synthetic,1
8647,Unit payment,synthetic,0
8648,Domicile Solutions,synthetic,0
8649,Payment on 1st of month,synthetic,0
8650,Distinct from rent - service,synthetic,0
8651,Pad payment,synthetic,0
8652,Besides rent - insurance,synthetic,0
8653,Service fee + tax,synthetic,0
8654,Monthly payment to John,synthetic,0
8655,Payment to Wilson,synthetic,0
8656,Property fee,synthetic,0
8657,Residential occupancy fee,synthetic,1
8658,Spot payment,synthetic,0
8659,Building payment,synthetic,0
8660,Service Every 30 days,synthetic,0
8661,Remittance to Moore,synthetic,0
8662,Maintenence payment,synthetic,0
8663,Remittance to Moore,synthetic,0
8664,Lease charge for residential unit,synthetic,1
8665,Remittance to Moore,synthetic,0
8666,Residential payment First Monday,synthetic,1
8667,Complex payment for residential unit,synthetic,1
8668,Semi-monthly residence,synthetic,0
8669,Service 25th standing,synthetic,0
8670,Dwelling disbursement plus fees,synthetic,1
8671,Complex payment,synthetic,0
8672,Maintenance fee incl. services,synthetic,0
8673,Additional to rent - fee,synthetic,0
8674,Invoice: RESIDENCE,synthetic,1
8675,Rent with included services,synthetic,1
8676,Utilitie payment,synthetic,0
8677,Periodic 30th payment,synthetic,0
8678,Excluding rent - HOA,synthetic,0
8679,Building payment for residential unit,synthetic,1
8680,Unit letting,synthetic,0
8681,Bi-weekly housing,synthetic,1
8682,Service fee incl. services,synthetic,0
8683,Building payment for residential unit,synthetic,1
8684,Rent payment ,synthetic,1
8685,Rental payment,synthetic,0
8686,Rent payment (apartment),synthetic,1
8687,Recurring 1st week,synthetic,0
8688,Lease charge for residential unit,synthetic,1
8689,Flat fee,synthetic,0
8690,Subscripton payment,synthetic,0
8691,Residential facility fee,synthetic,1
8692,Maintenance fee + insurance,synthetic,0
8693,Rent ;payment,synthetic,1
8694,Condo fee,synthetic,1
8695,Housing allocation payment,synthetic,1
8696,Payment to Wilson (Unit 29A),synthetic,1
8697,RENT_INVOICE_001,synthetic,1
8698,Lease payment,synthetic,0
8699,Rent payment ,synthetic,1
8700,Property Services LLC,synthetic,0
8701,Rent..payment,synthetic,1
8702,Lodgings remittance,synthetic,0
8703,Membership Every 30 days,synthetic,0
8704,Utilitie payment,synthetic,0
8705,CHARGE - RECURRING,synthetic,0
8706,Dwelling disbursement plus fees,synthetic,1
8707,First of month payment,synthetic,0
8708,SERVICE - RECURRING,synthetic,0
8709,Rental payment,synthetic,1
8710,Utilitie payment,synthetic,0
8711,Excluding rent - HOA,synthetic,0
8712,First of month payment,synthetic,0
8713,Unit charge for residential unit,synthetic,1
8714,Payment on 1st of month,synthetic,0
8715,Membership Last day,synthetic,0
8716,Payment ref: HOUSING-,synthetic,1
8717,Habitation remittance with utilities,synthetic,1
8718,Accommodation disbursement,synthetic,1
8719,Utility fee incl. services,synthetic,0
8720,Landlord services payment,synthetic,1
8721,Quarterly dwelling,synthetic,0
8722,Wire to Thompson,synthetic,0
8723,Abode payment plus insurance,synthetic,1
8724,Periodic 30th payment,synthetic,0
8725,UTILITY - MONTHLY,synthetic,0
8726,Payment on 1st of month,synthetic,0
8727,Rent payment ,synthetic,1
8728,Real estate management fee,synthetic,1
8729,RENT: UNIT 304,synthetic,1
8730,CHARGE - RECURRING,synthetic,0
8731,Monthly payment to John,synthetic,0
8732,Servise payment,synthetic,0
8733,Service 20th periodic,synthetic,0
8734,Lodgings remittance,synthetic,0
8735,Payment to Wilson,synthetic,1
8736,Rent-pay ment,synthetic,1
8737,Lease fee for residential unit,synthetic,1
8738,Unit payment,synthetic,0
8739,CHARGE - AUTO,synthetic,0
8740,Property Services LLC,synthetic,0
8741,Residential payment Bi-weekly,synthetic,1
8742,Monthly payment to John,synthetic,1
8743,Habitation remittance with utilities,synthetic,1
8744,Unit fee for residential unit,synthetic,1
8745,Service Calendar month,synthetic,0
8746,Utility fee + insurance,synthetic,0
8747,Rent payment ,synthetic,1
8748,Rnet payment,synthetic,1
8749,Zelle to Davis,synthetic,0
8750,Zelle to Davis,synthetic,0
8751,Payment on 1st of month,synthetic,0
8752,Rent payment (apartment),synthetic,1
8753,Maintenance fee incl. services,synthetic,0
8754,Unit letting,synthetic,0
8755,Maintenence payment,synthetic,0
8756,Pad payment,synthetic,0
8757,Rent (missed auto),synthetic,1
8758,Distinct from rent - service,synthetic,0
8759,Invoice: RESIDENCE,synthetic,1
8760,Residential payment 10th recurring,synthetic,1
8761,Residential Services,synthetic,1
8762,Rent with included services,synthetic,1
8763,Rent payment (apartment),synthetic,1
8764,SERVICE - AUTO,synthetic,0
8765,Habitation remittance with utilities,synthetic,1
8766,Service fee + insurance,synthetic,0
8767,Unit charge for residential unit,synthetic,1
8768,Strata payment,synthetic,1
8769,Utilitie payment,synthetic,0
8770,Flat fee,synthetic,1
8771,RENT #2024-001,synthetic,1
8772,Rent-paymnt,synthetic,1
8773,Accommodation remittance including tax,synthetic,1
8774,Monthly payment to John,synthetic,0
8775,Complex charge,synthetic,0
8776,Remittance to Moore,synthetic,0
8777,CHARGE - MONTHLY,synthetic,0
8778,Strata payment,synthetic,1
8779,UTILITY - RECURRING,synthetic,0
8780,Real Estate Solutions,synthetic,0
8781,Servise payment,synthetic,0
8782,Rentt disbursement,synthetic,1
8783,Flat fee,synthetic,1
8784,Housing Associates,synthetic,0
8785,Complex Services,synthetic,0
8786,Spot payment,synthetic,1
8787,Flat fee,synthetic,0
8788,Rent with included services,synthetic,1
8789,Rent payment (primary residence),synthetic,1
8790,Real Estate Solutions,synthetic,0
8791,Dwelling disbursement plus fees,synthetic,1
8792,Subscripton payment,synthetic,0
8793,Premises Services (Unit 29B),synthetic,1
8794,Property payment,synthetic,0
8795,Rent..payment,synthetic,1
8796,RENT #2024-001,synthetic,1
8797,Residential payment First Monday,synthetic,1
8798,Subscription 15th auto,synthetic,0
8799,Property Services LLC,synthetic,0
8800,Remittance to Moore,synthetic,0
8801,Habitation remittance,synthetic,1
8802,Rent payment ,synthetic,1
8803,UTILITY - RECURRING,synthetic,0
8804,Debit to Anderson,synthetic,0
8805,Semi-monthly residence,synthetic,0
8806,RENT_INVOICE_001,synthetic,1
8807,Rent..payment,synthetic,1
8808,Building fee,synthetic,0
8809,Habitation remittance,synthetic,1
8810,Digs payment,synthetic,0
8811,Residential payment Monthly anniversary,synthetic,1
8812,Invoice: RESIDENCE,synthetic,1
8813,Servise payment,synthetic,0
8814,Subscripton payment,synthetic,0
8815,Building disbursement for residential unit,synthetic,1
8816,Digs payment,synthetic,1
8817,Quarterly dwelling,synthetic,1
8818,First of month payment,synthetic,0
8819,Unit Management,synthetic,0
8820,Membership 25th standing,synthetic,0
8821,ACH to Johnson LLC,synthetic,0
8822,Unit remittance,synthetic,0
8823,Property Services LLC,synthetic,0
8824,Building disbursement for residential unit,synthetic,1
8825,Residential payment 15th auto,synthetic,1
8826,Lodging remittance,synthetic,1
8827,Utilitie payment,synthetic,0
8828,Quarterly dwelling,synthetic,0
8829,Crib fee,synthetic,1
8830,Domicile Solutions,synthetic,1
8831,Abode payment plus insurance,synthetic,1
8832,Crib fee,synthetic,1
8833,Rent..payment,synthetic,1
8834,Strata payment,synthetic,1
8835,HOA fee incl. services,synthetic,0
8836,Residential Services (Unit 11A),synthetic,1
8837,Letting fee,synthetic,0
8838,Residential payment 20th periodic,synthetic,1
8839,Letting fee,synthetic,0
8840,Monthly on 15th,synthetic,1
8841,Lease charge,synthetic,0
8842,Service 25th standing,synthetic,0
8843,Payment to Wilson,synthetic,1
8844,Property fee for residential unit,synthetic,1
8845,Additional to rent - fee,synthetic,0
8846,Facility Solutions,synthetic,0
8847,Habitation remittance with utilities,synthetic,1
8848,Semi-monthly residence,synthetic,0
8849,Monthly payment to John,synthetic,0
8850,Condo fee,synthetic,0
8851,Membership Last day,synthetic,0
8852,123 Main St monthly,synthetic,1
8853,Rent payment (apartment),synthetic,1
8854,Remittance to Moore,synthetic,0
8855,Unit payment,synthetic,0
8856,RENT #2024-001,synthetic,1
8857,Rent payment (primary residence),synthetic,1
8858,Utilitie payment,synthetic,0
8859,Lease charge for residential unit,synthetic,1
8860,500 Oak Ave payment,synthetic,1
8861,Recurring transfer to Smith,synthetic,0
8862,Unit letting,synthetic,1
8863,123 Main St monthly,synthetic,1
8864,Quarterly dwelling,synthetic,0
8865,Utility fee + tax,synthetic,0
8866,Rent payment ,synthetic,1
8867,Unit disbursement,synthetic,0
8868,Residential payment First Monday,synthetic,1
8869,RENT~MONTHLY,synthetic,1
8870,Membership 5th monthly,synthetic,0
8871,Residential Services,synthetic,1
8872,Service Monthly anniversary,synthetic,0
8873,Utility fee + insurance,synthetic,0
8874,Payment to Wilson,synthetic,0
8875,Complex Services,synthetic,0
8876,FEE - MONTHLY,synthetic,0
8877,Maintenance fee + insurance,synthetic,0
8878,Membership Last day,synthetic,0
8879,Residential payment Quarterly,synthetic,1
8880,Letting fee,synthetic,0
8881,Rent payment (apartment),synthetic,1
8882,Lease obligation payment,synthetic,1
8883,Digs payment,synthetic,0
8884,Subscripton payment,synthetic,0
8885,Property management remittance,synthetic,1
8886,FEE - AUTO,synthetic,0
8887,Excluding rent - HOA,synthetic,0
8888,Complex charge for residential unit,synthetic,1
8889,Utility fee + tax,synthetic,0
8890,Unit Management,synthetic,0
8891,Maintenence payment,synthetic,0
8892,Rent payment ,synthetic,1
8893,Rent..payment,synthetic,1
8894,Facility Solutions,synthetic,1
8895,Rent ;payment,synthetic,1
8896,Letting fee,synthetic,1
8897,Residential payment 25th standing,synthetic,1
8898,Rent/payment,synthetic,1
8899,My house monthly,synthetic,1
8900,Real Estate Solutions,synthetic,0
8901,Payment to Wilson (Unit 49B),synthetic,1
8902,Periodic domicile remittance,synthetic,1
8903,Unit charge for residential unit,synthetic,1
8904,Premises Services,synthetic,1
8905,Residential payment First Monday,synthetic,1
8906,Quarterly dwelling,synthetic,1
8907,RENT>>PAYMENT,synthetic,1
8908,Abode payment plus insurance,synthetic,1
8909,Residential payment Calendar month,synthetic,1
8910,Subscripton payment,synthetic,0
8911,Check #1234 for monthly,synthetic,0
8912,Quarterly dwelling (Unit 8B),synthetic,1
8913,Residential payment 20th periodic,synthetic,1
8914,HOA fee + tax,synthetic,0
8915,Facility Solutions (Unit 50B),synthetic,1
8916,Unit remittance,synthetic,0
8917,HOA fee incl. services,synthetic,0
8918,RENT>>PAYMENT,synthetic,1
8919,Lease payment for residential unit,synthetic,1
8920,Rent(payment),synthetic,1
8921,Strata payment,synthetic,1
8922,Quarterly dwelling,synthetic,1
8923,Debit to Anderson,synthetic,0
8924,Utility fee + insurance,synthetic,0
8925,Mid-month transfer,synthetic,0
8926,Rent payment ,synthetic,1
8927,HOA fee incl. services,synthetic,0
8928,Tenancy payment,synthetic,1
8929,Digs payment,synthetic,1
8930,Digs payment,synthetic,0
8931,Payment on 1st of month,synthetic,0
8932,Recurring transfer to Smith,synthetic,1
8933,Condo fee,synthetic,0
8934,Residential payment 20th periodic,synthetic,1
8935,Building disbursement for residential unit,synthetic,1
8936,Periodic 30th payment (Unit 29C),synthetic,1
8937,Membership 10th recurring,synthetic,0
8938,Quarterly dwelling,synthetic,0
8939,Habitation remittance with utilities,synthetic,1
8940,HOA fee incl. services,synthetic,0
8941,Residence fee including amenities,synthetic,1
8942,Abode disbursement,synthetic,1
8943,Check #1234 for monthly,synthetic,0
8944,Payment on 1st of month,synthetic,0
8945,SERVICE - RECURRING,synthetic,0
8946,Monthly on 15th,synthetic,0
8947,ACH to Johnson LLC,synthetic,0
8948,Apartment payment + parking,synthetic,1
8949,Lease fee,synthetic,0
8950,Residential payment 25th standing,synthetic,1
8951,Zelle to Davis,synthetic,0
8952,Domicile disbursement,synthetic,1
8953,Semi-monthly residence,synthetic,0
8954,Complex payment for residential unit,synthetic,1
8955,Complex fee,synthetic,0
8956,Utility fee + insurance,synthetic,0
8957,Invoice: RESIDENCE,synthetic,1
8958,First of month payment,synthetic,1
8959,Habitation remittance with utilities,synthetic,1
8960,Residence fee including amenities,synthetic,1
8961,Complex Services,synthetic,0
8962,Housing Associates,synthetic,0
8963,Facility Solutions,synthetic,0
8964,Housing Associates,synthetic,1
8965,Residential payment Monthly anniversary,synthetic,1
8966,Service Quarterly,synthetic,0
8967,HOA fee + insurance,synthetic,0
8968,Unit remittance for residential unit,synthetic,1
8969,Servise payment,synthetic,0
8970,Recurring 1st week,synthetic,0
8971,Flat fee,synthetic,1
8972,Place remittance,synthetic,1
8973,Property remittance for residential unit,synthetic,1
8974,Rant fee,synthetic,1
8975,Spot payment,synthetic,1
8976,Utilitie payment,synthetic,0
8977,Digs payment,synthetic,0
8978,Rant fee,synthetic,1
8979,R3nt fee,synthetic,1
8980,Residential payment 5th monthly,synthetic,1
8981,RENT~MONTHLY,synthetic,1
8982,Rental payment,synthetic,0
8983,Pad payment,synthetic,1
8984,Bi-weekly housing,synthetic,0
8985,RENT~MONTHLY,synthetic,1
8986,Building payment,synthetic,0
8987,Property fee for residential unit,synthetic,1
8988,Quarterly dwelling,synthetic,0
8989,CHARGE - MONTHLY,synthetic,0
8990,Digs payment,synthetic,0
8991,RENT: UNIT 304,synthetic,1
8992,Bi-weekly housing,synthetic,0
8993,Transfer to Miller,synthetic,0
8994,My unit disbursement,synthetic,1
8995,Letting fee,synthetic,1
8996,Subscripton payment,synthetic,0
8997,UTILITY - RECURRING,synthetic,0
8998,Rent..payment,synthetic,1
8999,Complex charge,synthetic,0
9000,Lease fee for residential unit,synthetic,1
9001,HOA fee + tax,synthetic,0
9002,Rent with included services,synthetic,1
9003,RENT~MONTHLY,synthetic,1
9004,Unit letting,synthetic,1
9005,Debit to Anderson,synthetic,0
9006,Unit 7B monthly,synthetic,1
9007,Servise payment,synthetic,0
9008,Strata payment,synthetic,0
9009,Lease fee,synthetic,0
9010,Residential payment Every 30 days,synthetic,1
9011,Residential Services,synthetic,0
9012,Monthly housing and utilities bundle,synthetic,1
9013,Transfer to Miller,synthetic,0
9014,Premises Services,synthetic,0
9015,Maintenence payment,synthetic,0
9016,Membership 1st of month,synthetic,0
9017,Rent(payment),synthetic,1
9018,Membership Calendar month,synthetic,0
9019,Periodic 30th payment,synthetic,0
9020,Rent/payment,synthetic,1
9021,Building Management,synthetic,1
9022,Utility fee + insurance,synthetic,0
9023,Flat fee,synthetic,0
9024,Rent payment (primary residence),synthetic,1
9025,Rnet payment,synthetic,1
9026,Subscripton payment,synthetic,0
9027,Utilitie payment,synthetic,0
9028,Membership Monthly anniversary,synthetic,0
9029,CHARGE - MONTHLY,synthetic,0
9030,Maintenence payment,synthetic,0
9031,Service Last day,synthetic,0
9032,Property remittance for residential unit,synthetic,1
9033,Utility fee incl. services,synthetic,0
9034,Rentt disbursement,synthetic,1
9035,Rent payment ,synthetic,1
9036,Abode payment plus insurance,synthetic,1
9037,Rentt disbursement,synthetic,1
9038,Utilitie payment,synthetic,0
9039,Tenancy payment,synthetic,0
9040,CHARGE - MONTHLY,synthetic,0
9041,Rentt disbursement,synthetic,1
9042,Rant fee,synthetic,1
9043,Utility fee + tax,synthetic,0
9044,Abode payment plus insurance,synthetic,1
9045,Monthly housing and utilities bundle,synthetic,1
9046,FEE - AUTO,synthetic,0
9047,Subscription Quarterly,synthetic,0
9048,Tenancy payment,synthetic,0
9049,Unit charge for residential unit,synthetic,1
9050,Monthly housing and utilities bundle,synthetic,1
9051,Letting fee,synthetic,0
9052,Residence fee including amenities,synthetic,1
9053,Servise payment,synthetic,0
9054,123 Main St monthly,synthetic,1
9055,Remittance to Moore,synthetic,1
9056,Unit remittance for residential unit,synthetic,1
9057,Residential payment Every 30 days,synthetic,1
9058,Membership Quarterly,synthetic,0
9059,Non-rent housing expense,synthetic,0
9060,Maintenence payment,synthetic,0
9061,Rent-paymnt,synthetic,1
9062,Rent payment ,synthetic,1
9063,ACH to Johnson LLC,synthetic,0
9064,Service Bi-weekly,synthetic,0
9065,Zelle to Davis,synthetic,0
9066,Condo fee,synthetic,0
9067,Residential payment Calendar month,synthetic,1
9068,Rnet payment,synthetic,1
9069,Recurring transfer to Smith,synthetic,0
9070,Subscription 20th periodic,synthetic,0
9071,End of month remittance,synthetic,0
9072,Rent payment ,synthetic,1
9073,Service Every 30 days,synthetic,0
9074,Check #1234 for monthly,synthetic,0
9075,Debit to Anderson,synthetic,0
9076,Digs payment,synthetic,1
9077,Unit charge,synthetic,0
9078,Other than rent - tax,synthetic,0
9079,Unit disbursement for residential unit,synthetic,1
9080,Place remittance,synthetic,1
9081,Rent(payment),synthetic,1
9082,Rent payment (primary residence),synthetic,1
9083,Property Services LLC,synthetic,0
9084,Facility Solutions,synthetic,0
9085,Utility fee + insurance,synthetic,0
9086,Condo fee,synthetic,0
9087,RENT_INVOICE_001,synthetic,1
9088,RENT - DO NOT DELETE,synthetic,1
9089,Flat fee,synthetic,0
9090,Wire to Thompson,synthetic,0
9091,SERVICE - RECURRING,synthetic,0
9092,Rent-pay ment,synthetic,1
9093,Monthly housing and utilities bundle,synthetic,1
9094,Subscription Quarterly,synthetic,0
9095,Lodgings remittance,synthetic,0
9096,Unit payment for residential unit,synthetic,1
9097,Letting fee,synthetic,1
9098,Building disbursement,synthetic,0
9099,Property Services LLC,synthetic,0
9100,Landlord services payment,synthetic,1
9101,RENT>>PAYMENT,synthetic,1
9102,Rent payment (apartment),synthetic,1
9103,Flat fee,synthetic,0
9104,Besides rent - insurance,synthetic,0
9105,RENT~MONTHLY,synthetic,1
9106,Strata payment,synthetic,1
9107,Non-rent housing expense,synthetic,0
9108,Rant remittance,synthetic,1
9109,Non-rent housing expense,synthetic,0
9110,Residential facility fee,synthetic,1
9111,Payment on 1st of month,synthetic,0
9112,Rent(payment),synthetic,1
9113,Rent ;payment,synthetic,1
9114,Rent payment (apartment),synthetic,1
9115,Service fee + tax,synthetic,0
9116,Payment on 1st of month,synthetic,0
9117,Lodgings remittance,synthetic,1
9118,Domicile disbursement,synthetic,1
9119,Residential payment 15th auto,synthetic,1
9120,Apartment payment + parking,synthetic,1
9121,Service Calendar month,synthetic,0
9122,Membership 1st of month,synthetic,0
9123,Premises fee with service charge,synthetic,1
9124,Recurring 1st week,synthetic,0
9125,Rant fee,synthetic,1
9126,Periodic domicile remittance,synthetic,1
9127,Building Management,synthetic,1
9128,Abode disbursement,synthetic,1
9129,Place I stay remittance,synthetic,1
9130,Place remittance,synthetic,0
9131,Strata payment,synthetic,1
9132,Wire to Thompson,synthetic,0
9133,Residential payment First Monday,synthetic,1
9134,Rent-paymnt,synthetic,1
9135,Flat fee,synthetic,1
9136,Membership Quarterly,synthetic,0
9137,Flat fee,synthetic,1
9138,Property remittance,synthetic,0
9139,RENT-RECURRING,synthetic,1
9140,Rent payment (apartment),synthetic,1
9141,Payment ref: HOUSING-,synthetic,1
9142,Membership Last day,synthetic,0
9143,Lease payment,synthetic,0
9144,Maintenence payment,synthetic,0
9145,Besides rent - insurance,synthetic,0
9146,Digs payment,synthetic,1
9147,Building disbursement,synthetic,0
9148,Rent payment (apartment),synthetic,1
9149,Service Last day,synthetic,0
9150,Distinct from rent - service,synthetic,0
9151,RENT - APT 5B,synthetic,1
9152,FEE - MONTHLY,synthetic,0
9153,Building payment for residential unit,synthetic,1
9154,Apart from rent - maintenance,synthetic,0
9155,CHARGE - MONTHLY,synthetic,0
9156,RENT>>PAYMENT,synthetic,1
9157,Utilitie payment,synthetic,0
9158,Bi-weekly housing,synthetic,0
9159,Apartment payment + parking,synthetic,1
9160,Other than rent - tax,synthetic,0
9161,Ref: RES-UNIT-5B,synthetic,1
9162,Complex payment,synthetic,0
9163,For 303 Parkview,synthetic,1
9164,Residential payment Monthly anniversary,synthetic,1
9165,Unit payment including maintenance,synthetic,1
9166,Distinct from rent - service,synthetic,0
9167,Tenancy remittance,synthetic,1
9168,Apart from rent - maintenance,synthetic,0
9169,Residence fee including amenities,synthetic,1
9170,Tenancy payment,synthetic,1
9171,Unit payment including maintenance,synthetic,1
9172,Membership 5th monthly,synthetic,0
9173,Independent of rent - repair,synthetic,0
9174,Pad payment,synthetic,0
9175,Recurring transfer to Smith,synthetic,1
9176,Wire to Thompson,synthetic,0
9177,Condo fee,synthetic,1
9178,Facility Solutions,synthetic,0
9179,Rent payment (apartment),synthetic,1
9180,R3nt fee,synthetic,1
9181,Complex management remittance,synthetic,1
9182,Quarterly dwelling,synthetic,1
9183,Separate from rent - deposit,synthetic,0
9184,Zelle to Davis,synthetic,0
9185,Residential payment Monthly anniversary,synthetic,1
9186,500 Oak Ave payment,synthetic,1
9187,Building payment,synthetic,0
9188,Ref: RES-UNIT-5B,synthetic,1
9189,Lease fee,synthetic,0
9190,Maintenance fee + tax,synthetic,0
9191,Residence fee including amenities,synthetic,1
9192,RENT - APT 5B,synthetic,1
9193,Servise payment,synthetic,0
9194,Residential payment 1st of month,synthetic,1
9195,Debit to Anderson,synthetic,0
9196,Excluding rent - HOA,synthetic,0
9197,Mid-month transfer,synthetic,0
9198,Quarterly dwelling,synthetic,0
9199,My apartment payment,synthetic,1
9200,Complex fee for residential unit,synthetic,1
9201,Crib fee,synthetic,0
9202,Service 10th recurring,synthetic,0
9203,Recurring transfer to Smith,synthetic,0
9204,Premises fee with service charge,synthetic,1
9205,Residential payment Semi-monthly,synthetic,1
9206,Membership Semi-monthly,synthetic,0
9207,Residential Services,synthetic,0
9208,Digs payment,synthetic,1
9209,Invoice #APT2024-001,synthetic,1
9210,Complex management remittance,synthetic,1
9211,Real Estate Solutions,synthetic,0
9212,Building disbursement,synthetic,0
9213,Rent payment ,synthetic,1
9214,Unit payment for residential unit,synthetic,1
9215,ACH to Johnson LLC,synthetic,0
9216,Semi-monthly residence,synthetic,1
9217,Recurring habitation expenditure,synthetic,1
9218,Condo fee,synthetic,1
9219,Subscripton payment,synthetic,0
9220,Residential payment Quarterly,synthetic,1
9221,Unit remittance for residential unit,synthetic,1
9222,Debit to Anderson,synthetic,0
9223,RENT - DO NOT DELETE,synthetic,1
9224,Servise payment,synthetic,0
9225,FEE - AUTO,synthetic,0
9226,Periodic 30th payment,synthetic,0
9227,Rentt disbursement,synthetic,1
9228,Lease fee,synthetic,0
9229,Rant remittance,synthetic,1
9230,RENT>>PAYMENT,synthetic,1
9231,Unit charge,synthetic,0
9232,Remittance to Moore,synthetic,0
9233,Separate from rent - deposit,synthetic,0
9234,Rent payment (primary residence),synthetic,1
9235,Complex charge,synthetic,0
9236,Bi-weekly housing,synthetic,0
9237,Subscription Calendar month,synthetic,0
9238,Residence fee including amenities,synthetic,1
9239,Property payment for residential unit,synthetic,1
9240,Utilitie payment,synthetic,0
9241,SERVICE - MONTHLY,synthetic,0
9242,Service Bi-weekly,synthetic,0
9243,Property remittance,synthetic,0
9244,Strata payment,synthetic,0
9245,Service Bi-weekly,synthetic,0
9246,Residential payment 10th recurring,synthetic,1
9247,Apartment 12C fee,synthetic,1
9248,Unit payment including maintenance,synthetic,1
9249,Residence fee including amenities,synthetic,1
9250,Domicile Solutions,synthetic,1
9251,Unit disbursement,synthetic,0
9252,Maintenence payment,synthetic,0
9253,Rent payment (primary residence),synthetic,1
9254,Letting fee,synthetic,1
9255,Lease obligation payment,synthetic,1
9256,Premises Services,synthetic,0
9257,Semi-monthly residence,synthetic,0
9258,Rent(payment),synthetic,1
9259,Lodgings remittance,synthetic,0
9260,Accommodation remittance including tax,synthetic,1
9261,Tenancy payment,synthetic,1
9262,Residential payment 1st of month,synthetic,1
9263,Residential payment Quarterly,synthetic,1
9264,Separate from rent - deposit,synthetic,0
9265,First of month payment,synthetic,0
9266,Servise payment,synthetic,0
9267,Monthly housing and utilities bundle,synthetic,1
9268,Residential payment First Monday,synthetic,1
9269,Tenancy payment,synthetic,0
9270,SERVICE - RECURRING,synthetic,0
9271,Separate from rent - deposit,synthetic,0
9272,Semi-monthly residence,synthetic,0
9273,Check #1234 for monthly,synthetic,1
9274,My unit disbursement,synthetic,1
9275,Habitation remittance with utilities,synthetic,1
9276,My apartment payment,synthetic,1
9277,Payment to Wilson,synthetic,1
9278,Subscripton payment,synthetic,0
9279,Habitation remittance with utilities,synthetic,1
9280,My house monthly,synthetic,1
9281,Residential payment 1st of month,synthetic,1
9282,Distinct from rent - service,synthetic,0
9283,Maintenence payment,synthetic,0
9284,Facility Solutions,synthetic,0
9285,Separate from rent - deposit,synthetic,0
9286,Lodgings remittance,synthetic,1
9287,Recurring 1st week,synthetic,0
9288,SERVICE - MONTHLY,synthetic,0
9289,Residential payment Calendar month,synthetic,1
9290,Semi-monthly residence,synthetic,1
9291,Facility Solutions,synthetic,0
9292,Rent-paymnt,synthetic,1
9293,Rnet payment,synthetic,1
9294,Rent payment ,synthetic,1
9295,Complex Services,synthetic,0
9296,Property remittance,synthetic,0
9297,Unit Management,synthetic,0
9298,Separate from rent - deposit,synthetic,0
9299,RENT-RECURRING,synthetic,1
9300,Building payment for residential unit,synthetic,1
9301,My house monthly,synthetic,1
9302,Membership Monthly anniversary,synthetic,0
9303,Subscription 1st of month,synthetic,0
9304,Zelle to Davis,synthetic,0
9305,Membership 15th auto,synthetic,0
9306,Rent payment (primary residence),synthetic,1
9307,Independent of rent - repair,synthetic,0
9308,Ref: RES-UNIT-5B,synthetic,1
9309,RENT-RECURRING,synthetic,1
9310,Rental payment,synthetic,1
9311,Residence fee including amenities,synthetic,1
9312,Service fee + insurance,synthetic,0
9313,UTILITY - AUTO,synthetic,0
9314,Complex charge for residential unit,synthetic,1
9315,Rant fee,synthetic,1
9316,Building fee for residential unit,synthetic,1
9317,Mid-month transfer,synthetic,1
9318,Building payment for residential unit,synthetic,1
9319,Quarterly dwelling,synthetic,0
9320,Rent payment (apartment),synthetic,1
9321,For 303 Parkview,synthetic,1
9322,Domicile Solutions,synthetic,0
9323,Unit fee,synthetic,0
9324,Rent..payment,synthetic,1
9325,Separate from rent - deposit,synthetic,0
9326,Crib fee,synthetic,0
9327,Additional to rent - fee,synthetic,0
9328,Excluding rent - HOA,synthetic,0
9329,Debit to Anderson,synthetic,1
9330,Unit disbursement,synthetic,0
9331,Payment to Wilson,synthetic,0
9332,Rent..payment,synthetic,1
9333,Dwelling remittance,synthetic,1
9334,Spot payment,synthetic,1
9335,Service fee + insurance,synthetic,0
9336,Building payment for residential unit,synthetic,1
9337,Unit remittance for residential unit,synthetic,1
9338,Quarterly dwelling,synthetic,0
9339,Landlord services payment,synthetic,1
9340,Utilitie payment,synthetic,0
9341,Rent ;payment,synthetic,1
9342,Place remittance,synthetic,0
9343,UTILITY - MONTHLY,synthetic,0
9344,Strata payment,synthetic,0
9345,Residential payment Bi-weekly,synthetic,1
9346,Monthly payment to John,synthetic,0
9347,Accommodation remittance including tax,synthetic,1
9348,Dwelling remittance,synthetic,1
9349,Letting fee,synthetic,1
9350,Rent payment (primary residence),synthetic,1
9351,Rent payment (primary residence),synthetic,1
9352,Residential payment 1st of month,synthetic,1
9353,Residence disbursement,synthetic,1
9354,UTILITY - AUTO,synthetic,0
9355,Rental payment,synthetic,0
9356,Residential payment 1st of month,synthetic,1
9357,Residential payment 20th periodic,synthetic,1
9358,RENT: UNIT 304,synthetic,1
9359,RENT>>PAYMENT,synthetic,1
9360,Spot payment,synthetic,1
9361,Maintenance fee + insurance,synthetic,0
9362,Rent payment (primary residence),synthetic,1
9363,Rent payment (primary residence),synthetic,1
9364,Residential payment 25th standing,synthetic,1
9365,Utility fee + tax,synthetic,0
9366,Unit letting,synthetic,1
9367,RENT|AUTO,synthetic,1
9368,RENT: UNIT 304,synthetic,1
9369,Strata payment,synthetic,0
9370,Habitation remittance with utilities,synthetic,1
9371,Rent payment ,synthetic,1
9372,Mid-month transfer,synthetic,1
9373,For 303 Parkview,synthetic,1
9374,Rent-pay ment,synthetic,1
9375,Mid-month transfer,synthetic,0
9376,RENT PAYMENT (MONTHLY),synthetic,1
9377,SERVICE - RECURRING,synthetic,0
9378,Residential payment 25th standing,synthetic,1
9379,Subscripton payment,synthetic,0
9380,Residential payment 25th standing,synthetic,1
9381,CHARGE - MONTHLY,synthetic,0
9382,Periodic 30th payment,synthetic,1
9383,First of month payment,synthetic,1
9384,Debit to Anderson,synthetic,0
9385,Monthly housing and utilities bundle,synthetic,1
9386,FEE - AUTO,synthetic,0
9387,Real Estate Solutions,synthetic,1
9388,Service fee + insurance,synthetic,0
9389,Rent..payment,synthetic,1
9390,Subscripton payment,synthetic,0
9391,Mid-month transfer,synthetic,0
9392,Monthly housing and utilities bundle,synthetic,1
9393,Unit Management,synthetic,0
9394,Real Estate Solutions,synthetic,0
9395,RENT_INVOICE_001,synthetic,1
9396,Residential Services,synthetic,0
9397,Landlord services payment,synthetic,1
9398,RENT PAYMENT (MONTHLY),synthetic,1
9399,HOA fee + insurance,synthetic,0
9400,Pad payment,synthetic,1
9401,Rent-pay ment,synthetic,1
9402,Utility fee + insurance,synthetic,0
9403,Lodging remittance,synthetic,1
9404,RENT - DO NOT DELETE,synthetic,1
9405,Utility fee + tax,synthetic,0
9406,Subscripton payment,synthetic,0
9407,Non-rent housing expense,synthetic,0
9408,Rentt disbursement,synthetic,1
9409,Wire to Thompson,synthetic,1
9410,RENT: UNIT 304,synthetic,1
9411,End of month remittance,synthetic,1
9412,RENT PAYMENT (MONTHLY),synthetic,1
9413,Rental payment,synthetic,1
9414,Abode disbursement,synthetic,1
9415,Place I stay remittance,synthetic,1
9416,Recurring 1st week,synthetic,0
9417,Tenancy payment,synthetic,1
9418,Residence fee including amenities,synthetic,1
9419,Rental payment,synthetic,1
9420,RENT: UNIT 304,synthetic,1
9421,Rent-paymnt,synthetic,1
9422,Strata payment,synthetic,1
9423,Subscription 10th recurring,synthetic,0
9424,NOT rent - utilities,synthetic,0
9425,Monthly on 15th,synthetic,0
9426,Subscripton payment,synthetic,0
9427,Spot payment,synthetic,0
9428,Service 5th monthly,synthetic,0
9429,Premises fee with service charge,synthetic,1
9430,RENT - APT 5B,synthetic,1
9431,Letting fee,synthetic,1
9432,Zelle to Davis,synthetic,0
9433,Subscription First Monday,synthetic,0
9434,Wire to Thompson,synthetic,0
9435,Service 20th periodic,synthetic,0
9436,Maintenence payment,synthetic,0
9437,Rent-paymnt,synthetic,1
9438,Subscripton payment,synthetic,0
9439,Service fee + insurance,synthetic,0
9440,Rent..payment,synthetic,1
9441,Property fee,synthetic,0
9442,Tenancy payment,synthetic,1
9443,R3nt fee,synthetic,1
9444,Residential payment Last day,synthetic,1
9445,Rent payment (primary residence),synthetic,1
9446,Building fee for residential unit,synthetic,1
9447,Rent..payment,synthetic,1
9448,Unit payment including maintenance,synthetic,1
9449,Periodic 30th payment,synthetic,0
9450,Additional to rent - fee,synthetic,0
9451,Other than rent - tax,synthetic,0
9452,ACH to Johnson LLC,synthetic,0
9453,Residential payment 10th recurring,synthetic,1
9454,Other than rent - tax,synthetic,0
9455,Residential payment 5th monthly,synthetic,1
9456,Membership 15th auto,synthetic,0
9457,Excluding rent - HOA,synthetic,0
9458,UTILITY - AUTO,synthetic,0
9459,RENT: UNIT 304,synthetic,1
9460,RENT_INVOICE_001,synthetic,1
9461,FEE - MONTHLY,synthetic,0
9462,Residential Services,synthetic,0
9463,Accommodation remittance including tax,synthetic,1
9464,Residential payment Calendar month,synthetic,1
9465,Unit 7B monthly,synthetic,1
9466,Unit Management,synthetic,1
9467,Building payment for residential unit,synthetic,1
9468,SERVICE - RECURRING,synthetic,0
9469,Rent payment (apartment),synthetic,1
9470,Abode payment plus insurance,synthetic,1
9471,Service fee incl. services,synthetic,0
9472,ACH to Johnson LLC,synthetic,0
9473,Payment on 1st of month,synthetic,1
9474,Subscription Monthly anniversary,synthetic,0
9475,Subscription 25th standing,synthetic,0
9476,Separate from rent - deposit,synthetic,0
9477,UTILITY - AUTO,synthetic,0
9478,Utility fee + insurance,synthetic,0
9479,Maintenence payment,synthetic,0
9480,Rent payment ,synthetic,1
9481,Independent of rent - repair,synthetic,0
9482,Other than rent - tax,synthetic,0
9483,Rent payment ,synthetic,1
9484,Complex Services,synthetic,1
9485,Remittance to Moore,synthetic,1
9486,Payment on 1st of month,synthetic,1
9487,Quarterly dwelling,synthetic,1
9488,NOT rent - utilities,synthetic,0
9489,Apartment payment + parking,synthetic,1
9490,Residential payment 5th monthly,synthetic,1
9491,Maintenance fee + tax,synthetic,0
9492,Unit fee for residential unit,synthetic,1
9493,Bi-weekly housing,synthetic,0
9494,Recurring habitation expenditure,synthetic,1
9495,Rent payment (primary residence),synthetic,1
9496,Rent/payment,synthetic,1
9497,Recurring 1st week,synthetic,0
9498,Remittance: DWELLING,synthetic,1
9499,ACH to Johnson LLC,synthetic,0
9500,Place remittance,synthetic,0
9501,Ren tpayment,synthetic,1
9502,Housing Associates,synthetic,0
9503,Rant fee,synthetic,1
9504,Rant fee,synthetic,1
9505,Building payment for residential unit,synthetic,1
9506,Property remittance,synthetic,0
9507,Monthly premises fee,synthetic,1
9508,Unit payment including maintenance,synthetic,1
9509,SERVICE - AUTO,synthetic,0
9510,Rent ;payment,synthetic,1
9511,Recurring 1st week,synthetic,0
9512,Utilitie payment,synthetic,0
9513,RENT~MONTHLY,synthetic,1
9514,Transfer to Miller,synthetic,1
9515,Service 15th auto,synthetic,0
9516,SERVICE - AUTO,synthetic,0
9517,Lodgings remittance,synthetic,0
9518,Wire to Thompson,synthetic,0
9519,Digs payment,synthetic,0
9520,Building disbursement,synthetic,0
9521,Pad payment,synthetic,0
9522,Rent payment (apartment),synthetic,1
9523,Unit disbursement,synthetic,0
9524,RENT - DO NOT DELETE,synthetic,1
9525,CHARGE - RECURRING,synthetic,0
9526,UTILITY - AUTO,synthetic,0
9527,My unit disbursement,synthetic,1
9528,CHARGE - MONTHLY,synthetic,0
9529,UTILITY - MONTHLY,synthetic,0
9530,RENT>>PAYMENT,synthetic,1
9531,Residential payment Last day,synthetic,1
9532,Membership Every 30 days,synthetic,0
9533,Besides rent - insurance,synthetic,0
9534,Monthly housing and utilities bundle,synthetic,1
9535,Quarterly dwelling (Unit 39C),synthetic,1
9536,Non-rent housing expense,synthetic,0
9537,Distinct from rent - service,synthetic,0
9538,Complex charge,synthetic,0
9539,CHARGE - MONTHLY,synthetic,0
9540,Independent of rent - repair,synthetic,0
9541,Unit letting,synthetic,1
9542,Rent payment ,synthetic,1
9543,UTILITY - MONTHLY,synthetic,0
9544,Dwelling disbursement plus fees,synthetic,1
9545,Separate from rent - deposit,synthetic,0
9546,Unit Management,synthetic,0
9547,Pad payment,synthetic,0
9548,Strata payment,synthetic,1
9549,Rent payment (primary residence),synthetic,1
9550,Service 25th standing,synthetic,0
9551,Building disbursement for residential unit,synthetic,1
9552,Place remittance,synthetic,1
9553,HOA fee incl. services,synthetic,0
9554,RENT_INVOICE_001,synthetic,1
9555,Rent(payment),synthetic,1
9556,Membership 15th auto,synthetic,0
9557,Unit disbursement for residential unit,synthetic,1
9558,Membership 5th monthly,synthetic,0
9559,SERVICE - MONTHLY,synthetic,0
9560,Subscripton payment,synthetic,0
9561,Unit letting,synthetic,0
9562,Utility fee + tax,synthetic,0
9563,Rent payment (primary residence),synthetic,1
9564,Recurring habitation expenditure,synthetic,1
9565,Quarterly dwelling,synthetic,0
9566,RENT - DO NOT DELETE,synthetic,1
9567,Debit to Anderson,synthetic,1
9568,Maintenence payment,synthetic,0
9569,Lease obligation payment,synthetic,1
9570,Residential payment Quarterly,synthetic,1
9571,Transfer to Miller,synthetic,1
9572,Rent payment (apartment),synthetic,1
9573,Payment on 1st of month,synthetic,0
9574,Zelle to Davis,synthetic,1
9575,Rent(payment),synthetic,1
9576,Monthly payment to John,synthetic,1
9577,Payment ref: HOUSING-,synthetic,1
9578,RENT|AUTO,synthetic,1
9579,Monthly on 15th,synthetic,0
9580,Abode payment plus insurance,synthetic,1
9581,Additional to rent - fee,synthetic,0
9582,Recurring 1st week,synthetic,0
9583,My apartment payment,synthetic,1
9584,RENT: UNIT 304,synthetic,1
9585,Monthly payment to John,synthetic,0
9586,Property fee,synthetic,0
9587,Utilitie payment,synthetic,0
9588,Apartment payment + parking,synthetic,1
9589,Flat fee,synthetic,1
9590,Housing allocation payment,synthetic,1
9591,Property payment for residential unit,synthetic,1
9592,RENT|AUTO,synthetic,1
9593,UTILITY - RECURRING,synthetic,0
9594,Lease obligation payment,synthetic,1
9595,Residential Services,synthetic,0
9596,Utilitie payment,synthetic,0
9597,Real Estate Solutions,synthetic,0
9598,Service First Monday,synthetic,0
9599,Unit letting,synthetic,0
9600,Unit disbursement,synthetic,0
9601,Digs payment,synthetic,0
9602,Unit letting,synthetic,1
9603,Real estate management fee,synthetic,1
9604,500 Oak Ave payment,synthetic,1
9605,Rant fee,synthetic,1
9606,SERVICE - AUTO,synthetic,0
9607,Rent-pay ment,synthetic,1
9608,Premises Services (Unit 44C),synthetic,1
9609,Membership Monthly anniversary,synthetic,0
9610,Property Services LLC,synthetic,0
9611,Maintenance fee + insurance,synthetic,0
9612,Rent ;payment,synthetic,1
9613,Rental payment,synthetic,1
9614,Invoice: RESIDENCE,synthetic,1
9615,Payment on 1st of month,synthetic,1
9616,Remittance: DWELLING,synthetic,1
9617,Residential Services,synthetic,0
9618,Residential payment 20th periodic,synthetic,1
9619,Monthly payment to John,synthetic,0
9620,Additional to rent - fee,synthetic,0
9621,UTILITY - MONTHLY,synthetic,0
9622,FEE - RECURRING,synthetic,0
9623,Service fee incl. services,synthetic,0
9624,Servise payment,synthetic,0
9625,Rental payment,synthetic,1
9626,Rant fee,synthetic,1
9627,RENT: UNIT 304,synthetic,1
9628,Monthly on 15th,synthetic,1
9629,Utility fee + tax,synthetic,0
9630,CHARGE - MONTHLY,synthetic,0
9631,Condo fee,synthetic,1
9632,Flat fee,synthetic,0
9633,Monthly on 15th,synthetic,1
9634,Residential payment 15th auto,synthetic,1
9635,Rnet payment,synthetic,1
9636,Utilitie payment,synthetic,0
9637,Property remittance,synthetic,0
9638,Residential Services,synthetic,0
9639,Debit to Anderson,synthetic,0
9640,My apartment payment,synthetic,1
9641,Servise payment,synthetic,0
9642,RENT - DO NOT DELETE,synthetic,1
9643,RENT~MONTHLY,synthetic,1
9644,CHARGE - MONTHLY,synthetic,0
9645,Residential payment 10th recurring,synthetic,1
9646,Service 1st of month,synthetic,0
9647,Utility fee incl. services,synthetic,0
9648,Rant fee,synthetic,1
9649,Facility management disbursement,synthetic,1
9650,Service fee incl. services,synthetic,0
9651,Real estate management fee,synthetic,1
9652,SERVICE - AUTO,synthetic,0
9653,Place remittance,synthetic,0
9654,Premises fee with service charge,synthetic,1
9655,Subscripton payment,synthetic,0
9656,RENT - APT 5B,synthetic,1
9657,Bi-weekly housing,synthetic,1
9658,Service First Monday,synthetic,0
9659,Place remittance,synthetic,1
9660,Habitation remittance with utilities,synthetic,1
9661,Unit charge for residential unit,synthetic,1
9662,HOA fee + tax,synthetic,0
9663,Condo fee,synthetic,0
9664,Rent payment (apartment),synthetic,1
9665,Unit fee,synthetic,0
9666,Residential payment 1st of month,synthetic,1
9667,Wire to Thompson,synthetic,0
9668,Payment to Wilson,synthetic,0
9669,Service 1st of month,synthetic,0
9670,Apartment payment + parking,synthetic,1
9671,Semi-monthly residence,synthetic,0
9672,Complex charge,synthetic,0
9673,Rent payment (apartment),synthetic,1
9674,HOA fee incl. services,synthetic,0
9675,Pad payment,synthetic,0
9676,Payment to Wilson,synthetic,0
9677,Building Management,synthetic,0
9678,Unit payment including maintenance,synthetic,1
9679,Unit payment,synthetic,0
9680,Apartment 12C fee,synthetic,1
9681,HOA fee + insurance,synthetic,0
9682,Strata payment,synthetic,1
9683,Residential payment Semi-monthly,synthetic,1
9684,Abode payment plus insurance,synthetic,1
9685,End of month remittance,synthetic,0
9686,Real Estate Solutions,synthetic,1
9687,SERVICE - AUTO,synthetic,0
9688,Complex payment,synthetic,0
9689,Complex charge,synthetic,0
9690,Premises Services,synthetic,0
9691,Facility Solutions,synthetic,0
9692,Rant remittance,synthetic,1
9693,Strata payment,synthetic,1
9694,Real Estate Solutions,synthetic,0
9695,CHARGE - AUTO,synthetic,0
9696,Housing Associates (Unit 41B),synthetic,1
9697,Unit Management,synthetic,0
9698,UTILITY - AUTO,synthetic,0
9699,Residential payment 20th periodic,synthetic,1
9700,UTILITY - AUTO,synthetic,0
9701,Unit remittance,synthetic,0
9702,Check #1234 for monthly,synthetic,1
9703,Unit charge for residential unit,synthetic,1
9704,Service fee incl. services,synthetic,0
9705,Unit payment including maintenance,synthetic,1
9706,Unit charge,synthetic,0
9707,Residence fee including amenities,synthetic,1
9708,Lease fee,synthetic,0
9709,Remittance: DWELLING,synthetic,1
9710,UTILITY - RECURRING,synthetic,0
9711,Debit to Anderson (Unit 45B),synthetic,1
9712,RENT PAYMENT (MONTHLY),synthetic,1
9713,RENT_INVOICE_001,synthetic,1
9714,Rent payment (primary residence),synthetic,1
9715,Monthly on 15th,synthetic,1
9716,Periodic 30th payment,synthetic,0
9717,Quarterly dwelling,synthetic,1
9718,RENT #2024-001,synthetic,1
9719,Building Management,synthetic,1
9720,Subscripton payment,synthetic,0
9721,HOA fee + tax,synthetic,0
9722,Unit fee,synthetic,0
9723,Residential Services,synthetic,1
9724,Subscription Semi-monthly,synthetic,0
9725,Remittance to Moore,synthetic,1
9726,Property fee for residential unit,synthetic,1
9727,Residential payment 1st of month,synthetic,1
9728,Other than rent - tax,synthetic,0
9729,Flat fee,synthetic,0
9730,Property payment for residential unit,synthetic,1
9731,Residence fee including amenities,synthetic,1
9732,Facility Solutions,synthetic,1
9733,Building Management,synthetic,0
9734,UTILITY - RECURRING,synthetic,0
9735,RENT~MONTHLY,synthetic,1
9736,RENT: UNIT 304,synthetic,1
9737,FEE - MONTHLY,synthetic,0
9738,Property Services LLC,synthetic,0
9739,Rental payment,synthetic,0
9740,Payment to Wilson,synthetic,0
9741,Spot payment,synthetic,0
9742,Complex Services,synthetic,0
9743,CHARGE - RECURRING,synthetic,0
9744,Real Estate Solutions,synthetic,0
9745,Facility Solutions,synthetic,0
9746,Rent payment ,synthetic,1
9747,Real Estate Solutions (Unit 1C),synthetic,1
9748,Subscription Last day,synthetic,0
9749,UTILITY - MONTHLY,synthetic,0
9750,Subscription 5th monthly,synthetic,0
9751,Check #1234 for monthly,synthetic,1
9752,RENT_INVOICE_001,synthetic,1
9753,Residential payment Monthly anniversary,synthetic,1
9754,Unit disbursement for residential unit,synthetic,1
9755,Rent payment ,synthetic,1
9756,Property remittance for residential unit,synthetic,1
9757,Unit remittance for residential unit,synthetic,1
9758,Non-rent housing expense,synthetic,0
9759,Maintenence payment,synthetic,0
9760,Besides rent - insurance,synthetic,0
9761,Place remittance,synthetic,0
9762,Unit disbursement,synthetic,0
9763,Separate from rent - deposit,synthetic,0
9764,Dwelling remittance,synthetic,1
9765,Monthly payment to John,synthetic,0
9766,FEE - AUTO,synthetic,0
9767,Monthly premises fee,synthetic,1
9768,Unit payment for residential unit,synthetic,1
9769,Membership 5th monthly,synthetic,0
9770,Abode payment plus insurance,synthetic,1
9771,Accommodation remittance including tax,synthetic,1
9772,Rent payment ,synthetic,1
9773,Rent ;payment,synthetic,1
9774,RENT PAYMENT (MONTHLY),synthetic,1
9775,Rent payment (apartment),synthetic,1
9776,Rent payment ,synthetic,1
9777,Property remittance,synthetic,0
9778,First of month payment,synthetic,1
9779,Monthly on 15th,synthetic,1
9780,Tenancy remittance,synthetic,1
9781,HOA fee + tax,synthetic,0
9782,Building Management,synthetic,1
9783,Strata payment,synthetic,1
9784,HOA fee + insurance,synthetic,0
9785,Rent..payment,synthetic,1
9786,Subscription Monthly anniversary,synthetic,0
9787,RENT - APT 5B,synthetic,1
9788,Residential payment 20th periodic,synthetic,1
9789,Rent with included services,synthetic,1
9790,Unit payment including maintenance,synthetic,1
9791,Residential payment 5th monthly,synthetic,1
9792,Building disbursement for residential unit,synthetic,1
9793,Unit charge for residential unit,synthetic,1
9794,Monthly housing and utilities bundle,synthetic,1
9795,Residential payment Calendar month,synthetic,1
9796,Bi-weekly housing,synthetic,0
9797,Mid-month transfer,synthetic,0
9798,Spot payment,synthetic,0
9799,Membership 5th monthly,synthetic,0
9800,Lease charge for residential unit,synthetic,1
9801,Service 20th periodic,synthetic,0
9802,Real Estate Solutions,synthetic,1
9803,Utility fee + insurance,synthetic,0
9804,Monthly payment to John,synthetic,0
9805,Monthly payment to John,synthetic,0
9806,Abode payment plus insurance,synthetic,1
9807,Payment ref: HOUSING-,synthetic,1
9808,RENT: UNIT 304,synthetic,1
9809,End of month remittance,synthetic,0
9810,RENT_INVOICE_001,synthetic,1
9811,Unit letting,synthetic,1
9812,Residential facility fee,synthetic,1
9813,Pad payment,synthetic,0
9814,RENT~MONTHLY,synthetic,1
9815,Lodgings remittance,synthetic,0
9816,Monthly on 15th,synthetic,1
9817,Apartment 12C fee,synthetic,1
9818,Utility fee incl. services,synthetic,0
9819,NOT rent - utilities,synthetic,0
9820,Residential Services,synthetic,0
9821,Rent payment (apartment),synthetic,1
9822,Unit payment including maintenance,synthetic,1
9823,Transfer to Miller,synthetic,0
9824,Unit charge,synthetic,0
9825,Subscripton payment,synthetic,0
9826,Dwelling disbursement plus fees,synthetic,1
9827,Bi-weekly housing,synthetic,0
9828,Residential payment 15th auto,synthetic,1
9829,Lease fee for residential unit,synthetic,1
9830,UTILITY - MONTHLY,synthetic,0
9831,Other than rent - tax,synthetic,0
9832,Spot payment,synthetic,1
9833,RENT~MONTHLY,synthetic,1
9834,RENT-RECURRING,synthetic,1
9835,Servise payment,synthetic,0
9836,Transfer to Miller,synthetic,0
9837,End of month remittance,synthetic,1
9838,Building payment,synthetic,0
9839,Apartment payment + parking,synthetic,1
9840,Lease payment,synthetic,0
9841,Separate from rent - deposit,synthetic,0
9842,Rent payment ,synthetic,1
9843,Excluding rent - HOA,synthetic,0
9844,Strata payment,synthetic,0
9845,Transfer to Miller,synthetic,1
9846,Building payment for residential unit,synthetic,1
9847,Utility fee incl. services,synthetic,0
9848,Utility fee + insurance,synthetic,0
9849,Complex Services,synthetic,0
9850,RENT - DO NOT DELETE,synthetic,1
9851,Residential payment Last day,synthetic,1
9852,Rentt disbursement,synthetic,1
9853,Residence fee including amenities,synthetic,1
9854,Rent (missed auto),synthetic,1
9855,RENT_INVOICE_001,synthetic,1
9856,RENT|AUTO,synthetic,1
9857,Apartment 12C fee,synthetic,1
9858,Quarterly dwelling,synthetic,0
9859,Unit Management,synthetic,0
9860,Monthly payment to John,synthetic,1
9861,Facility Solutions,synthetic,0
9862,RENT PAYMENT (MONTHLY),synthetic,1
9863,Residential payment First Monday,synthetic,1
9864,SERVICE - AUTO,synthetic,0
9865,Strata payment,synthetic,1
9866,Maintenence payment,synthetic,0
9867,First of month payment,synthetic,0
9868,Domicile Solutions,synthetic,0
9869,Utilitie payment,synthetic,0
9870,Habitation remittance with utilities,synthetic,1
9871,500 Oak Ave payment,synthetic,1
9872,Residential payment Calendar month,synthetic,1
9873,Recurring 1st week,synthetic,1
9874,Rent payment (apartment),synthetic,1
9875,Crib fee,synthetic,0
9876,Place remittance,synthetic,1
9877,Rent payment (apartment),synthetic,1
9878,Digs payment,synthetic,0
9879,Building Management (Unit 26C),synthetic,1
9880,Rental payment,synthetic,1
9881,RENT - APT 5B,synthetic,1
9882,Residential Services,synthetic,1
9883,RENT-RECURRING,synthetic,1
9884,Abode payment plus insurance,synthetic,1
9885,FEE - AUTO,synthetic,0
9886,Unit Management,synthetic,0
9887,Zelle to Davis (Unit 41C),synthetic,1
9888,Residential payment 5th monthly,synthetic,1
9889,Rental payment,synthetic,1
9890,Domicile Solutions,synthetic,0
9891,Facility management disbursement,synthetic,1
9892,Payment to Wilson,synthetic,0
9893,My unit disbursement,synthetic,1
9894,Domicile Solutions,synthetic,0
9895,Rentt disbursement,synthetic,1
9896,Rent (missed auto),synthetic,1
9897,Building Management,synthetic,0
9898,Subscripton payment,synthetic,0
9899,Dwelling disbursement plus fees,synthetic,1
9900,Property fee,synthetic,0
9901,Residential payment Quarterly,synthetic,1
9902,Complex fee for residential unit,synthetic,1
9903,Residential payment Monthly anniversary,synthetic,1
9904,CHARGE - MONTHLY,synthetic,0
9905,Complex management remittance,synthetic,1
9906,Accommodation remittance including tax,synthetic,1
9907,Rent payment ,synthetic,1
9908,Digs payment,synthetic,1
9909,Service 20th periodic,synthetic,0
9910,Pad payment,synthetic,0
9911,Independent of rent - repair,synthetic,0
9912,Remittance to Moore,synthetic,0
9913,Complex management remittance,synthetic,1
9914,Residential Services,synthetic,0
9915,Check #1234 for monthly,synthetic,0
9916,Digs payment,synthetic,1
9917,Building Management,synthetic,1
9918,Rent payment (apartment),synthetic,1
9919,Non-rent housing expense,synthetic,0
9920,Domicile Solutions,synthetic,0
9921,Unit Management (Unit 29C),synthetic,1
9922,Residential payment 15th auto,synthetic,1
9923,Rent payment (primary residence),synthetic,1
9924,Periodic domicile remittance,synthetic,1
9925,Building fee for residential unit,synthetic,1
9926,Complex charge,synthetic,0
9927,Lease charge for residential unit,synthetic,1
9928,Condo fee,synthetic,0
9929,Payment on 1st of month,synthetic,1
9930,Check #1234 for monthly,synthetic,0
9931,Rent payment ,synthetic,1
9932,Monthly on 15th,synthetic,0
9933,Tenancy payment,synthetic,0
9934,Complex fee,synthetic,0
9935,HOA fee + insurance,synthetic,0
9936,Service fee incl. services,synthetic,0
9937,Residential payment Semi-monthly,synthetic,1
9938,Additional to rent - fee,synthetic,0
9939,Property fee,synthetic,0
9940,Unit disbursement for residential unit,synthetic,1
9941,Unit payment for residential unit,synthetic,1
9942,Utilitie payment,synthetic,0
9943,Letting fee,synthetic,0
9944,Place remittance,synthetic,1
9945,Premises fee with service charge,synthetic,1
9946,Monthly payment to John,synthetic,1
9947,Facility Solutions (Unit 21A),synthetic,1
9948,Complex Services,synthetic,1
9949,Habitation remittance with utilities,synthetic,1
9950,Letting fee,synthetic,0
9951,Real Estate Solutions,synthetic,0
9952,Rent with included services,synthetic,1
9953,Servise payment,synthetic,0
9954,Complex management remittance,synthetic,1
9955,Payment to Wilson,synthetic,0
9956,Besides rent - insurance,synthetic,0
9957,RENT~MONTHLY,synthetic,1
9958,CHARGE - AUTO,synthetic,0
9959,Service fee + insurance,synthetic,0
9960,Residential occupancy fee,synthetic,1
9961,Lease fee for residential unit,synthetic,1
9962,First of month payment,synthetic,1
9963,Maintenence payment,synthetic,0
9964,Complex charge,synthetic,0
9965,Periodic 30th payment,synthetic,0
9966,500 Oak Ave payment,synthetic,1
9967,Recurring 1st week,synthetic,0
9968,Pad payment,synthetic,1
9969,Distinct from rent - service,synthetic,0
9970,Membership Bi-weekly,synthetic,0
9971,Premises Services (Unit 36B),synthetic,1
9972,Zelle to Davis (Unit 6A),synthetic,1
9973,Rentt disbursement,synthetic,1
9974,Monthly payment to John,synthetic,1
9975,Ren tpayment,synthetic,1
9976,Complex payment for residential unit,synthetic,1
9977,Periodic 30th payment,synthetic,0
9978,Lease fee,synthetic,0
9979,Service Last day,synthetic,0
9980,Service Quarterly,synthetic,0
9981,Tenancy payment,synthetic,0
9982,Residential payment 25th standing,synthetic,1
9983,Remittance to Moore,synthetic,0
9984,Service 25th standing,synthetic,0
9985,Rental payment,synthetic,0
9986,Utility fee + tax,synthetic,0
9987,RENT: UNIT 304,synthetic,1
9988,Semi-monthly residence,synthetic,0
9989,Periodic 30th payment,synthetic,0
9990,Unit fee for residential unit,synthetic,1
9991,Habitation remittance with utilities,synthetic,1
9992,Letting fee,synthetic,0
9993,HOA fee + tax,synthetic,0
9994,Unit disbursement,synthetic,0
9995,Residence fee including amenities,synthetic,1
9996,Service Quarterly,synthetic,0
9997,Transfer to Miller,synthetic,0
9998,NOT rent - utilities,synthetic,0
9999,Monthly payment to John (Unit 33B),synthetic,1
10000,My apartment payment,synthetic,1
10001,Residential payment Quarterly,synthetic,1
10002,Rent-pay ment,synthetic,1
10003,Maintenance fee + insurance,synthetic,0
10004,Letting fee,synthetic,1
10005,Rent payment ,synthetic,1
10006,Excluding rent - HOA,synthetic,0
10007,Independent of rent - repair,synthetic,0
10008,Independent of rent - repair,synthetic,0
10009,UTILITY - AUTO,synthetic,0
10010,Rnet payment,synthetic,1
10011,Membership 10th recurring,synthetic,0
10012,Rant fee,synthetic,1
10013,Lease fee for residential unit,synthetic,1
10014,Spot payment,synthetic,1
10015,Service fee incl. services,synthetic,0
10016,Spot payment,synthetic,0
10017,Maintenance fee + tax,synthetic,0
10018,Utilitie payment,synthetic,0
10019,Quarterly dwelling,synthetic,0
10020,Unit fee for residential unit,synthetic,1
10021,Unit remittance,synthetic,0
10022,RENT PAYMENT (MONTHLY),synthetic,1
10023,Utilitie payment,synthetic,0
10024,Unit disbursement for residential unit,synthetic,1
10025,Remittance to Moore,synthetic,0
10026,Rent..payment,synthetic,1
10027,Property fee for residential unit,synthetic,1
10028,NOT rent - utilities,synthetic,0
10029,Rent..payment,synthetic,1
10030,Mid-month transfer,synthetic,0
10031,Residential payment Calendar month,synthetic,1
10032,FEE - RECURRING,synthetic,0
10033,Building disbursement,synthetic,0
10034,Residential payment 10th recurring,synthetic,1
10035,Utility fee incl. services,synthetic,0
10036,Rent payment (primary residence),synthetic,1
10037,Recurring habitation expenditure,synthetic,1
10038,Distinct from rent - service,synthetic,0
10039,RENT~MONTHLY,synthetic,1
10040,RENT>>PAYMENT,synthetic,1
10041,Building Management,synthetic,0
10042,Place remittance,synthetic,0
10043,Monthly payment to John,synthetic,0
10044,Unit Management,synthetic,1
10045,Other than rent - tax,synthetic,0
10046,Lodgings remittance,synthetic,1
10047,Unit Management,synthetic,1
10048,RENT - DO NOT DELETE,synthetic,1
10049,Property Services LLC,synthetic,0
10050,Rant fee,synthetic,1
10051,Separate from rent - deposit,synthetic,0
10052,Monthly premises fee,synthetic,1
10053,Servise payment,synthetic,0
10054,Service fee incl. services,synthetic,0
10055,Residential payment Quarterly,synthetic,1
10056,Lodgings remittance,synthetic,1
10057,Zelle to Davis,synthetic,1
10058,Habitation remittance with utilities,synthetic,1
10059,Domicile Solutions,synthetic,0
10060,Independent of rent - repair,synthetic,0
10061,Rental payment,synthetic,1
10062,Property remittance for residential unit,synthetic,1
10063,Distinct from rent - service,synthetic,0
10064,First of month payment,synthetic,0
10065,Complex Services,synthetic,0
10066,Unit Management,synthetic,1
10067,Real Estate Solutions,synthetic,0
10068,FEE - MONTHLY,synthetic,0
10069,Lease payment,synthetic,0
10070,Rent payment (apartment),synthetic,1
10071,Service fee incl. services,synthetic,0
10072,Rent payment (primary residence),synthetic,1
10073,Rent..payment,synthetic,1
10074,Tenancy payment,synthetic,0
10075,FEE - RECURRING,synthetic,0
10076,Unit charge,synthetic,0
10077,Spot payment,synthetic,0
10078,Residential payment Last day,synthetic,1
10079,Monthly housing and utilities bundle,synthetic,1
10080,Periodic 30th payment,synthetic,1
10081,Servise payment,synthetic,0
10082,Abode payment plus insurance,synthetic,1
10083,Digs payment,synthetic,0
10084,Unit fee for residential unit,synthetic,1
10085,Rent/payment,synthetic,1
10086,CHARGE - AUTO,synthetic,0
10087,Recurring 1st week,synthetic,0
10088,Transfer to Miller,synthetic,1
10089,Residential payment 15th auto,synthetic,1
10090,Lease fee for residential unit,synthetic,1
10091,My apartment payment,synthetic,1
10092,RENT|AUTO,synthetic,1
10093,Residential payment 1st of month,synthetic,1
10094,Rant remittance,synthetic,1
10095,Dwelling disbursement plus fees,synthetic,1
10096,Utilitie payment,synthetic,0
10097,Rent payment (apartment),synthetic,1
10098,Habitation remittance,synthetic,1
10099,RENT - DO NOT DELETE,synthetic,1
10100,Building disbursement,synthetic,0
10101,Building fee,synthetic,0
10102,Unit fee for residential unit,synthetic,1
10103,Abode payment plus insurance,synthetic,1
10104,Rant remittance,synthetic,1
10105,First of month payment,synthetic,0
10106,Building disbursement,synthetic,0
10107,Rentt disbursement,synthetic,1
10108,Pad payment,synthetic,1
10109,Maintenance fee + insurance,synthetic,0
10110,Periodic 30th payment,synthetic,1
10111,Unit fee for residential unit,synthetic,1
10112,Rant fee,synthetic,1
10113,Building payment,synthetic,0
10114,Subscripton payment,synthetic,0
10115,Recurring transfer to Smith,synthetic,1
10116,Facility management disbursement,synthetic,1
10117,Maintenence payment,synthetic,0
10118,Additional to rent - fee,synthetic,0
10119,Unit fee for residential unit,synthetic,1
10120,Property Services LLC,synthetic,0
10121,Apartment 12C fee,synthetic,1
10122,Subscripton payment,synthetic,0
10123,My apartment payment,synthetic,1
10124,Semi-monthly residence,synthetic,0
10125,Building fee,synthetic,0
10126,UTILITY - RECURRING,synthetic,0
10127,Domicile disbursement,synthetic,1
10128,Service Quarterly,synthetic,0
10129,Mid-month transfer,synthetic,1
10130,RENT - DO NOT DELETE,synthetic,1
10131,Semi-monthly residence,synthetic,0
10132,Service 25th standing,synthetic,0
10133,Rent(payment),synthetic,1
10134,Membership Quarterly,synthetic,0
10135,Rentt disbursement,synthetic,1
10136,Utilitie payment,synthetic,0
10137,Abode disbursement,synthetic,1
10138,Besides rent - insurance,synthetic,0
10139,123 Main St monthly,synthetic,1
10140,Rant fee,synthetic,1
10141,Residential payment 15th auto,synthetic,1
10142,Apartment payment + parking,synthetic,1
10143,Subscripton payment,synthetic,0
10144,RENT_INVOICE_001,synthetic,1
10145,Unit charge for residential unit,synthetic,1
10146,Rent payment (apartment),synthetic,1
10147,Maintenence payment,synthetic,0
10148,Lodgings remittance,synthetic,0
10149,Crib fee,synthetic,1
10150,Rent payment ,synthetic,1
10151,Rent payment ,synthetic,1
10152,Unit letting,synthetic,0
10153,Property payment,synthetic,0
10154,Rental payment,synthetic,0
10155,Residential payment Semi-monthly,synthetic,1
10156,Besides rent - insurance,synthetic,0
10157,Rent (missed auto),synthetic,1
10158,Service 25th standing,synthetic,0
10159,Payment to Wilson,synthetic,0
10160,Unit remittance for residential unit,synthetic,1
10161,Rant remittance,synthetic,1
10162,Periodic 30th payment,synthetic,0
10163,First of month payment,synthetic,1
10164,Residence fee including amenities,synthetic,1
10165,Property management remittance,synthetic,1
10166,Habitation remittance with utilities,synthetic,1
10167,Utilitie payment,synthetic,0
10168,HOA fee incl. services,synthetic,0
10169,First of month payment,synthetic,0
10170,Periodic 30th payment,synthetic,0
10171,Unit letting,synthetic,0
10172,Recurring 1st week,synthetic,0
10173,RENT-RECURRING,synthetic,1
10174,Residential payment First Monday,synthetic,1
10175,HOA fee + tax,synthetic,0
10176,Rent payment ,synthetic,1
10177,HOA fee incl. services,synthetic,0
10178,Subscription 1st of month,synthetic,0
10179,FEE - MONTHLY,synthetic,0
10180,Lease charge,synthetic,0
10181,Property Services LLC,synthetic,0
10182,SERVICE - AUTO,synthetic,0
10183,Property Services LLC,synthetic,0
10184,Complex fee for residential unit,synthetic,1
10185,Recurring habitation expenditure,synthetic,1
10186,Property fee,synthetic,0
10187,Subscripton payment,synthetic,0
10188,Residential payment 15th auto,synthetic,1
10189,Abode payment plus insurance,synthetic,1
10190,Complex payment,synthetic,0
10191,ACH to Johnson LLC,synthetic,1
10192,Check #1234 for monthly,synthetic,0
10193,R3nt fee,synthetic,1
10194,Residential payment 10th recurring,synthetic,1
10195,Flat fee,synthetic,1
10196,Bi-weekly housing,synthetic,0
10197,RENT #2024-001,synthetic,1
10198,Dwelling disbursement plus fees,synthetic,1
10199,Rent(payment),synthetic,1
10200,Domicile Solutions,synthetic,0
10201,Utility fee incl. services,synthetic,0
10202,Real Estate Solutions,synthetic,0
10203,Rent payment (primary residence),synthetic,1
10204,RENT #2024-001,synthetic,1
10205,Excluding rent - HOA,synthetic,0
10206,RENT~MONTHLY,synthetic,1
10207,Membership 1st of month,synthetic,0
10208,500 Oak Ave payment,synthetic,1
10209,Check #1234 for monthly,synthetic,0
10210,Rnet payment,synthetic,1
10211,Maintenance fee + tax,synthetic,0
10212,Residential payment Every 30 days,synthetic,1
10213,Check #1234 for monthly,synthetic,1
10214,Residential payment Semi-monthly,synthetic,1
10215,Maintenance fee + tax,synthetic,0
10216,Mid-month transfer,synthetic,1
10217,Subscription 15th auto,synthetic,0
10218,Building disbursement for residential unit,synthetic,1
10219,Rent payment ,synthetic,1
10220,R3nt fee,synthetic,1
10221,Semi-monthly residence (Unit 4A),synthetic,1
10222,RENT~MONTHLY,synthetic,1
10223,SERVICE - RECURRING,synthetic,0
10224,Property remittance,synthetic,0
10225,Real Estate Solutions,synthetic,0
10226,Independent of rent - repair,synthetic,0
10227,Digs payment,synthetic,1
10228,Rent payment ,synthetic,1
10229,Unit charge,synthetic,0
10230,Pad payment,synthetic,0
10231,Residential payment Semi-monthly,synthetic,1
10232,Servise payment,synthetic,0
10233,Rentt disbursement,synthetic,1
10234,Utility fee incl. services,synthetic,0
10235,Lodging remittance,synthetic,1
10236,Servise payment,synthetic,0
10237,Zelle to Davis,synthetic,0
10238,Unit letting,synthetic,1
10239,Recurring transfer to Smith (Unit 17A),synthetic,1
10240,Habitation remittance with utilities,synthetic,1
10241,Other than rent - tax,synthetic,0
10242,Unit Management (Unit 19A),synthetic,1
10243,RENT-RECURRING,synthetic,1
10244,Payment ref: HOUSING-,synthetic,1
10245,Residential payment 5th monthly,synthetic,1
10246,Debit to Anderson,synthetic,0
10247,Rent payment (primary residence),synthetic,1
10248,Service fee + tax,synthetic,0
10249,Rent payment ,synthetic,1
10250,Subscription Bi-weekly,synthetic,0
10251,Recurring transfer to Smith,synthetic,0
10252,Distinct from rent - service,synthetic,0
10253,Unit letting,synthetic,1
10254,Pad payment,synthetic,1
10255,Recurring transfer to Smith,synthetic,0
10256,Service 5th monthly,synthetic,0
10257,RENT>>PAYMENT,synthetic,1
10258,Maintenance fee incl. services,synthetic,0
10259,Premises fee with service charge,synthetic,1
10260,Quarterly dwelling,synthetic,0
10261,Residence fee including amenities,synthetic,1
10262,Domicile Solutions,synthetic,0
10263,Strata payment,synthetic,1
10264,Tenancy payment,synthetic,1
10265,Recurring habitation expenditure,synthetic,1
10266,Unit payment including maintenance,synthetic,1
10267,Maintenance fee + insurance,synthetic,0
10268,Property Services LLC (Unit 12C),synthetic,1
10269,Apartment payment + parking,synthetic,1
10270,RENT~MONTHLY,synthetic,1
10271,SERVICE - AUTO,synthetic,0
10272,CHARGE - AUTO,synthetic,0
10273,Remittance to Moore,synthetic,0
10274,Residential payment Calendar month,synthetic,1
10275,Subscription Last day,synthetic,0
10276,Check #1234 for monthly,synthetic,0
10277,Check #1234 for monthly,synthetic,0
10278,Quarterly dwelling,synthetic,0
10279,Residential payment Bi-weekly,synthetic,1
10280,Complex payment,synthetic,0
10281,Rent payment (primary residence),synthetic,1
10282,Subscription Last day,synthetic,0
10283,Apart from rent - maintenance,synthetic,0
10284,Place remittance,synthetic,1
10285,Unit fee,synthetic,0
10286,Remittance: DWELLING,synthetic,1
10287,Property management remittance,synthetic,1
10288,Digs payment,synthetic,0
10289,Unit remittance,synthetic,0
10290,Pad payment,synthetic,1
10291,Flat fee,synthetic,1
10292,RENT - DO NOT DELETE,synthetic,1
10293,Lease payment,synthetic,0
10294,Monthly payment to John,synthetic,0
10295,Real Estate Solutions,synthetic,0
10296,UTILITY - MONTHLY,synthetic,0
10297,Subscripton payment,synthetic,0
10298,Place remittance,synthetic,1
10299,Recurring 1st week,synthetic,0
10300,Debit to Anderson,synthetic,0
10301,Residential payment 20th periodic,synthetic,1
10302,Apartment 12C fee,synthetic,1
10303,Domicile Solutions,synthetic,0
10304,Place remittance,synthetic,1
10305,Condo fee,synthetic,1
10306,Rent (missed auto),synthetic,1
10307,Complex charge for residential unit,synthetic,1
10308,Building Management (Unit 34A),synthetic,1
10309,Crib fee,synthetic,1
10310,RENT~MONTHLY,synthetic,1
10311,Complex management remittance,synthetic,1
10312,Property payment for residential unit,synthetic,1
10313,Pad payment,synthetic,0
10314,Real Estate Solutions (Unit 21B),synthetic,1
10315,Semi-monthly residence,synthetic,0
10316,Maintenence payment,synthetic,0
10317,HOA fee + insurance,synthetic,0
10318,Rnet payment,synthetic,1
10319,Residential facility fee,synthetic,1
10320,Dwelling disbursement plus fees,synthetic,1
10321,Debit to Anderson,synthetic,0
10322,RENT - DO NOT DELETE,synthetic,1
10323,Transfer to Miller,synthetic,0
10324,Spot payment,synthetic,0
10325,Pad payment,synthetic,1
10326,Building Management,synthetic,0
10327,Ren tpayment,synthetic,1
10328,Real Estate Solutions,synthetic,0
10329,Transfer to Miller,synthetic,1
10330,Maintenence payment,synthetic,0
10331,Complex Services,synthetic,1
10332,Housing Associates,synthetic,1
10333,Subscripton payment,synthetic,0
10334,My house monthly,synthetic,1
10335,Debit to Anderson,synthetic,0
10336,Unit charge for residential unit,synthetic,1
10337,Apartment payment + parking,synthetic,1
10338,Rent payment (apartment),synthetic,1
10339,Digs payment,synthetic,1
10340,Periodic 30th payment (Unit 43A),synthetic,1
10341,Monthly on 15th,synthetic,0
10342,SERVICE - AUTO,synthetic,0
10343,Unit Management,synthetic,0
10344,Building payment,synthetic,0
10345,Building disbursement,synthetic,0
10346,Rent payment ,synthetic,1
10347,Rentt disbursement,synthetic,1
10348,500 Oak Ave payment,synthetic,1
10349,Transfer to Miller,synthetic,0
10350,Apartment payment + parking,synthetic,1
10351,Housing allocation payment,synthetic,1
10352,Lodgings remittance,synthetic,1
10353,Subscripton payment,synthetic,0
10354,Servise payment,synthetic,0
10355,Letting fee,synthetic,1
10356,Place remittance,synthetic,0
10357,Rent payment (apartment),synthetic,1
10358,Rent payment ,synthetic,1
10359,End of month remittance,synthetic,0
10360,Residential payment Quarterly,synthetic,1
10361,Lease charge,synthetic,0
10362,Building payment for residential unit,synthetic,1
10363,End of month remittance,synthetic,0
10364,Subscription Monthly anniversary,synthetic,0
10365,Rent-pay ment,synthetic,1
10366,Residential facility fee,synthetic,1
10367,Maintenence payment,synthetic,0
10368,ACH to Johnson LLC,synthetic,1
10369,Service 25th standing,synthetic,0
10370,RENT|AUTO,synthetic,1
10371,Accommodation remittance including tax,synthetic,1
10372,Utility fee + insurance,synthetic,0
10373,Rant fee,synthetic,1
10374,Place remittance,synthetic,0
10375,Distinct from rent - service,synthetic,0
10376,FEE - AUTO,synthetic,0
10377,Residence disbursement,synthetic,1
10378,Independent of rent - repair,synthetic,0
10379,RENT-RECURRING,synthetic,1
10380,Maintenence payment,synthetic,0
10381,Wire to Thompson,synthetic,0
10382,Unit charge for residential unit,synthetic,1
10383,Service fee incl. services,synthetic,0
10384,Rent/payment,synthetic,1
10385,Residential facility fee,synthetic,1
10386,Rental payment,synthetic,0
10387,Maintenance fee + tax,synthetic,0
10388,Periodic 30th payment,synthetic,0
10389,Bi-weekly housing,synthetic,0
10390,Property Services LLC,synthetic,0
10391,RENT-RECURRING,synthetic,1
10392,RENT|AUTO,synthetic,1
10393,Rentt disbursement,synthetic,1
10394,FEE - RECURRING,synthetic,0
10395,Lease fee for residential unit,synthetic,1
10396,Condo fee,synthetic,1
10397,Maintenance fee + tax,synthetic,0
10398,Membership 25th standing,synthetic,0
10399,Rent payment (primary residence),synthetic,1
10400,Real Estate Solutions (Unit 3C),synthetic,1
10401,Monthly on 15th (Unit 6A),synthetic,1
10402,Utilitie payment,synthetic,0
10403,Complex payment,synthetic,0
10404,Wire to Thompson,synthetic,0
10405,Subscripton payment,synthetic,0
10406,Subscripton payment,synthetic,0
10407,Monthly on 15th,synthetic,0
10408,Subscripton payment,synthetic,0
10409,FEE - AUTO,synthetic,0
10410,Rent payment ,synthetic,1
10411,Besides rent - insurance,synthetic,0
10412,ACH to Johnson LLC,synthetic,0
10413,Transfer to Miller,synthetic,0
10414,Maintenance fee + insurance,synthetic,0
10415,Dwelling disbursement plus fees,synthetic,1
10416,Service 10th recurring,synthetic,0
10417,Residential Services,synthetic,0
10418,Building fee for residential unit,synthetic,1
10419,Wire to Thompson,synthetic,0
10420,Residential payment 1st of month,synthetic,1
10421,Residence fee including amenities,synthetic,1
10422,Servise payment,synthetic,0
10423,Residence fee including amenities,synthetic,1
10424,Property Services LLC,synthetic,0
10425,Where I live payment,synthetic,1
10426,SERVICE - AUTO,synthetic,0
10427,Lease fee for residential unit,synthetic,1
10428,Zelle to Davis,synthetic,1
10429,RENT - DO NOT DELETE,synthetic,1
10430,Complex fee for residential unit,synthetic,1
10431,Other than rent - tax,synthetic,0
10432,Digs payment,synthetic,0
10433,CHARGE - AUTO,synthetic,0
10434,Service First Monday,synthetic,0
10435,Unit Management,synthetic,0
10436,Unit payment for residential unit,synthetic,1
10437,Recurring transfer to Smith,synthetic,0
10438,Residential payment 25th standing,synthetic,1
10439,Accommodation disbursement,synthetic,1
10440,Monthly housing and utilities bundle,synthetic,1
10441,Place remittance,synthetic,0
10442,Abode payment plus insurance,synthetic,1
10443,UTILITY - MONTHLY,synthetic,0
10444,Separate from rent - deposit,synthetic,0
10445,Letting fee,synthetic,1
10446,Rent payment (primary residence),synthetic,1
10447,Rent payment (primary residence),synthetic,1
10448,Debit to Anderson,synthetic,0
10449,Unit remittance,synthetic,0
10450,Pad payment,synthetic,1
10451,ACH to Johnson LLC,synthetic,0
10452,Residence disbursement,synthetic,1
10453,Bi-weekly housing,synthetic,0
10454,CHARGE - RECURRING,synthetic,0
10455,Rent payment (primary residence),synthetic,1
10456,Place I stay remittance,synthetic,1
10457,Utility fee + tax,synthetic,0
10458,Housing allocation payment,synthetic,1
10459,Dwelling disbursement plus fees,synthetic,1
10460,Lease fee for residential unit,synthetic,1
10461,Membership Quarterly,synthetic,0
10462,Lodging remittance,synthetic,1
10463,RENT PAYMENT (MONTHLY),synthetic,1
10464,FEE - MONTHLY,synthetic,0
10465,RENT: UNIT 304,synthetic,1
10466,Place remittance,synthetic,1
10467,Monthly on 15th,synthetic,0
10468,My unit disbursement,synthetic,1
10469,Residential payment 20th periodic,synthetic,1
10470,Residential payment Bi-weekly,synthetic,1
10471,Utilitie payment,synthetic,0
10472,Flat fee,synthetic,1
10473,Complex payment,synthetic,0
10474,Unit payment,synthetic,0
10475,Independent of rent - repair,synthetic,0
10476,Lease obligation payment,synthetic,1
10477,Payment on 1st of month,synthetic,0
10478,Dwelling remittance,synthetic,1
10479,Subscription 15th auto,synthetic,0
10480,Dwelling disbursement plus fees,synthetic,1
10481,RENT_INVOICE_001,synthetic,1
10482,Rent/payment,synthetic,1
10483,Real estate management fee,synthetic,1
10484,Residential occupancy fee,synthetic,1
10485,Property payment,synthetic,0
10486,Utilitie payment,synthetic,0
10487,CHARGE - MONTHLY,synthetic,0
10488,First of month payment,synthetic,0
10489,Domicile Solutions,synthetic,0
10490,UTILITY - RECURRING,synthetic,0
10491,HOA fee + tax,synthetic,0
10492,Bi-weekly housing,synthetic,1
10493,Remittance to Moore,synthetic,0
10494,Residential payment Calendar month,synthetic,1
10495,Service 25th standing,synthetic,0
10496,Residential payment 20th periodic,synthetic,1
10497,Subscription 1st of month,synthetic,0
10498,RENT: UNIT 304,synthetic,1
10499,Payment on 1st of month,synthetic,0
10500,Lease payment,synthetic,0
10501,Residential occupancy fee,synthetic,1
