Date,Description,Comments,Check Number,Amount,Balance,rent
01/26/2024,Rant remittance,,,"-$1,425.00","$45,348.00",1
08/27/2025,Rent payment ,,,-$825.00,"$40,453.00",1
07/28/2025,Payment on 1st of month,,,"-$2,075.00","$19,231.00",1
06/12/2024,Habitation remittance with utilities,,,"-$1,525.00","$23,059.00",1
04/04/2024,Property payment for residential unit,,,"-$1,900.00","$3,847.00",1
07/03/2025,Quarterly dwelling,,,"-$1,650.00","$41,535.00",0
08/14/2025,ACH to Johnson LLC,,,-$75.00,"$6,229.00",0
04/13/2024,Lease payment for residential unit,,,"-$1,825.00","$14,730.00",1
12/19/2025,Service Quarterly,,,"-$1,600.00","$17,043.00",0
04/18/2025,Complex charge for residential unit,,,"-$1,700.00","$3,103.00",1
02/14/2025,Zelle to Davis,,,"-$1,400.00","$43,954.00",0
02/09/2025,CHARGE - MONTHLY,,,"-$2,800.00","$49,956.00",0
08/20/2025,Complex charge,,,-$150.00,"$4,087.00",0
06/05/2024,Unit payment including maintenance,,,-$875.00,"$31,674.00",1
07/20/2025,UTILITY - AUTO,,,-$125.00,"$18,486.00",0
04/24/2024,Wire to Thompson,,,"$1,550.00","$12,708.00",0
10/02/2025,Payment on 1st of month,,,"-$1,325.00","$11,587.00",1
09/05/2025,Unit payment for residential unit,,,-$950.00,"$21,153.00",1
02/29/2024,Premises Services,,,-$875.00,"$35,911.00",1
05/11/2024,Abode payment plus insurance,,,"-$1,250.00","$40,753.00",1
08/04/2024,Membership Monthly anniversary,,,-$250.00,"$45,019.00",0
03/24/2025,CHARGE - MONTHLY,,,-$300.00,"$39,555.00",0
08/25/2025,ACH to Johnson LLC,,,-$725.00,"$3,058.00",1
03/13/2024,Rental payment,,,-$900.00,"$38,423.00",0
09/05/2024,Subscripton payment,,,"-$2,100.00","$27,941.00",0
02/25/2024,Utility fee + tax,,,-$600.00,"$8,161.00",0
07/15/2024,Building Management (Unit 12B),,,"-$2,225.00","$5,940.00",1
07/17/2025,Payment on 1st of month,,,"$1,200.00","$16,491.00",0
02/20/2025,Rent payment ,,,"-$1,900.00","$1,141.00",1
09/28/2024,Subscription Monthly anniversary,,,$400.00,"$37,422.00",0
06/07/2024,Zelle to Davis,,,-$75.00,"$21,552.00",0
02/21/2024,Strata payment,,,"-$2,575.00","$34,281.00",1
07/09/2024,Habitation remittance,,,"-$1,475.00","$38,334.00",1
08/15/2025,Pad payment,,,-$875.00,"$38,042.00",1
09/24/2024,Recurring 1st week,,,-$450.00,"$45,019.00",0
04/13/2025,Unit charge,,,$50.00,"$7,552.00",0
07/04/2025,Payment to Wilson (Unit 23A),,,"-$1,450.00","$29,716.00",1
09/18/2025,Membership Monthly anniversary,,,"-$2,800.00","$44,475.00",0
05/17/2024,Semi-monthly residence (Unit 36A),,,"-$1,550.00","$48,029.00",1
07/27/2024,Maintenance fee incl. services,,,$900.00,"$4,329.00",0
10/11/2025,Rent payment (primary residence),,,-$700.00,"$9,573.00",1
06/14/2024,Subscripton payment,,,$850.00,"$46,286.00",0
07/12/2025,Landlord services payment,,,"-$3,050.00","$9,352.00",1
11/11/2024,Unit fee for residential unit,,,"-$1,825.00","$44,708.00",1
12/28/2024,R3nt fee,,,"-$1,075.00","$12,603.00",1
01/26/2024,Quarterly dwelling,,,-$450.00,"$44,903.00",0
09/30/2024,Recurring 1st week (Unit 3B),,,"-$1,425.00","$31,166.00",1
11/08/2024,SERVICE - MONTHLY,,,-$50.00,"$19,258.00",0
10/12/2024,Lease charge for residential unit,,,"-$2,000.00","$2,808.00",1
09/24/2024,Payment to Wilson (Unit 39B),,,"-$1,850.00","$34,516.00",1
01/29/2025,RENT - DO NOT DELETE,,,"-$1,500.00","$1,110.00",1
01/07/2025,Rent payment (apartment),,,"-$1,800.00","$9,167.00",1
06/03/2025,Property remittance,,,-$450.00,"$9,341.00",0
03/06/2025,Unit payment including maintenance,,,"-$1,300.00","$27,612.00",1
11/07/2024,Residential Services,,,"-$1,775.00","$45,277.00",1
06/07/2025,Rent payment (apartment),,,"-$1,200.00","$44,506.00",1
04/05/2024,SERVICE - AUTO,,,-$400.00,"$2,600.00",0
09/07/2024,Residential payment Semi-monthly,,,-$875.00,"$42,272.00",1
12/14/2025,Property fee for residential unit,,,"-$1,425.00","$1,363.00",1
03/11/2025,End of month remittance,,,"-$2,625.00","$17,331.00",1
04/12/2025,Payment ref: HOUSING-,,,"-$2,650.00","$30,004.00",1
07/15/2025,Excluding rent - HOA,,,-$900.00,"$42,789.00",0
06/17/2025,Besides rent - insurance,,,-$350.00,"$16,367.00",0
12/09/2024,Unit charge,,,"-$1,950.00","$47,295.00",0
03/06/2024,Rent payment (primary residence),,,"-$2,825.00","$14,555.00",1
02/02/2025,Membership Semi-monthly,,,-$50.00,"$25,928.00",0
01/07/2024,Subscription 20th periodic,,,-$700.00,"$40,534.00",0
05/14/2025,Residential Services,,,"-$1,950.00","$27,497.00",1
04/23/2025,Residential payment Semi-monthly,,,"$2,750.00","$39,790.00",1
03/26/2024,Apartment payment + parking,,,"-$2,225.00","$25,844.00",1
08/04/2024,Additional to rent - fee,,,$600.00,"$28,627.00",0
03/24/2024,Distinct from rent - service,,,-$75.00,"$43,607.00",0
10/29/2025,Tenancy remittance,,,"-$1,425.00","$41,719.00",1
09/01/2024,Dwelling remittance,,,"-$2,975.00","$17,793.00",1
06/20/2024,Utility fee + tax,,,$650.00,"$38,735.00",0
02/10/2025,Service 15th auto,,,"-$1,400.00","$7,678.00",0
12/01/2025,Utility fee incl. services,,,-$75.00,"$25,285.00",0
06/02/2025,Monthly housing and utilities bundle,,,"-$2,125.00","$24,736.00",1
12/25/2025,Wire to Thompson,,,"-$1,000.00","$36,269.00",0
04/21/2025,Apart from rent - maintenance,,,-$350.00,"$6,679.00",0
04/06/2025,Building Management,,,"-$1,400.00","$2,880.00",0
11/28/2024,Zelle to Davis,,,-$500.00,"$40,069.00",0
07/23/2025,Zelle to Davis,,,-$100.00,"$37,384.00",0
12/08/2025,Rent payment (apartment),,,"-$2,425.00","$7,098.00",1
08/14/2024,Besides rent - insurance,,,-$400.00,"$37,272.00",0
03/11/2025,Subscription Bi-weekly,,,-$500.00,"$17,475.00",0
05/03/2024,Ren tpayment,,,"$1,000.00","$46,230.00",1
07/15/2024,Facility Solutions (Unit 38C),,,"-$1,600.00","$20,414.00",1
01/04/2025,Monthly payment to John,,,"-$1,100.00","$4,573.00",1
12/15/2025,Subscription Quarterly,,,-$125.00,"$31,762.00",0
03/27/2025,Unit fee,,,-$350.00,"$5,282.00",0
05/18/2025,Payment on 1st of month,,,"$3,000.00","$6,582.00",0
05/01/2024,Unit letting,,,"-$1,500.00","$30,014.00",1
08/25/2025,Membership 20th periodic,,,$950.00,"$14,617.00",0
09/27/2024,Apartment payment + parking,,,"-$1,425.00","$11,258.00",1
02/22/2025,Rent payment (apartment),,,"-$2,400.00","$19,881.00",1
12/20/2025,UTILITY - AUTO,,,-$300.00,"$41,963.00",0
03/11/2025,Accommodation disbursement,,,"-$1,100.00","$5,679.00",1
06/18/2024,Rent(payment),,,"-$3,000.00","$31,716.00",1
12/17/2025,Other than rent - tax,,,"-$1,000.00","$40,192.00",0
03/18/2025,Rent(payment),,,"-$1,500.00","$45,190.00",1
11/19/2025,RENT>>PAYMENT,,,-$725.00,"$43,697.00",1
10/11/2024,Premises Services,,,-$700.00,"$6,979.00",0
12/22/2024,Additional to rent - fee,,,-$125.00,"$46,460.00",0
10/22/2024,HOA fee incl. services,,,-$75.00,"$22,186.00",0
02/17/2025,RENT - APT 5B,,,"-$2,825.00","$13,293.00",1
09/29/2025,Subscripton payment,,,-$75.00,"$19,876.00",0
12/16/2025,NOT rent - utilities,,,"-$1,800.00","$11,379.00",0
07/18/2025,Residential Services,,,-$100.00,"$8,435.00",0
04/30/2024,Service fee + insurance,,,-$400.00,"$32,621.00",0
09/06/2024,Excluding rent - HOA,,,"-$2,600.00","$9,946.00",0
10/09/2024,R3nt fee,,,"-$1,800.00","$1,168.00",1
11/01/2024,CHARGE - MONTHLY,,,-$800.00,"$37,170.00",0
04/11/2025,Service Calendar month,,,-$300.00,"$27,920.00",0
11/21/2024,Rent ;payment,,,"$1,975.00","$43,730.00",1
05/22/2025,Residential payment 10th recurring,,,"-$2,650.00","$7,577.00",1
04/12/2024,Condo fee,,,-$50.00,"$43,911.00",0
03/17/2024,Rent payment (primary residence),,,"-$1,800.00","$43,587.00",1
12/02/2024,RENT|AUTO,,,"-$1,950.00","$32,978.00",1
09/24/2025,My apartment payment,,,"-$1,400.00","$7,451.00",1
03/30/2025,Remittance to Moore,,,-$750.00,"$20,226.00",1
01/18/2025,Besides rent - insurance,,,"-$1,000.00","$12,800.00",0
06/28/2024,Building administration fee,,,"$1,475.00","$10,379.00",1
04/17/2025,Premises fee with service charge,,,"-$1,500.00","$31,490.00",1
11/24/2025,Tenancy payment,,,$800.00,"$20,605.00",0
12/07/2025,Bi-weekly housing,,,"-$1,950.00","$7,989.00",0
01/25/2025,Pad payment,,,"-$1,650.00","$44,137.00",1
10/08/2024,Bi-weekly housing,,,-$75.00,"$19,756.00",0
09/13/2025,RENT - DO NOT DELETE,,,"-$1,400.00","$48,246.00",1
10/05/2025,Residential occupancy fee,,,"-$1,675.00","$24,911.00",1
04/02/2024,Residential payment 25th standing,,,"-$2,075.00","$36,350.00",1
06/27/2025,Rental payment,,,-$200.00,"$32,578.00",0
12/12/2024,CHARGE - MONTHLY,,,-$150.00,"$45,323.00",0
07/24/2025,Property fee,,,-$50.00,"$25,155.00",0
08/21/2025,Property payment,,,-$125.00,"$41,602.00",0
09/16/2025,ACH to Johnson LLC,,,"$1,800.00","$20,804.00",0
04/29/2024,Recurring transfer to Smith,,,-$400.00,"$16,387.00",0
02/01/2025,Rent payment (apartment),,,"-$2,825.00","$48,618.00",1
02/28/2025,Premises fee with service charge,,,"-$2,100.00","$25,283.00",1
03/30/2025,Rent payment ,,,"$1,800.00","$25,073.00",1
03/03/2024,Complex payment,,,-$125.00,"$7,007.00",0
10/19/2025,Monthly housing and utilities bundle,,,-$750.00,"$9,252.00",1
03/11/2024,RENT|AUTO,,,"-$1,400.00","$16,269.00",1
05/31/2024,Utilitie payment,,,-$350.00,"$9,519.00",0
06/27/2024,Bi-weekly housing,,,"-$1,850.00","$16,593.00",0
01/17/2024,Recurring transfer to Smith,,,-$150.00,"$49,867.00",0
05/02/2025,Rent payment (primary residence),,,"-$2,650.00","$34,019.00",1
09/21/2025,500 Oak Ave payment,,,"-$1,675.00","$3,041.00",1
05/05/2025,RENT-RECURRING,,,-$975.00,"$30,069.00",1
03/23/2024,Unit remittance for residential unit,,,-$825.00,"$42,489.00",1
01/25/2025,Subscription Bi-weekly,,,-$800.00,"$46,991.00",0
11/01/2025,Abode payment plus insurance,,,"-$1,375.00","$15,974.00",1
12/13/2024,CHARGE - RECURRING,,,-$125.00,"$17,704.00",0
06/05/2024,HOA fee + tax,,,-$100.00,"$7,328.00",0
05/13/2024,Pad payment,,,"-$1,200.00","$27,922.00",0
11/12/2025,Membership Last day,,,-$75.00,"$24,045.00",0
08/14/2025,Lodgings remittance,,,"-$2,375.00","$23,945.00",1
04/27/2024,Servise payment,,,$700.00,"$41,745.00",0
09/15/2025,Residential payment Calendar month,,,"-$1,500.00","$47,052.00",1
12/13/2024,Complex fee,,,-$150.00,"$10,297.00",0
04/03/2024,Rant remittance,,,"-$1,975.00","$11,315.00",1
11/15/2024,Utilitie payment,,,-$750.00,"$18,832.00",0
11/08/2025,Apart from rent - maintenance,,,-$800.00,"$34,577.00",0
12/19/2024,Rent payment (primary residence),,,"-$3,025.00","$21,212.00",1
08/13/2024,Unit fee for residential unit,,,-$625.00,"$14,843.00",1
09/18/2024,Check #1234 for monthly (Unit 48B),,,"-$1,225.00","$47,115.00",1
05/27/2025,Crib fee,,,"-$1,800.00","$49,630.00",1
03/22/2025,Habitation remittance,,,"-$1,800.00","$27,504.00",1
10/23/2024,Monthly payment to John,,,"-$2,250.00","$24,714.00",0
03/23/2025,RENT - DO NOT DELETE,,,"-$2,150.00","$6,154.00",1
11/13/2024,Servise payment,,,-$450.00,"$42,499.00",0
06/27/2025,Place remittance,,,"-$1,850.00","$43,299.00",1
08/29/2024,Where I live payment,,,"-$1,325.00","$43,959.00",1
06/30/2024,Residential payment Quarterly,,,"-$2,425.00","$38,976.00",1
11/28/2025,Membership Semi-monthly,,,"-$1,800.00","$42,105.00",0
06/03/2024,Independent of rent - repair,,,-$800.00,"$39,759.00",0
12/26/2024,Rental payment,,,"-$2,275.00","$25,165.00",1
03/19/2024,Utility fee incl. services,,,"-$1,600.00","$37,327.00",0
04/05/2025,Residential payment Semi-monthly,,,"-$1,350.00","$33,857.00",1
03/04/2024,Rent payment (primary residence),,,-$900.00,"$3,565.00",1
12/25/2025,Rent payment (primary residence),,,"-$2,650.00","$24,848.00",1
10/16/2024,Building disbursement,,,"-$1,750.00","$7,193.00",0
10/17/2024,Bi-weekly housing,,,"-$1,600.00","$39,190.00",0
12/24/2024,Property fee for residential unit,,,"-$1,150.00","$6,552.00",1
07/26/2025,Building disbursement,,,-$150.00,"$49,416.00",0
10/23/2025,Abode payment plus insurance,,,"-$1,800.00","$12,813.00",1
12/15/2024,Residential payment First Monday,,,"$1,325.00","$11,154.00",1
10/29/2024,RENT: UNIT 304,,,"-$2,650.00","$35,506.00",1
11/08/2025,Unit remittance for residential unit,,,"-$1,925.00","$46,406.00",1
03/24/2025,Landlord services payment,,,"-$1,475.00","$30,420.00",1
06/30/2025,End of month remittance,,,"-$1,350.00","$38,383.00",1
04/17/2025,Subscripton payment,,,"$1,000.00","$14,087.00",0
09/13/2024,Invoice: RESIDENCE,,,"$1,900.00","$47,622.00",1
10/18/2024,Periodic domicile remittance,,,"$1,575.00","$10,656.00",1
04/03/2024,Subscription 15th auto,,,-$500.00,"$26,982.00",0
08/29/2024,Unit charge,,,-$500.00,"$7,493.00",0
05/29/2024,Remittance to Moore,,,-$900.00,"$47,238.00",0
04/04/2025,Utility fee + tax,,,-$350.00,"$48,660.00",0
04/23/2024,Servise payment,,,"-$1,450.00","$41,816.00",0
03/05/2024,Semi-monthly residence,,,-$900.00,"$34,775.00",0
05/27/2024,Monthly payment to John,,,"-$1,500.00","$44,540.00",1
06/20/2025,Residential payment 5th monthly,,,"-$2,650.00","$34,267.00",1
02/03/2025,RENT - APT 5B,,,"-$1,950.00","$2,064.00",1
03/10/2024,Unit disbursement,,,"-$1,400.00","$3,905.00",0
07/13/2025,Complex fee,,,-$800.00,"$12,945.00",0
03/05/2024,Rent-paymnt,,,-$750.00,"$14,072.00",1
11/19/2024,Residential payment Bi-weekly,,,"-$2,000.00","$3,399.00",1
10/19/2024,Unit fee for residential unit,,,"-$1,750.00","$25,118.00",1
02/13/2025,Subscripton payment,,,-$450.00,"$33,605.00",0
06/15/2025,ACH to Johnson LLC,,,"-$1,250.00","$22,050.00",0
03/22/2024,Building fee for residential unit,,,"-$1,675.00","$28,925.00",1
12/07/2025,Rent payment (primary residence),,,-$750.00,"$29,504.00",1
10/16/2025,Service 1st of month,,,"-$1,800.00","$45,525.00",0
02/01/2024,Ref: RES-UNIT-5B,,,-$725.00,"$43,281.00",1
01/05/2025,Unit fee,,,"$2,250.00","$25,380.00",0
03/19/2024,Strata payment,,,-$500.00,"$17,358.00",0
01/27/2024,Rent-paymnt,,,"$2,625.00","$8,717.00",1
09/23/2024,Servise payment,,,"$1,600.00","$33,191.00",0
05/05/2024,Habitation remittance,,,"-$2,225.00","$30,170.00",1
11/29/2025,Residential payment 25th standing,,,"-$1,800.00","$20,029.00",1
06/10/2024,Servise payment,,,-$500.00,"$14,171.00",0
08/30/2024,Rnet payment,,,"-$1,900.00","$31,631.00",1
09/18/2025,RENT: UNIT 304,,,"$1,675.00","$48,111.00",1
06/22/2025,Separate from rent - deposit,,,"-$1,750.00","$30,489.00",0
11/27/2025,Lodgings remittance,,,"-$1,200.00","$9,456.00",0
05/29/2025,Service 1st of month,,,"-$1,250.00","$47,486.00",0
12/20/2024,Residential payment Bi-weekly,,,"-$1,600.00","$42,619.00",1
05/08/2024,Utility fee incl. services,,,"-$3,000.00","$44,170.00",0
07/31/2025,Bi-weekly housing,,,"-$3,000.00","$14,815.00",0
09/24/2025,HOA fee incl. services,,,"$1,200.00","$32,650.00",0
12/02/2025,Rent payment (primary residence),,,-$800.00,"$28,238.00",1
04/20/2025,Domicile Solutions,,,-$150.00,"$49,116.00",0
02/12/2025,Real Estate Solutions,,,"-$1,000.00","$31,570.00",0
09/30/2024,Rent payment ,,,-$900.00,"$26,175.00",1
09/11/2024,Subscription 10th recurring,,,"-$1,400.00","$11,442.00",0
06/11/2025,Other than rent - tax,,,"-$1,950.00","$16,776.00",0
08/20/2025,Unit fee for residential unit,,,"-$1,675.00","$43,877.00",1
10/19/2024,Tenancy payment,,,"-$1,550.00","$27,427.00",0
02/16/2024,Apart from rent - maintenance,,,"-$2,800.00","$26,319.00",0
07/17/2025,Domicile Solutions,,,-$950.00,"$23,222.00",0
05/27/2024,Complex Services,,,-$600.00,"$9,980.00",0
04/30/2025,Lodgings remittance,,,"-$1,600.00","$41,178.00",0
06/15/2024,Building fee,,,"-$1,400.00","$35,887.00",0
12/26/2025,Condo fee,,,-$50.00,"$28,298.00",0
12/05/2025,HOA fee + insurance,,,"-$1,800.00","$38,855.00",0
02/22/2024,Lodgings remittance,,,"-$2,650.00","$25,916.00",1
11/28/2025,Premises Services,,,-$925.00,"$21,558.00",1
06/04/2024,Besides rent - insurance,,,-$700.00,"$31,907.00",0
12/23/2025,Residential facility fee,,,"$2,800.00","$32,350.00",1
11/17/2024,Membership First Monday,,,-$450.00,"$48,246.00",0
09/16/2025,Besides rent - insurance,,,-$350.00,"$20,504.00",0
12/22/2025,Recurring 1st week,,,-$900.00,"$48,294.00",0
10/21/2024,Monthly on 15th,,,"$1,200.00","$23,618.00",0
10/24/2024,Premises maintenance remittance,,,"-$1,875.00","$49,977.00",1
08/07/2024,Unit Management,,,-$350.00,"$9,996.00",0
09/22/2025,Rant remittance,,,"-$1,400.00","$35,802.00",1
10/15/2025,Check #1234 for monthly,,,"-$2,350.00","$10,009.00",1
07/17/2025,Residential payment 10th recurring,,,"-$2,125.00","$14,071.00",1
11/24/2024,Recurring transfer to Smith,,,-$100.00,"$49,410.00",0
06/28/2024,Rent payment ,,,-$775.00,"$13,210.00",1
02/08/2024,Premises Services,,,"-$1,750.00","$43,029.00",0
05/17/2024,CHARGE - RECURRING,,,-$250.00,"$48,914.00",0
10/25/2025,Wire to Thompson,,,-$50.00,"$38,210.00",0
06/28/2024,Unit payment including maintenance,,,"-$2,150.00","$27,269.00",1
07/08/2024,Residential payment First Monday,,,"-$1,725.00","$26,137.00",1
04/02/2025,Ren tpayment,,,"-$1,700.00","$1,749.00",1
10/31/2025,Complex charge,,,-$75.00,"$11,467.00",0
12/03/2025,Spot payment,,,-$400.00,"$20,335.00",0
09/21/2025,Debit to Anderson,,,"-$1,850.00","$36,994.00",0
07/04/2025,SERVICE - MONTHLY,,,"-$1,600.00","$30,278.00",0
03/20/2024,Service 5th monthly,,,"-$1,200.00","$36,170.00",0
06/17/2024,Lease charge for residential unit,,,"-$2,200.00","$47,983.00",1
04/03/2024,CHARGE - MONTHLY,,,"-$2,100.00","$4,783.00",0
11/19/2025,UTILITY - RECURRING,,,-$350.00,"$38,900.00",0
02/16/2024,Rent payment (apartment),,,$900.00,"$5,523.00",1
02/02/2024,Wire to Thompson,,,$150.00,"$43,328.00",0
01/18/2025,Subscription Last day,,,-$600.00,"$44,371.00",0
10/31/2025,RENT: UNIT 304,,,"-$1,300.00","$9,345.00",1
01/04/2024,Rent (missed auto),,,"-$2,300.00","$25,856.00",1
09/10/2024,Rent payment ,,,"$1,525.00","$48,515.00",1
02/02/2024,RENT-RECURRING,,,-$625.00,"$7,612.00",1
04/02/2025,Spot payment,,,-$725.00,"$27,362.00",1
08/27/2024,Place remittance,,,"-$1,650.00","$48,940.00",0
08/14/2025,Crib fee,,,-$450.00,"$44,267.00",0
02/27/2025,Unit fee for residential unit,,,"-$2,850.00","$12,477.00",1
07/23/2025,Additional to rent - fee,,,"-$1,800.00","$21,888.00",0
02/22/2025,Housing Associates,,,-$200.00,"$15,768.00",0
12/25/2025,Building Management,,,$75.00,"$37,522.00",0
02/01/2025,Zelle to Davis,,,-$875.00,"$7,059.00",1
02/22/2024,Monthly on 15th,,,-$700.00,"$39,507.00",1
05/05/2025,Quarterly dwelling,,,$625.00,"$49,593.00",1
05/05/2025,Residential payment Every 30 days,,,"$1,375.00","$37,181.00",1
10/16/2024,Property payment,,,-$400.00,"$33,589.00",0
04/10/2024,CHARGE - RECURRING,,,-$250.00,"$37,865.00",0
05/29/2024,Unit 7B monthly,,,"-$3,050.00","$20,345.00",1
07/19/2024,Property fee for residential unit,,,"-$2,975.00","$43,900.00",1
09/20/2024,Subscripton payment,,,"-$1,800.00","$49,022.00",0
06/22/2024,Unit Management,,,"$2,800.00","$4,849.00",0
03/17/2024,Residential payment Quarterly,,,-$700.00,"$42,333.00",1
03/10/2024,Rnet payment,,,"-$1,400.00","$4,961.00",1
11/06/2025,NOT rent - utilities,,,"-$1,200.00","$35,695.00",0
07/02/2025,Membership 1st of month,,,$700.00,"$8,013.00",0
06/20/2025,Housing allocation payment,,,"-$2,600.00","$18,519.00",1
03/21/2024,Property fee,,,$800.00,"$15,801.00",0
12/01/2025,UTILITY - AUTO,,,"-$1,800.00","$25,855.00",0
07/19/2025,NOT rent - utilities,,,"-$2,100.00","$22,710.00",0
06/24/2025,Residential payment 15th auto,,,"-$1,400.00","$4,051.00",1
12/01/2025,Residential payment Bi-weekly,,,"-$2,950.00","$21,610.00",1
07/31/2024,Place remittance,,,"-$1,900.00","$37,959.00",1
08/03/2025,RENT-RECURRING,,,"-$2,800.00","$49,479.00",1
12/06/2025,Rent-pay ment,,,"-$1,800.00","$16,213.00",1
12/14/2024,Accommodation remittance including tax,,,"-$1,950.00","$18,912.00",1
05/17/2025,Unit Management,,,-$600.00,"$44,297.00",0
03/28/2024,Maintenence payment,,,-$300.00,"$11,107.00",0
12/29/2025,Servise payment,,,-$600.00,"$1,340.00",0
03/31/2025,Building payment,,,"-$1,250.00","$37,502.00",0
04/15/2024,Real Estate Solutions,,,"-$1,750.00","$1,808.00",0
02/27/2025,Unit charge,,,"$1,200.00","$38,483.00",0
12/02/2025,Unit remittance for residential unit,,,"-$1,550.00","$10,563.00",1
06/20/2024,Rent payment (primary residence),,,"-$1,675.00","$24,666.00",1
09/09/2024,Subscripton payment,,,"-$1,600.00","$9,879.00",0
01/07/2024,Membership 25th standing,,,-$600.00,"$22,937.00",0
10/28/2025,Subscription 10th recurring,,,-$450.00,"$32,392.00",0
06/30/2024,Subscription 25th standing,,,"-$1,800.00","$16,887.00",0
01/20/2025,End of month remittance,,,$600.00,"$14,094.00",0
11/29/2025,Rnet payment,,,"-$2,225.00","$20,092.00",1
02/22/2025,Apartment payment + parking,,,"-$1,625.00","$11,101.00",1
01/21/2025,Domicile Solutions,,,-$900.00,"$46,331.00",0
07/10/2025,Real Estate Solutions,,,"$1,200.00","$8,167.00",0
11/04/2025,Apartment payment + parking,,,$800.00,"$45,398.00",1
12/05/2024,Service Last day,,,"-$1,450.00","$34,999.00",0
04/01/2025,Lease payment for residential unit,,,"-$3,050.00","$2,609.00",1
04/17/2024,Quarterly dwelling,,,"-$1,100.00","$23,483.00",0
07/30/2024,Flat fee,,,"-$2,250.00","$20,678.00",0
12/28/2025,Property management remittance,,,$925.00,"$49,528.00",1
06/12/2025,Wire to Thompson,,,"-$2,125.00","$27,545.00",1
07/09/2024,Unit payment including maintenance,,,"-$1,900.00","$13,931.00",1
08/29/2025,NOT rent - utilities,,,-$250.00,"$5,100.00",0
07/03/2025,Property Services LLC (Unit 8B),,,"$2,450.00","$21,539.00",1
09/17/2025,Unit disbursement,,,-$500.00,"$12,306.00",0
09/21/2025,Crib fee,,,-$150.00,"$8,664.00",0
01/17/2025,Abode payment plus insurance,,,"-$1,975.00","$38,670.00",1
03/09/2025,Payment on 1st of month,,,"-$1,200.00","$12,353.00",0
05/16/2025,Wire to Thompson,,,"-$2,300.00","$24,529.00",1
05/11/2025,Building administration fee,,,"-$2,850.00","$27,813.00",1
03/01/2025,Subscripton payment,,,"-$3,000.00","$15,452.00",0
02/03/2024,Unit Management,,,"-$2,250.00","$33,460.00",0
08/09/2025,For 303 Parkview,,,"-$1,900.00","$3,726.00",1
07/13/2025,Residential Services,,,-$125.00,"$17,222.00",0
02/03/2024,Additional to rent - fee,,,$100.00,"$16,528.00",0
08/25/2025,Accommodation remittance including tax,,,"-$2,075.00","$14,541.00",1
03/01/2024,Strata payment,,,"-$1,600.00","$22,210.00",1
10/23/2024,Strata payment,,,"$2,100.00","$19,174.00",0
12/19/2025,RENT - DO NOT DELETE,,,"-$1,100.00","$45,317.00",1
05/16/2025,Payment on 1st of month,,,-$350.00,"$5,949.00",0
02/16/2025,Rental payment,,,"$1,875.00","$22,449.00",1
04/05/2024,Rent-paymnt,,,"-$1,800.00","$27,064.00",1
03/15/2025,RENT~MONTHLY,,,"-$1,550.00","$23,135.00",1
08/02/2025,RENT_INVOICE_001,,,-$700.00,"$31,119.00",1
05/07/2024,Residential payment 10th recurring,,,"-$2,275.00","$29,036.00",1
12/06/2025,Residential payment Quarterly,,,"-$1,625.00","$18,958.00",1
11/01/2025,Unit charge for residential unit,,,"-$1,825.00","$41,999.00",1
12/17/2025,Subscripton payment,,,-$950.00,"$32,248.00",0
05/15/2024,Strata payment,,,"-$2,200.00","$23,516.00",1
03/08/2025,Premises fee with service charge,,,-$825.00,"$48,891.00",1
04/15/2024,Building fee for residential unit,,,"-$1,125.00","$9,725.00",1
03/11/2024,Letting fee,,,"-$1,275.00","$14,962.00",1
02/25/2025,Premises fee with service charge,,,"-$1,300.00","$10,175.00",1
08/26/2025,Ren tpayment,,,"-$2,100.00","$17,238.00",1
10/22/2025,Unit Management,,,"-$1,600.00","$46,251.00",0
11/05/2025,RENT - DO NOT DELETE,,,"-$2,650.00","$26,673.00",1
10/23/2025,Semi-monthly residence,,,-$300.00,"$33,740.00",0
06/24/2025,RENT - APT 5B,,,"-$1,850.00","$38,249.00",1
01/09/2025,Lodgings remittance,,,-$900.00,"$2,093.00",0
01/15/2024,Recurring transfer to Smith,,,"-$2,000.00","$47,702.00",1
03/09/2025,Utilitie payment,,,"-$1,800.00","$19,184.00",0
11/13/2024,Residential facility fee,,,"-$1,150.00","$39,432.00",1
11/13/2024,Rent with included services,,,-$725.00,"$29,474.00",1
04/09/2025,Monthly housing and utilities bundle,,,"-$1,625.00","$47,392.00",1
12/19/2025,Remittance: DWELLING,,,"-$1,900.00","$48,236.00",1
06/19/2024,Building payment,,,-$125.00,"$29,136.00",0
06/20/2025,Recurring 1st week,,,"-$1,400.00","$34,474.00",0
02/26/2024,Apart from rent - maintenance,,,-$200.00,"$7,743.00",0
08/21/2024,Rnet payment,,,-$700.00,"$31,917.00",1
01/27/2025,Service 10th recurring,,,"-$1,200.00","$43,972.00",0
08/17/2024,Property remittance,,,-$450.00,"$25,432.00",0
05/29/2025,Monthly housing and utilities bundle,,,"-$1,225.00","$4,009.00",1
03/11/2024,FEE - RECURRING,,,"-$2,250.00","$14,151.00",0
07/31/2025,Servise payment,,,$800.00,"$13,807.00",0
06/03/2024,Facility management disbursement,,,-$625.00,"$42,677.00",1
12/09/2024,Building administration fee,,,"-$1,600.00","$16,608.00",1
05/18/2025,Membership 10th recurring,,,"-$1,450.00","$35,062.00",0
12/18/2025,CHARGE - AUTO,,,-$100.00,"$42,760.00",0
03/17/2024,Letting fee,,,-$700.00,"$20,115.00",0
11/18/2024,Membership Last day,,,-$450.00,"$5,894.00",0
05/19/2024,Rent(payment),,,-$925.00,"$30,462.00",1
11/17/2024,Distinct from rent - service,,,-$500.00,"$21,205.00",0
09/28/2024,UTILITY - MONTHLY,,,-$400.00,"$3,643.00",0
12/01/2024,Lodging remittance,,,"-$1,875.00","$45,379.00",1
09/23/2024,SERVICE - MONTHLY,,,-$600.00,"$37,052.00",0
04/06/2024,Rent payment ,,,-$900.00,"$15,567.00",1
07/21/2024,RENT_INVOICE_001,,,-$900.00,"$5,914.00",1
03/07/2024,Payment on 1st of month,,,"$1,050.00","$22,728.00",1
02/13/2024,Residential payment 1st of month,,,"-$1,300.00","$48,476.00",1
05/23/2025,Monthly on 15th,,,"$1,350.00","$19,021.00",0
04/01/2025,UTILITY - AUTO,,,"-$1,600.00","$33,695.00",0
07/17/2025,Non-rent housing expense,,,-$350.00,"$43,116.00",0
10/07/2025,Residential payment Bi-weekly,,,-$675.00,"$24,534.00",1
07/11/2025,Maintenence payment,,,"-$1,400.00","$12,784.00",0
11/22/2024,Letting fee,,,"-$1,500.00","$31,912.00",1
08/21/2025,Service 10th recurring,,,-$300.00,"$49,303.00",0
08/12/2024,Place remittance,,,"$1,950.00","$12,384.00",1
08/30/2024,Place remittance,,,"-$1,900.00","$46,911.00",1
08/04/2025,Pad payment,,,-$250.00,"$33,258.00",0
06/28/2024,Non-rent housing expense,,,-$75.00,"$35,501.00",0
01/01/2024,Complex payment,,,-$150.00,"$22,206.00",0
01/23/2024,Recurring habitation expenditure,,,"-$1,000.00","$5,753.00",1
12/22/2025,Membership Last day,,,-$125.00,"$11,322.00",0
10/16/2025,Subscription Quarterly,,,-$200.00,"$41,220.00",0
08/16/2024,Service fee + insurance,,,-$400.00,"$12,646.00",0
12/19/2025,Residential payment Last day,,,"-$2,950.00","$21,854.00",1
10/16/2025,Condo fee,,,"-$1,100.00","$16,597.00",1
11/23/2024,Semi-monthly residence,,,-$100.00,"$48,794.00",0
04/02/2025,Zelle to Davis,,,-$300.00,"$8,080.00",0
02/19/2024,Property remittance for residential unit,,,"-$1,275.00","$25,819.00",1
07/13/2025,Lease fee,,,"-$1,400.00","$11,659.00",0
03/16/2024,Utilitie payment,,,"$1,550.00","$5,862.00",0
06/23/2024,SERVICE - AUTO,,,-$100.00,"$7,101.00",0
08/31/2025,Membership First Monday,,,-$50.00,"$40,801.00",0
06/09/2024,Property Services LLC,,,-$250.00,"$37,314.00",0
11/07/2025,Transfer to Miller,,,"-$3,000.00","$33,174.00",0
02/25/2024,Property remittance for residential unit,,,-$850.00,"$41,965.00",1
07/23/2024,Zelle to Davis,,,$200.00,"$32,035.00",0
11/11/2024,Rent-paymnt,,,"-$2,400.00","$36,659.00",1
07/08/2024,Property fee,,,-$750.00,"$31,478.00",0
08/19/2024,UTILITY - MONTHLY,,,"-$1,850.00","$28,131.00",0
07/20/2025,Building administration fee,,,"$2,625.00","$46,027.00",1
08/09/2025,CHARGE - RECURRING,,,-$100.00,"$3,275.00",0
05/03/2024,Residential payment First Monday,,,"$1,225.00","$13,630.00",1
02/13/2024,Rent payment (apartment),,,"$2,075.00","$42,105.00",1
09/01/2025,Quarterly dwelling,,,-$800.00,"$27,041.00",1
10/09/2024,Letting fee,,,"-$1,600.00","$8,374.00",0
06/02/2024,Premises Services,,,"$1,400.00","$7,922.00",0
10/19/2024,RENT_INVOICE_001,,,"-$2,100.00","$32,823.00",1
02/08/2024,Housing Associates,,,-$150.00,"$27,327.00",0
02/09/2025,RENT_INVOICE_001,,,"-$1,400.00","$18,601.00",1
01/21/2024,Building fee,,,-$400.00,"$46,625.00",0
08/21/2024,Ref: RES-UNIT-5B,,,"-$1,750.00","$40,647.00",1
07/11/2024,Rent payment (primary residence),,,"-$2,450.00","$4,683.00",1
03/08/2024,Lease charge for residential unit,,,"-$1,925.00","$35,359.00",1
06/26/2024,Periodic 30th payment (Unit 4A),,,-$775.00,"$24,617.00",1
10/07/2024,Lease payment for residential unit,,,"-$2,625.00","$9,118.00",1
09/04/2024,Lease payment for residential unit,,,"-$1,275.00","$23,921.00",1
06/16/2024,FEE - AUTO,,,-$100.00,"$11,676.00",0
08/14/2024,Rent with included services,,,"-$1,575.00","$45,708.00",1
04/30/2025,Residential payment Quarterly,,,"-$1,300.00","$15,664.00",1
09/14/2025,FEE - AUTO,,,"-$1,800.00","$23,853.00",0
09/15/2024,Remittance to Moore,,,"-$1,000.00","$7,705.00",0
06/07/2025,Residential payment Calendar month,,,"-$1,900.00","$40,914.00",1
11/01/2024,HOA fee + tax,,,-$450.00,"$19,145.00",0
11/02/2025,Maintenence payment,,,"-$1,450.00","$40,323.00",0
11/07/2025,Unit remittance,,,$50.00,"$18,001.00",0
02/18/2025,Unit fee,,,"-$1,400.00","$13,446.00",0
12/31/2025,Unit Management,,,"$1,800.00","$45,031.00",0
06/03/2025,Complex fee,,,-$950.00,"$49,556.00",0
07/26/2025,Servise payment,,,-$450.00,"$15,636.00",0
03/06/2025,Maintenence payment,,,-$500.00,"$8,718.00",0
02/24/2024,UTILITY - RECURRING,,,-$250.00,"$26,013.00",0
02/27/2025,Bi-weekly housing,,,"-$1,350.00","$38,316.00",0
05/26/2024,Complex fee,,,-$100.00,"$12,588.00",0
10/11/2025,Building Management,,,-$350.00,"$38,767.00",0
05/16/2025,Rent/payment,,,-$825.00,"$42,516.00",1
02/17/2025,Independent of rent - repair,,,"-$2,800.00","$25,451.00",0
11/25/2024,Rent-pay ment,,,"-$1,300.00","$42,070.00",1
08/19/2024,Habitation remittance with utilities,,,"-$1,625.00","$33,986.00",1
06/20/2024,Recurring transfer to Smith,,,-$400.00,"$35,097.00",0
03/20/2025,SERVICE - RECURRING,,,-$900.00,"$27,436.00",0
08/21/2024,Debit to Anderson (Unit 2C),,,"-$2,575.00","$47,603.00",1
01/19/2025,RENT #2024-001,,,"-$2,850.00","$4,143.00",1
10/31/2025,RENT - APT 5B,,,-$975.00,"$9,099.00",1
04/30/2025,Servise payment,,,"-$2,100.00","$44,416.00",0
09/29/2025,Service fee + insurance,,,-$125.00,"$19,527.00",0
04/18/2024,Rent payment (apartment),,,"-$1,350.00","$14,216.00",1
12/21/2025,Excluding rent - HOA,,,$75.00,"$46,102.00",0
12/04/2024,Monthly payment to John,,,-$100.00,"$44,845.00",0
06/01/2024,Membership Monthly anniversary,,,-$100.00,"$17,770.00",0
04/12/2025,Residential payment 20th periodic,,,"-$1,575.00","$12,449.00",1
10/24/2024,Building disbursement for residential unit,,,"-$2,050.00","$4,007.00",1
05/21/2024,Apartment payment + parking,,,"-$1,750.00","$41,750.00",1
04/05/2024,Building disbursement,,,"$1,950.00","$18,814.00",0
12/07/2025,CHARGE - AUTO,,,$750.00,"$11,446.00",0
03/02/2025,Residential payment First Monday,,,"-$3,025.00","$25,887.00",1
09/18/2025,Monthly on 15th,,,-$150.00,"$27,953.00",0
02/17/2024,Payment on 1st of month,,,"-$2,600.00","$38,791.00",0
11/16/2025,RENT|AUTO,,,"-$2,650.00","$44,366.00",1
05/08/2025,Property fee for residential unit,,,"-$1,150.00","$41,167.00",1
01/12/2024,Apartment payment + parking,,,"-$2,625.00","$11,839.00",1
05/18/2025,Building disbursement for residential unit,,,"-$1,500.00","$37,077.00",1
02/16/2025,UTILITY - RECURRING,,,-$800.00,"$33,666.00",0
11/19/2024,Facility Solutions,,,"-$1,950.00","$37,512.00",0
04/03/2024,Rent(payment),,,"-$1,700.00","$43,899.00",1
12/15/2024,Unit fee,,,-$300.00,"$41,616.00",0
11/03/2025,Lease payment,,,"-$1,450.00","$24,274.00",0
07/14/2025,Spot payment,,,"-$1,250.00","$47,979.00",0
04/19/2024,Zelle to Davis,,,"-$1,950.00","$13,489.00",0
04/20/2024,Utilitie payment,,,"-$1,800.00","$30,524.00",0
11/05/2025,Strata payment,,,-$150.00,"$49,248.00",0
07/20/2025,Residential payment Calendar month,,,"$3,025.00","$12,613.00",1
05/11/2024,My unit disbursement,,,"-$2,625.00","$40,911.00",1
10/07/2024,Building disbursement for residential unit,,,"-$1,675.00","$10,055.00",1
09/08/2025,Maintenence payment,,,"-$1,200.00","$37,279.00",0
07/24/2024,Recurring 1st week (Unit 23C),,,"-$1,075.00","$46,502.00",1
12/28/2025,Real Estate Solutions,,,"-$1,200.00","$44,722.00",0
11/21/2025,Maintenence payment,,,-$700.00,"$2,656.00",0
05/28/2024,Recurring transfer to Smith,,,-$250.00,"$19,783.00",0
05/29/2024,FEE - MONTHLY,,,"-$2,250.00","$45,271.00",0
10/24/2025,Digs payment,,,"-$2,600.00","$4,078.00",1
01/31/2025,Additional to rent - fee,,,"-$1,550.00","$30,036.00",0
10/10/2025,Rent..payment,,,"-$1,900.00","$40,543.00",1
07/17/2024,Wire to Thompson,,,$825.00,"$49,174.00",1
01/21/2025,Place I stay remittance,,,"-$2,800.00","$39,272.00",1
01/06/2024,Unit remittance,,,"-$1,750.00","$41,984.00",0
05/17/2025,Maintenence payment,,,-$100.00,"$15,415.00",0
06/17/2025,123 Main St monthly,,,"-$1,275.00","$27,438.00",1
12/23/2024,Zelle to Davis,,,"-$1,750.00","$41,519.00",1
07/28/2025,UTILITY - MONTHLY,,,$500.00,"$41,219.00",0
02/10/2024,Habitation remittance with utilities,,,"-$1,900.00","$36,404.00",1
01/26/2024,Subscription Calendar month,,,"-$1,000.00","$3,873.00",0
10/29/2025,Complex Services,,,-$100.00,"$36,256.00",0
10/03/2025,Residential facility fee,,,"-$2,050.00","$47,054.00",1
10/24/2025,UTILITY - AUTO,,,"-$1,750.00","$5,800.00",0
07/01/2024,Rent-pay ment,,,-$900.00,"$17,950.00",1
02/01/2025,Separate from rent - deposit,,,-$700.00,"$8,753.00",0
10/18/2025,Rant fee,,,"-$2,950.00","$5,757.00",1
05/29/2025,End of month remittance,,,-$400.00,"$29,683.00",0
02/08/2025,UTILITY - RECURRING,,,-$200.00,"$26,624.00",0
10/11/2025,Monthly on 15th,,,"$1,800.00","$37,275.00",0
05/06/2024,Apartment 12C fee,,,"-$2,000.00","$6,578.00",1
08/03/2024,Maintenence payment,,,-$250.00,"$34,590.00",0
06/13/2024,Domicile Solutions,,,"-$1,300.00","$38,178.00",1
07/16/2025,Rent payment (apartment),,,-$850.00,"$17,429.00",1
07/21/2024,Rent-paymnt,,,"-$1,750.00","$43,957.00",1
04/12/2024,ACH to Johnson LLC,,,"-$1,775.00","$41,392.00",1
12/11/2025,Pad payment,,,"-$1,400.00","$29,069.00",0
01/05/2024,Complex charge for residential unit,,,"-$2,100.00","$9,801.00",1
05/06/2025,Additional to rent - fee,,,-$400.00,"$43,306.00",0
10/14/2024,RENT PAYMENT (MONTHLY),,,"-$2,775.00","$42,066.00",1
03/18/2024,RENT|AUTO,,,-$700.00,"$39,668.00",1
02/07/2024,Strata payment,,,"-$2,825.00","$10,740.00",1
02/05/2025,Mid-month transfer,,,"-$1,400.00","$31,454.00",0
02/10/2025,Unit payment for residential unit,,,"-$1,500.00","$34,694.00",1
04/01/2025,Premises Services,,,"$1,125.00","$3,648.00",1
05/14/2025,Payment to Wilson,,,-$725.00,"$24,674.00",1
04/25/2025,Service 1st of month,,,"-$1,800.00","$35,168.00",0
09/26/2024,Pad payment,,,-$200.00,"$39,514.00",0
06/13/2025,Quarterly dwelling (Unit 26B),,,"-$1,875.00","$40,597.00",1
05/28/2025,RENT~MONTHLY,,,"-$1,225.00","$43,170.00",1
08/04/2024,Wire to Thompson,,,-$500.00,"$44,326.00",0
02/28/2025,RENT: UNIT 304,,,"-$2,425.00","$39,718.00",1
10/24/2025,RENT - APT 5B,,,"-$1,400.00","$39,820.00",1
05/17/2024,Monthly housing and utilities bundle,,,"-$2,975.00","$17,925.00",1
06/13/2025,Residential payment Semi-monthly,,,"-$2,950.00","$48,708.00",1
03/28/2024,Domicile Solutions,,,-$900.00,"$27,920.00",0
08/19/2025,RENT PAYMENT (MONTHLY),,,"-$2,600.00","$45,930.00",1
04/09/2025,Tenancy payment,,,-$300.00,"$2,085.00",0
06/19/2025,RENT|AUTO,,,"-$2,075.00","$12,627.00",1
09/21/2025,Place remittance,,,"-$1,200.00","$32,604.00",0
09/09/2025,Letting fee,,,"-$2,150.00","$3,846.00",1
08/22/2024,Subscription First Monday,,,-$500.00,"$46,659.00",0
03/11/2025,Invoice: RESIDENCE,,,"-$1,400.00","$36,633.00",1
09/20/2024,Recurring 1st week,,,-$50.00,"$1,471.00",0
11/01/2025,End of month remittance,,,-$450.00,"$28,923.00",0
09/24/2024,CHARGE - AUTO,,,$500.00,"$27,047.00",0
02/27/2025,Strata payment,,,"-$2,375.00","$37,366.00",1
09/16/2024,Subscription Semi-monthly,,,-$600.00,"$44,206.00",0
08/23/2024,Rent payment (apartment),,,"-$1,200.00","$27,251.00",1
07/17/2025,Utility fee + tax,,,-$600.00,"$6,969.00",0
04/27/2025,Residential payment Last day,,,-$800.00,"$25,303.00",1
09/15/2025,Building administration fee,,,"-$2,000.00","$19,774.00",1
06/28/2024,Premises fee with service charge,,,-$625.00,"$34,957.00",1
07/18/2024,Domicile Solutions,,,"-$1,000.00","$12,107.00",0
01/03/2025,Monthly payment to John,,,-$850.00,"$24,142.00",1
02/19/2025,Strata payment,,,-$50.00,"$6,909.00",0
07/26/2025,Subscription 25th standing,,,$350.00,"$30,803.00",0
08/11/2025,Wire to Thompson,,,-$700.00,"$33,975.00",0
12/14/2024,Membership Monthly anniversary,,,-$350.00,"$38,676.00",0
12/11/2025,Separate from rent - deposit,,,"-$1,400.00","$23,260.00",0
11/28/2025,Apart from rent - maintenance,,,-$50.00,"$26,078.00",0
11/24/2025,Rent/payment,,,"$1,775.00","$34,849.00",1
12/18/2025,RENT - DO NOT DELETE,,,"-$1,600.00","$23,412.00",1
07/21/2025,Residential payment First Monday,,,"-$1,750.00","$38,598.00",1
07/06/2024,Service Quarterly,,,-$900.00,"$16,863.00",0
07/30/2024,Periodic 30th payment,,,-$300.00,"$7,991.00",0
03/21/2024,Premises fee with service charge,,,$700.00,"$32,607.00",1
09/27/2025,Building payment,,,"-$2,600.00","$15,555.00",0
02/25/2024,Unit letting,,,"-$2,450.00","$23,759.00",1
12/03/2025,Subscripton payment,,,-$125.00,"$46,168.00",0
01/13/2024,Unit payment including maintenance,,,"-$2,950.00","$41,159.00",1
07/10/2024,Digs payment,,,-$350.00,"$24,981.00",0
05/25/2025,Rent payment (primary residence),,,"-$1,850.00","$19,325.00",1
07/03/2024,Pad payment,,,-$300.00,"$16,453.00",0
01/25/2025,End of month remittance,,,-$150.00,"$28,624.00",0
05/17/2024,Membership Calendar month,,,"-$1,000.00","$32,891.00",0
09/13/2024,Pad payment,,,-$75.00,"$4,934.00",0
09/17/2024,Rent payment (apartment),,,-$975.00,"$18,024.00",1
01/03/2025,Place remittance,,,-$350.00,"$24,009.00",0
08/13/2025,Crib fee,,,"$2,775.00","$19,652.00",1
11/28/2024,HOA fee incl. services,,,-$800.00,"$19,777.00",0
10/08/2025,Service Calendar month,,,"-$1,800.00","$42,371.00",0
03/14/2024,Property Services LLC,,,-$300.00,"$47,558.00",0
09/11/2025,Maintenance fee + insurance,,,-$500.00,"$30,510.00",0
06/20/2024,Monthly payment to John,,,-$150.00,"$49,750.00",0
08/03/2024,Check #1234 for monthly (Unit 31C),,,-$700.00,"$35,339.00",1
04/16/2024,Debit to Anderson (Unit 25B),,,"-$1,425.00","$30,042.00",1
05/14/2024,Lodgings remittance,,,-$600.00,"$22,312.00",1
04/23/2025,Subscription Bi-weekly,,,"$1,200.00","$46,719.00",0
08/28/2025,Crib fee,,,"-$3,025.00","$42,912.00",1
12/21/2024,Besides rent - insurance,,,-$100.00,"$18,026.00",0
11/06/2024,500 Oak Ave payment,,,"-$1,100.00","$36,068.00",1
12/05/2025,Residential payment Monthly anniversary,,,"-$2,400.00","$29,209.00",1
09/03/2025,Monthly payment to John,,,"-$1,200.00","$37,736.00",0
02/08/2025,Recurring 1st week,,,"-$1,800.00","$18,234.00",0
03/08/2025,Abode payment plus insurance,,,"-$1,550.00","$35,861.00",1
02/26/2025,ACH to Johnson LLC,,,-$950.00,"$41,483.00",0
10/05/2024,Subscripton payment,,,-$250.00,"$36,059.00",0
07/09/2024,Residential payment 20th periodic,,,"-$1,525.00","$48,651.00",1
08/26/2024,Lease obligation payment,,,"-$2,375.00","$21,419.00",1
01/15/2025,NOT rent - utilities,,,"-$1,100.00","$26,717.00",0
07/10/2025,Rent payment ,,,"-$1,575.00","$8,992.00",1
01/29/2025,Rent-paymnt,,,"-$1,400.00","$49,190.00",1
06/17/2025,Rent with included services,,,"-$2,425.00","$21,454.00",1
06/11/2024,Utility fee incl. services,,,"-$1,200.00","$42,846.00",0
07/22/2024,Unit fee,,,-$250.00,"$29,453.00",0
01/16/2024,Payment to Wilson,,,"-$1,450.00","$3,752.00",0
12/05/2025,Flat fee,,,-$100.00,"$45,954.00",0
10/02/2025,Real Estate Solutions,,,"-$2,800.00","$9,246.00",0
08/26/2024,Property payment,,,-$800.00,"$25,757.00",0
05/17/2024,Recurring transfer to Smith,,,-$900.00,"$36,568.00",0
07/13/2024,Strata payment,,,-$500.00,"$40,235.00",0
03/11/2024,Condo fee,,,"-$1,650.00","$30,758.00",1
10/15/2025,Spot payment,,,"-$1,200.00","$24,860.00",1
11/24/2024,Rent..payment,,,"-$2,825.00","$45,775.00",1
07/18/2025,Remittance to Moore,,,-$450.00,"$7,308.00",0
02/14/2024,RENT PAYMENT (MONTHLY),,,"-$1,200.00","$32,809.00",1
04/11/2024,Building administration fee,,,"-$2,450.00","$39,685.00",1
02/20/2024,Unit charge,,,-$50.00,"$33,204.00",0
04/24/2025,RENT - APT 5B,,,"-$1,900.00","$28,259.00",1
12/26/2025,Domicile Solutions,,,-$350.00,"$20,916.00",0
08/09/2024,Residential payment 5th monthly,,,-$925.00,"$13,416.00",1
06/22/2025,Accommodation remittance including tax,,,"-$1,300.00","$28,209.00",1
10/15/2025,Crib fee,,,"-$2,275.00","$11,932.00",1
07/17/2025,Rent payment (primary residence),,,"$1,300.00","$30,033.00",1
11/18/2024,Flat fee,,,-$500.00,"$48,570.00",0
09/15/2025,Unit Management,,,-$250.00,"$49,796.00",0
01/03/2025,Subscription First Monday,,,$50.00,"$40,043.00",0
06/14/2025,My house monthly,,,$650.00,"$15,078.00",1
01/23/2024,Maintenence payment,,,"-$1,200.00","$38,461.00",0
04/06/2024,Real estate management fee,,,"-$1,075.00","$39,152.00",1
08/26/2024,Remittance to Moore (Unit 26C),,,"-$1,300.00","$32,623.00",1
05/14/2025,RENT>>PAYMENT,,,"-$1,000.00","$3,449.00",1
03/21/2024,Maintenence payment,,,-$500.00,"$8,899.00",0
10/30/2025,RENT - APT 5B,,,"-$1,900.00","$3,698.00",1
07/06/2025,Flat fee,,,"-$1,000.00","$45,147.00",0
04/01/2025,Utilitie payment,,,-$300.00,"$10,700.00",0
12/10/2024,Apartment 12C fee,,,-$800.00,"$6,575.00",1
05/28/2025,Excluding rent - HOA,,,-$150.00,"$26,907.00",0
07/28/2025,Abode payment plus insurance,,,"-$1,425.00","$29,184.00",1
12/02/2025,Service 5th monthly,,,-$700.00,"$22,019.00",0
08/31/2025,Maintenance fee + tax,,,$500.00,"$29,980.00",0
03/27/2025,Accommodation disbursement,,,"-$1,350.00","$48,742.00",1
04/25/2024,Rant remittance,,,"-$1,100.00","$46,468.00",1
11/08/2024,Rent payment ,,,"-$1,725.00","$14,885.00",1
07/13/2025,Rental payment,,,"-$2,825.00","$10,263.00",1
01/20/2025,Crib fee,,,"-$2,550.00","$4,939.00",1
07/24/2024,Maintenence payment,,,$75.00,"$5,364.00",0
11/07/2025,Bi-weekly housing,,,-$500.00,"$43,559.00",0
08/24/2024,Membership Bi-weekly,,,-$125.00,"$40,131.00",0
07/09/2024,Building Management,,,-$600.00,"$35,695.00",1
12/07/2024,Excluding rent - HOA,,,-$50.00,"$41,975.00",0
08/29/2024,Subscription Bi-weekly,,,-$75.00,"$2,931.00",0
08/18/2024,Semi-monthly residence,,,-$600.00,"$26,048.00",0
03/03/2025,Debit to Anderson,,,"-$1,700.00","$36,535.00",1
07/30/2024,Accommodation remittance including tax,,,"-$2,775.00","$21,250.00",1
03/16/2025,Residential payment Monthly anniversary,,,"$1,150.00","$21,807.00",1
07/24/2025,Spot payment,,,-$925.00,"$10,536.00",1
11/22/2024,RENT-RECURRING,,,"-$2,100.00","$42,736.00",1
06/04/2024,Utilitie payment,,,"-$1,550.00","$41,131.00",0
09/02/2025,Monthly on 15th (Unit 6C),,,"-$2,375.00","$40,630.00",1
12/30/2025,Service fee + insurance,,,-$900.00,"$15,829.00",0
02/22/2025,Rnet payment,,,"-$1,575.00","$44,996.00",1
07/28/2024,Ref: RES-UNIT-5B,,,"-$2,400.00","$17,173.00",1
02/18/2025,Subscripton payment,,,$450.00,"$38,482.00",0
06/17/2025,Payment ref: HOUSING-,,,-$725.00,"$26,926.00",1
07/25/2025,Unit fee for residential unit,,,"-$1,350.00","$20,959.00",1
04/17/2025,Remittance to Moore,,,"-$1,600.00","$10,321.00",0
10/23/2025,Distinct from rent - service,,,"$3,000.00","$46,620.00",0
02/06/2025,Rent payment (primary residence),,,-$625.00,"$47,703.00",1
04/10/2025,My unit disbursement,,,"-$1,200.00","$47,283.00",1
10/11/2025,Lease charge,,,$600.00,"$41,112.00",0
01/22/2025,Letting fee,,,"-$1,250.00","$44,222.00",1
06/15/2024,RENT PAYMENT (MONTHLY),,,-$775.00,"$48,851.00",1
10/22/2024,Utility fee + tax,,,"-$1,550.00","$33,612.00",0
07/10/2025,CHARGE - MONTHLY,,,-$250.00,"$27,879.00",0
03/22/2024,Utility fee + tax,,,"-$1,200.00","$14,607.00",0
07/08/2024,Real estate management fee,,,-$725.00,"$44,712.00",1
12/05/2024,Service 1st of month,,,-$700.00,"$19,637.00",0
04/11/2025,Ren tpayment,,,-$700.00,"$22,156.00",1
01/23/2025,CHARGE - AUTO,,,-$100.00,"$46,522.00",0
12/03/2024,Strata payment,,,-$250.00,"$8,163.00",0
05/10/2025,Rent(payment),,,"-$1,675.00","$21,741.00",1
06/22/2025,Pad payment,,,-$500.00,"$33,531.00",0
05/19/2025,SERVICE - AUTO,,,-$400.00,"$2,571.00",0
10/02/2025,Servise payment,,,"-$1,600.00","$22,875.00",0
07/27/2025,SERVICE - MONTHLY,,,"-$1,800.00","$5,445.00",0
11/03/2024,Flat fee,,,"-$1,750.00","$48,474.00",0
06/28/2024,Periodic 30th payment,,,"-$2,425.00","$43,313.00",1
05/08/2025,Building Management,,,"-$2,800.00","$28,128.00",1
06/17/2025,First of month payment,,,"-$2,850.00","$38,840.00",1
12/28/2024,Debit to Anderson,,,-$350.00,"$25,591.00",0
08/07/2025,Apartment payment + parking,,,-$950.00,"$21,611.00",1
10/05/2024,Rent payment (primary residence),,,"-$1,450.00","$20,833.00",1
06/21/2025,Unit disbursement for residential unit,,,"-$1,800.00","$7,068.00",1
06/02/2025,Facility Solutions,,,"$1,750.00","$49,001.00",0
12/01/2024,Bi-weekly housing,,,$125.00,"$45,349.00",0
07/29/2024,Rent-paymnt,,,"-$2,000.00","$21,380.00",1
12/04/2025,RENT: UNIT 304,,,"-$1,775.00","$7,756.00",1
01/24/2024,Rental payment,,,"-$1,800.00","$13,618.00",0
10/10/2024,Place remittance,,,-$800.00,"$11,321.00",0
04/27/2024,Domicile Solutions,,,"-$1,200.00","$23,958.00",0
10/04/2024,Recurring 1st week,,,-$400.00,"$21,406.00",0
07/07/2025,Excluding rent - HOA,,,-$50.00,"$7,942.00",0
02/25/2024,Housing Associates,,,-$200.00,"$42,252.00",0
09/23/2025,Building disbursement,,,-$250.00,"$35,962.00",0
04/21/2025,Tenancy payment,,,"-$2,200.00","$45,857.00",1
04/26/2025,Transfer to Miller,,,-$150.00,"$24,819.00",0
07/06/2024,Maintenance fee + insurance,,,-$800.00,"$8,398.00",0
05/05/2025,Excluding rent - HOA,,,-$400.00,"$9,348.00",0
02/19/2025,RENT: UNIT 304,,,"-$1,800.00","$20,799.00",1
02/14/2025,Digs payment,,,"-$1,600.00","$32,612.00",0
03/08/2024,Property remittance,,,-$700.00,"$46,490.00",0
06/26/2024,Residence fee including amenities,,,"-$3,025.00","$40,064.00",1
11/29/2024,Condo fee,,,-$200.00,"$40,207.00",0
12/02/2025,RENT-RECURRING,,,"-$1,775.00","$5,029.00",1
08/10/2024,RENT>>PAYMENT,,,-$625.00,"$30,686.00",1
02/03/2025,HOA fee + tax,,,-$250.00,"$38,373.00",0
03/21/2025,Maintenence payment,,,-$100.00,"$34,451.00",0
05/10/2024,UTILITY - RECURRING,,,"-$1,200.00","$37,702.00",0
04/22/2024,UTILITY - MONTHLY,,,-$700.00,"$21,848.00",0
02/19/2025,Complex payment,,,-$200.00,"$26,204.00",0
03/03/2025,Bi-weekly housing,,,-$850.00,"$10,436.00",0
11/04/2025,Excluding rent - HOA,,,"-$2,100.00","$46,573.00",0
09/30/2025,Complex Services,,,-$700.00,"$24,285.00",0
07/09/2024,Rent payment ,,,"-$3,025.00","$16,515.00",1
02/24/2025,Subscription Semi-monthly,,,-$75.00,"$47,195.00",0
04/25/2024,Spot payment,,,"$2,600.00","$19,312.00",0
06/13/2025,Semi-monthly residence,,,"-$2,400.00","$44,498.00",0
12/01/2025,Accommodation remittance including tax,,,"-$1,700.00","$23,514.00",1
04/25/2025,Rent payment (primary residence),,,"-$3,000.00","$20,308.00",1
06/20/2024,Quarterly dwelling,,,"-$1,600.00","$37,943.00",0
03/03/2024,Service fee incl. services,,,-$75.00,"$49,324.00",0
10/20/2024,Rent payment ,,,"-$2,550.00","$19,209.00",1
05/15/2024,Maintenance fee + insurance,,,-$50.00,"$39,782.00",0
11/05/2025,Rent payment ,,,"-$1,525.00","$35,562.00",1
12/17/2024,Residential payment 10th recurring,,,"-$1,125.00","$28,062.00",1
08/31/2024,Service fee + tax,,,"-$1,400.00","$43,091.00",0
04/28/2024,Building Management,,,-$600.00,"$35,899.00",0
01/23/2025,Unit payment including maintenance,,,"-$2,400.00","$29,490.00",1
10/22/2024,Residential payment First Monday,,,"$1,950.00","$45,752.00",1
04/09/2024,Residential payment Quarterly,,,"-$1,875.00","$43,733.00",1
12/09/2024,End of month remittance,,,-$125.00,"$31,219.00",0
11/19/2025,Digs payment,,,"-$2,600.00","$12,791.00",1
07/14/2025,Monthly payment to John,,,-$950.00,"$45,924.00",0
12/25/2024,Remittance to Moore,,,-$650.00,"$4,727.00",0
09/05/2025,Residence fee including amenities,,,-$900.00,"$44,017.00",1
04/23/2024,Dwelling disbursement plus fees,,,"-$1,675.00","$5,962.00",1
10/10/2024,Maintenence payment,,,-$850.00,"$5,088.00",0
02/01/2025,Unit fee,,,-$350.00,"$29,873.00",0
05/18/2025,Residential payment 15th auto,,,"-$1,925.00","$8,106.00",1
07/07/2025,Rant remittance,,,-$975.00,"$7,769.00",1
03/15/2024,Where I live payment,,,"-$2,200.00","$10,755.00",1
02/08/2024,Dwelling disbursement plus fees,,,"$1,100.00","$38,659.00",1
06/11/2025,Rent/payment,,,"-$2,425.00","$48,694.00",1
07/07/2025,Housing Associates,,,"-$2,350.00","$24,522.00",1
11/29/2025,Unit fee,,,"-$1,800.00","$24,943.00",0
03/23/2024,FEE - AUTO,,,$750.00,"$44,301.00",0
11/02/2024,Residence fee including amenities,,,"-$1,875.00","$42,470.00",1
07/13/2024,Zelle to Davis,,,-$50.00,"$33,062.00",0
03/05/2024,Maintenence payment,,,-$900.00,"$30,445.00",0
02/07/2024,Building disbursement for residential unit,,,-$775.00,"$43,850.00",1
11/25/2025,SERVICE - AUTO,,,"-$1,400.00","$49,199.00",0
05/15/2025,Premises fee with service charge,,,-$725.00,"$9,554.00",1
06/25/2024,Dwelling disbursement plus fees,,,-$975.00,"$39,734.00",1
04/18/2024,Accommodation disbursement,,,-$825.00,"$49,360.00",1
11/28/2024,Monthly on 15th,,,"-$1,400.00","$14,974.00",0
08/30/2025,ACH to Johnson LLC (Unit 10B),,,"-$1,250.00","$29,748.00",1
08/18/2025,Abode disbursement,,,"-$1,925.00","$32,913.00",1
01/07/2024,Premises maintenance remittance,,,"-$3,000.00","$32,195.00",1
07/30/2024,Place I stay remittance,,,"-$2,625.00","$12,439.00",1
09/02/2025,Facility Solutions,,,-$850.00,"$1,299.00",1
07/15/2024,500 Oak Ave payment,,,"-$1,000.00","$36,371.00",1
04/20/2025,Rent..payment,,,"-$1,350.00","$8,384.00",1
12/02/2025,RENT~MONTHLY,,,"-$2,375.00","$3,825.00",1
10/22/2025,Complex payment for residential unit,,,"-$2,100.00","$30,697.00",1
04/16/2024,Rent-pay ment,,,"-$1,225.00","$32,788.00",1
03/13/2024,RENT~MONTHLY,,,"-$3,050.00","$14,025.00",1
08/23/2024,Maintenence payment,,,"-$2,100.00","$25,610.00",0
03/16/2024,Rent payment (primary residence),,,-$775.00,"$40,939.00",1
07/01/2024,Unit remittance,,,-$800.00,"$18,674.00",0
12/09/2024,Apartment 12C fee,,,-$750.00,"$31,509.00",1
03/04/2025,Property Services LLC,,,-$300.00,"$42,811.00",0
08/14/2025,Residential payment Calendar month,,,"-$1,400.00","$35,194.00",1
08/09/2024,Condo fee,,,"-$2,100.00","$17,164.00",0
12/01/2024,Rent payment ,,,"$2,975.00","$1,332.00",1
02/15/2024,Facility Solutions,,,"-$2,600.00","$46,655.00",0
04/08/2025,Rent payment ,,,"-$2,750.00","$27,648.00",1
05/15/2024,Complex charge for residential unit,,,-$800.00,"$20,977.00",1
12/21/2025,Rent payment (apartment),,,"$2,950.00","$31,393.00",1
12/21/2025,Rent payment (primary residence),,,"-$2,200.00","$5,633.00",1
12/08/2025,Unit fee,,,-$400.00,"$41,140.00",0
12/02/2025,Property management remittance,,,$800.00,"$45,214.00",1
02/22/2024,Real Estate Solutions,,,-$800.00,"$12,486.00",0
07/28/2025,Rant remittance,,,"-$1,100.00","$8,442.00",1
08/17/2025,SERVICE - AUTO,,,-$300.00,"$34,001.00",0
10/10/2024,Real Estate Solutions,,,-$500.00,"$9,041.00",0
12/27/2025,Strata payment,,,-$400.00,"$45,125.00",0
07/11/2024,RENT~MONTHLY,,,-$800.00,"$12,718.00",1
03/19/2024,Payment to Wilson,,,-$125.00,"$14,386.00",0
10/27/2024,Rent payment (apartment),,,"-$2,775.00","$28,533.00",1
10/22/2025,Zelle to Davis,,,"-$1,450.00","$35,053.00",0
02/25/2025,Crib fee,,,"-$1,800.00","$44,637.00",0
04/13/2025,Unit remittance,,,"-$1,550.00","$25,372.00",0
02/18/2024,Remittance to Moore,,,-$800.00,"$11,537.00",0
07/05/2024,Membership Calendar month,,,-$950.00,"$21,750.00",0
03/27/2025,Wire to Thompson (Unit 46A),,,"-$1,750.00","$30,388.00",1
06/30/2025,Unit payment for residential unit,,,"-$1,975.00","$31,018.00",1
06/08/2024,First of month payment,,,"-$1,200.00","$47,232.00",0
04/30/2025,SERVICE - AUTO,,,-$800.00,"$32,390.00",0
05/22/2024,Residence fee including amenities,,,"-$1,600.00","$15,441.00",1
12/31/2024,Recurring transfer to Smith,,,"-$1,600.00","$15,558.00",0
07/19/2024,Unit Management,,,$800.00,"$34,540.00",0
07/18/2024,Apart from rent - maintenance,,,"-$1,600.00","$44,697.00",0
02/11/2025,Bi-weekly housing,,,-$700.00,"$19,654.00",0
12/25/2024,Lease payment,,,"-$2,250.00","$28,237.00",0
10/22/2024,First of month payment,,,-$700.00,"$39,481.00",0
05/27/2024,Facility Solutions,,,"-$2,600.00","$39,710.00",1
03/31/2024,Payment on 1st of month,,,-$350.00,"$47,546.00",0
07/23/2024,Housing Associates (Unit 32A),,,"-$1,700.00","$37,653.00",1
08/17/2024,Monthly payment to John,,,$150.00,"$42,717.00",0
05/07/2024,Maintenance fee + insurance,,,-$200.00,"$17,039.00",0
05/02/2024,Rent-paymnt,,,-$900.00,"$39,080.00",1
08/02/2025,Other than rent - tax,,,"$1,800.00","$8,837.00",0
06/08/2025,Utilitie payment,,,-$750.00,"$31,214.00",0
12/31/2024,Payment to Wilson,,,"-$1,800.00","$35,708.00",1
06/10/2025,Payment on 1st of month (Unit 7C),,,"-$1,300.00","$21,723.00",1
10/04/2024,Maintenance fee + tax,,,"-$1,200.00","$1,845.00",0
06/14/2025,Mid-month transfer,,,"-$1,725.00","$11,128.00",1
07/11/2024,Rent-pay ment,,,"-$2,650.00","$47,023.00",1
03/03/2025,Rent payment ,,,$925.00,"$32,425.00",1
11/15/2024,Service fee + insurance,,,"$1,600.00","$12,285.00",0
01/30/2024,Utilitie payment,,,"-$1,100.00","$21,147.00",0
08/02/2024,Premises maintenance remittance,,,"-$2,050.00","$32,736.00",1
02/13/2024,Recurring transfer to Smith,,,"-$1,000.00","$17,581.00",0
03/08/2024,Unit payment for residential unit,,,$900.00,"$14,461.00",1
07/08/2024,Monthly housing and utilities bundle,,,-$825.00,"$19,178.00",1
12/26/2024,Complex Services,,,"-$1,600.00","$7,494.00",0
06/25/2025,Zelle to Davis,,,"-$1,300.00","$48,536.00",1
08/07/2024,Residential payment Calendar month,,,"-$2,400.00","$13,132.00",1
11/20/2025,Subscription 10th recurring,,,-$600.00,"$27,711.00",0
11/17/2024,Dwelling remittance,,,"-$2,575.00","$24,674.00",1
07/24/2025,Utilitie payment,,,-$450.00,"$30,946.00",0
12/04/2025,Service First Monday,,,"$1,200.00","$29,046.00",0
03/12/2024,RENT~MONTHLY,,,"-$1,825.00","$45,181.00",1
11/19/2025,Building Management,,,"-$1,000.00","$10,395.00",0
02/14/2025,Utility fee incl. services,,,"-$1,350.00","$39,991.00",0
05/05/2024,Residential Services,,,-$900.00,"$39,136.00",0
10/21/2025,Subscription 25th standing,,,"$1,600.00","$34,516.00",0
05/30/2024,Utilitie payment,,,-$125.00,"$42,180.00",0
01/31/2024,Domicile disbursement,,,-$875.00,"$12,737.00",1
09/11/2025,Service fee + insurance,,,"-$1,600.00","$44,324.00",0
04/22/2025,Monthly on 15th,,,-$900.00,"$23,519.00",0
02/02/2024,Residential payment 5th monthly,,,"-$1,975.00","$25,663.00",1
04/15/2025,Wire to Thompson,,,"-$1,200.00","$47,272.00",0
05/18/2025,Rent payment (primary residence),,,"-$1,975.00","$38,280.00",1
11/06/2025,Strata payment,,,"-$1,400.00","$11,243.00",0
02/04/2025,Premises Services,,,"-$1,850.00","$2,844.00",1
05/11/2024,RENT_INVOICE_001,,,"-$2,950.00","$41,970.00",1
01/24/2025,Real Estate Solutions,,,-$500.00,"$17,005.00",0
08/28/2024,Accommodation remittance including tax,,,-$800.00,"$8,501.00",1
06/22/2024,Property Services LLC,,,-$75.00,"$38,227.00",0
09/30/2024,Facility Solutions,,,"-$1,750.00","$26,578.00",0
08/09/2025,Facility Solutions,,,-$125.00,"$33,553.00",0
06/19/2024,Maintenance fee + insurance,,,-$250.00,"$5,936.00",0
10/21/2024,Remittance to Moore,,,"-$1,925.00","$7,026.00",1
08/29/2025,Unit charge for residential unit,,,"-$3,050.00","$14,745.00",1
03/19/2024,Maintenance fee incl. services,,,-$400.00,"$14,112.00",0
02/15/2025,Complex Services,,,-$800.00,"$2,219.00",0
08/13/2025,Rent payment (apartment),,,"$2,250.00","$35,912.00",1
08/02/2025,Utilitie payment,,,"-$1,000.00","$16,753.00",0
12/02/2025,R3nt fee,,,"-$2,100.00","$5,222.00",1
02/26/2025,Remittance to Moore,,,"-$1,600.00","$16,629.00",1
06/02/2024,Transfer to Miller,,,"-$1,675.00","$29,582.00",1
10/24/2025,Service 15th auto,,,"-$1,550.00","$19,204.00",0
10/21/2025,RENT~MONTHLY,,,-$600.00,"$6,500.00",1
09/08/2025,ACH to Johnson LLC,,,-$700.00,"$6,918.00",0
05/23/2024,Premises Services,,,"-$1,000.00","$39,038.00",0
05/23/2025,SERVICE - AUTO,,,-$125.00,"$39,294.00",0
08/29/2024,Service 15th auto,,,"-$1,550.00","$17,666.00",0
05/17/2025,Spot payment,,,-$950.00,"$32,120.00",1
10/11/2024,RENT PAYMENT (MONTHLY),,,"-$1,875.00","$21,196.00",1
10/22/2025,Residential payment Semi-monthly,,,-$700.00,"$45,013.00",1
09/16/2024,Rental payment,,,"-$1,800.00","$16,491.00",1
02/01/2025,Housing Associates,,,$350.00,"$16,431.00",0
08/03/2024,SERVICE - RECURRING,,,"-$1,800.00","$43,233.00",0
02/04/2024,ACH to Johnson LLC,,,-$900.00,"$22,805.00",0
04/12/2024,FEE - AUTO,,,-$100.00,"$36,895.00",0
04/09/2025,Utility fee incl. services,,,"-$2,250.00","$9,918.00",0
02/14/2025,Remittance to Moore,,,-$800.00,"$34,840.00",1
08/31/2025,Habitation remittance with utilities,,,"-$2,275.00","$9,749.00",1
06/26/2024,Maintenance fee + insurance,,,"-$1,850.00","$25,728.00",0
01/22/2024,Residential payment Bi-weekly,,,"$1,400.00","$13,993.00",1
12/19/2025,UTILITY - RECURRING,,,"-$1,600.00","$6,836.00",0
06/23/2024,Service 5th monthly,,,"$1,000.00","$30,734.00",0
05/01/2024,Zelle to Davis,,,-$250.00,"$18,445.00",0
05/21/2025,Property remittance,,,$250.00,"$19,544.00",0
03/04/2025,End of month remittance (Unit 19B),,,"-$1,500.00","$17,273.00",1
08/19/2025,HOA fee + tax,,,-$50.00,"$46,417.00",0
12/04/2025,Housing Associates,,,-$700.00,"$7,244.00",0
02/23/2024,Complex charge for residential unit,,,"$2,400.00","$44,960.00",1
01/06/2024,Domicile Solutions,,,"-$1,950.00","$37,671.00",1
08/17/2025,Wire to Thompson,,,"-$1,775.00","$21,795.00",1
05/25/2024,Property Services LLC,,,-$75.00,"$19,415.00",0
03/16/2025,Semi-monthly residence,,,-$350.00,"$18,285.00",0
03/22/2025,FEE - AUTO,,,-$900.00,"$44,084.00",0
02/24/2024,Recurring transfer to Smith,,,"-$2,400.00","$47,265.00",0
03/22/2025,Semi-monthly residence,,,"$1,850.00","$37,756.00",0
04/13/2025,Excluding rent - HOA,,,-$125.00,"$19,619.00",0
06/21/2024,Rent (missed auto),,,"-$3,050.00","$1,270.00",1
03/02/2025,Residential payment 15th auto,,,"-$2,350.00","$2,701.00",1
11/28/2025,Subscription 5th monthly,,,$500.00,"$22,203.00",0
01/30/2024,Invoice: RESIDENCE,,,"-$2,250.00","$1,380.00",1
02/14/2024,HOA fee + insurance,,,-$750.00,"$19,543.00",0
02/26/2024,Subscripton payment,,,-$100.00,"$27,143.00",0
01/22/2024,RENT PAYMENT (MONTHLY),,,"-$1,975.00","$43,864.00",1
05/03/2024,End of month remittance,,,"-$1,700.00","$44,615.00",1
01/11/2025,Condo fee,,,"-$2,275.00","$37,900.00",1
04/02/2024,Maintenence payment,,,"-$2,100.00","$34,642.00",0
04/19/2025,Service fee + insurance,,,"-$1,000.00","$20,051.00",0
03/23/2025,End of month remittance,,,$900.00,"$45,847.00",0
09/11/2024,Rental payment,,,$850.00,"$34,647.00",0
06/06/2025,Rent payment ,,,"-$2,300.00","$24,295.00",1
08/22/2025,Complex Services,,,"-$2,250.00","$12,941.00",0
02/16/2024,Semi-monthly residence,,,-$400.00,"$44,926.00",0
09/30/2025,FEE - MONTHLY,,,"-$1,550.00","$7,968.00",0
07/01/2025,Housing Associates,,,"-$2,400.00","$27,548.00",0
11/06/2024,Maintenance fee incl. services,,,-$600.00,"$9,854.00",0
07/14/2024,Tenancy remittance,,,"-$1,300.00","$43,508.00",1
10/27/2025,Periodic 30th payment,,,"-$2,775.00","$31,371.00",1
04/30/2025,Rent payment ,,,"-$1,225.00","$30,180.00",1
04/27/2025,Building Management,,,"-$1,400.00","$26,672.00",0
12/07/2024,Invoice #APT2024-001,,,"-$2,125.00","$40,048.00",1
02/07/2024,Independent of rent - repair,,,"-$1,000.00","$45,477.00",0
08/25/2024,Utilitie payment,,,-$700.00,"$18,553.00",0
04/29/2025,Domicile Solutions,,,"-$1,800.00","$2,363.00",0
10/21/2024,Rent-paymnt,,,"-$1,875.00","$15,398.00",1
09/08/2025,CHARGE - MONTHLY,,,-$400.00,"$28,319.00",0
04/28/2025,Servise payment,,,"-$1,600.00","$6,648.00",0
05/12/2024,Wire to Thompson,,,"-$1,600.00","$33,356.00",0
08/28/2024,Recurring transfer to Smith,,,-$50.00,"$45,363.00",0
06/27/2024,RENT|AUTO,,,-$700.00,"$8,469.00",1
05/03/2024,Condo fee,,,"-$1,550.00","$4,058.00",1
06/03/2024,UTILITY - AUTO,,,-$75.00,"$30,958.00",0
04/18/2024,Rent(payment),,,"-$1,000.00","$7,908.00",1
10/07/2025,Residential facility fee,,,"-$1,825.00","$47,410.00",1
06/02/2025,Non-rent housing expense,,,-$150.00,"$10,029.00",0
07/25/2024,Rent payment (primary residence),,,-$625.00,"$32,042.00",1
10/20/2024,Tenancy payment,,,-$350.00,"$24,635.00",0
06/04/2024,Rent-pay ment,,,"-$2,075.00","$29,103.00",1
02/23/2025,FEE - MONTHLY,,,-$650.00,"$34,904.00",0
03/27/2024,Property fee for residential unit,,,"-$1,275.00","$3,430.00",1
08/11/2025,500 Oak Ave payment,,,"-$1,675.00","$45,621.00",1
11/17/2024,Subscription 1st of month,,,"-$1,000.00","$27,472.00",0
10/21/2025,Unit Management,,,"-$1,600.00","$46,709.00",0
10/26/2025,Besides rent - insurance,,,"-$2,800.00","$48,520.00",0
06/16/2025,Residential payment 20th periodic,,,"-$1,300.00","$21,463.00",1
10/12/2025,Monthly payment to John,,,"-$1,200.00","$20,919.00",0
06/01/2025,Recurring transfer to Smith,,,-$500.00,"$9,114.00",0
10/28/2025,Residential payment First Monday,,,"-$1,700.00","$30,697.00",1
08/29/2024,SERVICE - RECURRING,,,-$400.00,"$47,848.00",0
01/21/2025,Digs payment,,,-$950.00,"$13,619.00",1
04/10/2025,Recurring 1st week,,,-$700.00,"$5,075.00",0
05/13/2024,Independent of rent - repair,,,-$100.00,"$39,550.00",0
09/27/2024,Crib fee,,,-$700.00,"$33,082.00",0
06/15/2024,Debit to Anderson,,,-$900.00,"$47,171.00",0
12/12/2025,Facility Solutions (Unit 11C),,,"-$1,800.00","$27,779.00",1
05/03/2024,Building fee for residential unit,,,-$800.00,"$25,344.00",1
01/18/2025,Lease fee,,,-$50.00,"$39,641.00",0
02/19/2024,Subscription 20th periodic,,,"-$2,400.00","$36,883.00",0
03/10/2024,CHARGE - RECURRING,,,"-$1,400.00","$23,139.00",0
05/01/2025,SERVICE - MONTHLY,,,"-$1,000.00","$44,726.00",0
06/01/2024,FEE - MONTHLY,,,"-$1,600.00","$16,258.00",0
12/13/2024,Crib fee,,,-$800.00,"$11,853.00",0
08/08/2025,Dwelling disbursement plus fees,,,"-$2,750.00","$6,580.00",1
09/25/2025,Place remittance,,,-$800.00,"$32,184.00",1
05/03/2024,Abode payment plus insurance,,,"-$1,200.00","$14,487.00",1
12/23/2025,RENT>>PAYMENT,,,"-$2,200.00","$40,770.00",1
02/15/2025,Condo fee,,,-$50.00,"$2,576.00",0
01/26/2025,Check #1234 for monthly,,,-$125.00,"$12,971.00",0
04/01/2024,Residential Services,,,"-$1,750.00","$47,746.00",0
11/01/2024,Building disbursement for residential unit,,,"-$1,125.00","$17,903.00",1
05/03/2024,Transfer to Miller,,,"-$1,600.00","$34,057.00",0
04/27/2024,Property Services LLC,,,-$800.00,"$2,894.00",0
10/10/2025,Semi-monthly residence,,,$50.00,"$45,243.00",0
09/09/2024,Rent..payment,,,"-$1,100.00","$30,227.00",1
10/13/2025,Place remittance,,,"-$1,100.00","$12,022.00",1
07/04/2025,Residential payment Bi-weekly,,,"-$2,200.00","$31,451.00",1
10/30/2025,Service 1st of month,,,-$900.00,"$45,564.00",0
12/25/2024,SERVICE - AUTO,,,"-$1,000.00","$36,002.00",0
11/03/2024,Dwelling remittance,,,"$1,150.00","$29,309.00",1
09/17/2025,Place remittance,,,"-$1,750.00","$47,383.00",1
10/06/2024,Property Services LLC,,,$450.00,"$22,525.00",0
12/09/2025,Lease obligation payment,,,"$2,350.00","$45,086.00",1
02/27/2025,Spot payment,,,"-$2,425.00","$43,539.00",1
07/05/2025,Ref: RES-UNIT-5B,,,$950.00,"$25,666.00",1
01/31/2025,Mid-month transfer,,,"$1,850.00","$30,135.00",0
08/14/2024,Rent/payment,,,"-$1,550.00","$41,202.00",1
08/14/2024,Facility Solutions,,,"$2,400.00","$47,331.00",0
01/08/2024,Periodic 30th payment,,,-$950.00,"$33,375.00",1
07/19/2025,First of month payment,,,"-$2,975.00","$9,404.00",1
05/10/2024,Premises Services,,,"-$2,600.00","$45,432.00",1
12/10/2025,Accommodation remittance including tax,,,"-$1,600.00","$1,128.00",1
10/18/2025,Utility fee + insurance,,,-$700.00,"$8,976.00",0
05/22/2025,Unit fee,,,"-$2,100.00","$21,725.00",0
02/05/2025,ACH to Johnson LLC,,,$625.00,"$28,775.00",1
09/12/2024,Property Services LLC,,,-$900.00,"$2,574.00",1
09/13/2024,Facility Solutions,,,-$300.00,"$22,862.00",0
03/15/2024,Rent(payment),,,"-$2,200.00","$38,941.00",1
03/28/2024,Residential payment 1st of month,,,"-$1,950.00","$46,440.00",1
05/10/2024,Ref: RES-UNIT-5B,,,-$750.00,"$29,301.00",1
04/14/2024,Abode payment plus insurance,,,-$750.00,"$27,324.00",1
09/24/2025,Rant remittance,,,-$675.00,"$29,056.00",1
12/13/2024,Monthly housing and utilities bundle,,,"-$2,300.00","$13,614.00",1
04/15/2024,Habitation remittance,,,"$2,975.00","$9,256.00",1
12/29/2024,Apart from rent - maintenance,,,"-$1,100.00","$4,964.00",0
11/15/2024,Strata payment,,,"-$1,850.00","$36,464.00",1
05/30/2024,Rent payment (apartment),,,"-$1,750.00","$1,529.00",1
02/28/2024,Periodic 30th payment,,,-$775.00,"$14,131.00",1
03/11/2024,Lease fee for residential unit,,,"-$2,300.00","$38,906.00",1
09/22/2025,Property Services LLC,,,-$750.00,"$1,242.00",0
12/10/2025,Domicile Solutions (Unit 31C),,,"-$1,775.00","$13,074.00",1
01/06/2025,Real estate management fee,,,-$700.00,"$20,043.00",1
07/18/2024,Maintenance fee + tax,,,"-$1,650.00","$18,170.00",0
12/13/2024,RENT - DO NOT DELETE,,,"-$1,225.00","$18,156.00",1
01/22/2024,RENT PAYMENT (MONTHLY),,,"-$1,900.00","$14,778.00",1
04/12/2025,End of month remittance,,,$500.00,"$41,842.00",0
12/29/2025,Debit to Anderson,,,-$150.00,"$25,785.00",0
11/21/2024,Crib fee,,,-$300.00,"$39,490.00",0
07/02/2025,Debit to Anderson,,,-$750.00,"$34,309.00",1
08/02/2024,Subscripton payment,,,"-$2,600.00","$43,275.00",0
05/25/2025,Lodgings remittance,,,-$450.00,"$32,673.00",0
04/30/2025,Housing Associates,,,"-$1,800.00","$3,398.00",0
08/12/2024,RENT~MONTHLY,,,"-$1,475.00","$28,854.00",1
08/08/2025,Periodic 30th payment,,,-$500.00,"$6,506.00",0
03/31/2025,Digs payment,,,"-$2,600.00","$28,925.00",0
04/23/2025,Additional to rent - fee,,,-$900.00,"$12,768.00",0
08/27/2024,ACH to Johnson LLC,,,-$500.00,"$33,883.00",0
10/10/2024,Residential payment 5th monthly,,,-$900.00,"$36,784.00",1
12/07/2024,Property Services LLC (Unit 48C),,,"-$1,525.00","$10,035.00",1
01/09/2024,Maintenence payment,,,-$500.00,"$27,591.00",0
04/28/2025,Apartment payment + parking,,,"-$1,925.00","$14,754.00",1
08/27/2024,Place remittance,,,"-$1,200.00","$31,238.00",0
03/28/2024,Complex payment,,,-$700.00,"$14,735.00",0
04/05/2025,UTILITY - RECURRING,,,-$150.00,"$49,352.00",0
05/26/2025,RENT_INVOICE_001,,,"-$1,725.00","$45,942.00",1
12/08/2025,Flat fee,,,$750.00,"$11,072.00",0
08/04/2025,HOA fee + insurance,,,-$250.00,"$26,325.00",0
05/01/2025,Apartment 12C fee,,,"-$2,250.00","$7,836.00",1
02/02/2024,RENT>>PAYMENT,,,"-$2,350.00","$5,554.00",1
10/17/2024,Remittance to Moore,,,-$750.00,"$1,723.00",0
11/30/2024,RENT-RECURRING,,,"$1,925.00","$9,463.00",1
05/04/2025,Subscripton payment,,,"-$1,350.00","$47,509.00",0
06/11/2024,Maintenance fee incl. services,,,-$250.00,"$19,051.00",0
01/08/2024,Residential payment First Monday,,,-$875.00,"$17,176.00",1
08/05/2025,CHARGE - RECURRING,,,-$850.00,"$30,904.00",0
12/18/2025,FEE - RECURRING,,,"-$1,600.00","$28,200.00",0
07/02/2024,RENT-RECURRING,,,"$2,275.00","$13,022.00",1
02/06/2025,Monthly housing and utilities bundle,,,"-$1,425.00","$42,162.00",1
11/13/2025,Membership Every 30 days,,,-$250.00,"$37,229.00",0
01/12/2025,Abode disbursement,,,"-$2,600.00","$11,802.00",1
07/31/2024,Condo fee,,,"-$2,250.00","$49,887.00",0
07/18/2024,Unit payment,,,"-$1,100.00","$31,424.00",0
04/17/2025,Unit Management,,,-$300.00,"$31,853.00",0
06/14/2024,Monthly payment to John,,,"-$1,650.00","$49,591.00",0
06/21/2024,Mid-month transfer,,,-$50.00,"$24,467.00",0
08/09/2024,Rent..payment,,,"-$2,775.00","$4,129.00",1
02/03/2025,Premises fee with service charge,,,-$800.00,"$25,732.00",1
09/12/2024,Complex charge for residential unit,,,"-$1,300.00","$2,831.00",1
12/11/2024,RENT: UNIT 304,,,"-$1,400.00","$44,523.00",1
06/20/2024,123 Main St monthly,,,-$950.00,"$42,077.00",1
10/01/2025,Unit Management,,,"-$2,050.00","$7,939.00",1
11/27/2024,Housing Associates,,,"-$1,800.00","$31,066.00",0
03/08/2024,Dwelling disbursement plus fees,,,"-$1,800.00","$15,323.00",1
11/04/2024,Subscripton payment,,,-$125.00,"$38,303.00",0
09/14/2024,Residential payment Semi-monthly,,,"-$1,775.00","$46,463.00",1
12/06/2024,Mid-month transfer,,,"-$1,775.00","$2,156.00",1
01/26/2025,Spot payment,,,-$300.00,"$1,871.00",0
01/22/2024,Residence fee including amenities,,,"-$1,625.00","$16,961.00",1
03/02/2024,Remittance: DWELLING,,,"-$1,625.00","$14,394.00",1
08/31/2024,Residential payment Semi-monthly,,,"-$2,250.00","$21,810.00",1
06/17/2025,R3nt fee,,,"-$1,600.00","$49,029.00",1
12/16/2024,Unit Management,,,-$75.00,"$17,275.00",0
09/14/2025,RENT|AUTO,,,"-$1,725.00","$1,396.00",1
05/18/2025,Housing allocation payment,,,$725.00,"$9,228.00",1
06/26/2024,Place remittance,,,"-$1,325.00","$28,934.00",1
11/14/2024,Zelle to Davis,,,-$300.00,"$20,864.00",0
08/13/2025,Besides rent - insurance,,,-$350.00,"$24,565.00",0
01/21/2025,Building Management,,,-$700.00,"$11,215.00",0
01/21/2024,Subscripton payment,,,$100.00,"$40,005.00",0
07/20/2025,Rent (missed auto),,,"-$1,975.00","$19,561.00",1
07/29/2025,Utility fee + insurance,,,-$150.00,"$13,427.00",0
01/14/2024,RENT_INVOICE_001,,,"$2,425.00","$26,863.00",1
01/28/2025,Apart from rent - maintenance,,,-$100.00,"$9,157.00",0
08/02/2025,Mid-month transfer,,,-$700.00,"$48,333.00",0
06/05/2025,Maintenence payment,,,$75.00,"$49,212.00",0
09/05/2024,Rent payment (primary residence),,,-$625.00,"$30,849.00",1
09/17/2024,Premises Services,,,"-$1,200.00","$7,049.00",1
02/11/2025,Utilitie payment,,,"-$1,000.00","$11,867.00",0
09/15/2024,HOA fee incl. services,,,-$400.00,"$48,687.00",0
04/21/2024,Habitation remittance with utilities,,,"-$1,100.00","$27,081.00",1
01/07/2024,Subscription Calendar month,,,"-$2,100.00","$43,894.00",0
03/17/2025,Real Estate Solutions,,,-$200.00,"$12,926.00",0
04/06/2025,Digs payment,,,"-$1,225.00","$12,975.00",1
09/22/2024,Residential payment Calendar month,,,"-$2,125.00","$41,922.00",1
10/13/2025,Remittance to Moore (Unit 8B),,,-$850.00,"$16,386.00",1
05/11/2025,Utility fee + tax,,,$75.00,"$44,602.00",0
04/09/2024,End of month remittance (Unit 39C),,,"-$1,575.00","$23,087.00",1
12/10/2024,Building disbursement,,,$450.00,"$44,586.00",0
01/22/2025,Maintenance fee + insurance,,,"-$1,950.00","$10,100.00",0
09/08/2025,500 Oak Ave payment,,,"-$1,525.00","$41,524.00",1
06/11/2025,Besides rent - insurance,,,$50.00,"$22,114.00",0
10/10/2025,Unit fee for residential unit,,,"-$1,775.00","$32,754.00",1
09/19/2025,Maintenence payment,,,$700.00,"$32,203.00",0
01/29/2025,Zelle to Davis,,,"-$2,650.00","$47,967.00",1
05/10/2024,Rent payment ,,,"$1,700.00","$31,592.00",1
04/01/2025,Residential payment First Monday,,,"-$2,775.00","$12,169.00",1
04/18/2024,Rent payment (apartment),,,$625.00,"$22,397.00",1
10/14/2024,Payment to Wilson,,,-$900.00,"$44,612.00",0
07/01/2025,Premises fee with service charge,,,-$850.00,"$38,746.00",1
10/21/2025,Property fee for residential unit,,,"-$2,825.00","$15,650.00",1
04/28/2024,Check #1234 for monthly,,,-$100.00,"$13,331.00",0
08/09/2025,Building disbursement for residential unit,,,"-$2,000.00","$21,368.00",1
08/27/2025,Unit letting,,,"-$2,100.00","$45,518.00",1
06/16/2025,Accommodation remittance including tax,,,"-$1,400.00","$36,277.00",1
11/19/2024,Remittance to Moore,,,-$300.00,"$40,417.00",0
05/29/2024,Utilitie payment,,,"-$1,600.00","$46,128.00",0
10/07/2024,Residential payment Every 30 days,,,"-$3,025.00","$15,136.00",1
10/25/2024,Subscripton payment,,,-$75.00,"$47,973.00",0
08/18/2024,Rnet payment,,,"-$1,275.00","$20,601.00",1
01/23/2024,Flat fee,,,"$2,125.00","$26,648.00",1
03/14/2024,Rental payment,,,-$400.00,"$36,914.00",0
04/09/2024,Mid-month transfer,,,"-$1,400.00","$47,503.00",0
04/13/2025,Service fee + insurance,,,-$900.00,"$15,295.00",0
10/28/2025,Apartment 12C fee,,,-$925.00,"$28,991.00",1
02/27/2024,Invoice: RESIDENCE,,,"-$1,200.00","$34,779.00",1
08/30/2025,Excluding rent - HOA,,,"-$1,800.00","$8,785.00",0
02/10/2025,Rent payment (apartment),,,"-$1,275.00","$44,957.00",1
04/19/2025,RENT-RECURRING,,,"-$1,575.00","$8,864.00",1
03/25/2024,123 Main St monthly,,,"-$1,400.00","$38,527.00",1
10/07/2024,Utility fee incl. services,,,$200.00,"$47,054.00",0
11/01/2024,Tenancy payment,,,"-$2,800.00","$46,923.00",0
02/07/2025,Strata payment,,,"-$2,625.00","$39,320.00",1
07/31/2024,Residential payment 5th monthly,,,"-$1,300.00","$1,348.00",1
11/17/2024,Debit to Anderson,,,"-$1,400.00","$37,863.00",0
02/05/2024,Check #1234 for monthly,,,"$1,000.00","$12,246.00",0
11/04/2025,Remittance to Moore,,,-$75.00,"$20,228.00",0
05/23/2024,Spot payment,,,$450.00,"$24,076.00",0
12/05/2025,Residential occupancy fee,,,"-$1,400.00","$20,641.00",1
05/17/2024,Rent with included services,,,"-$3,000.00","$48,782.00",1
03/17/2024,Rental payment,,,-$600.00,"$30,888.00",0
09/17/2024,Apartment payment + parking,,,"-$2,775.00","$49,016.00",1
10/10/2025,Service fee incl. services,,,-$500.00,"$34,516.00",0
03/05/2025,RENT_INVOICE_001,,,"-$2,125.00","$40,558.00",1
03/20/2024,Unit Management (Unit 36B),,,-$850.00,"$24,777.00",1
10/06/2024,End of month remittance,,,-$300.00,"$15,563.00",0
04/17/2024,Utilitie payment,,,-$200.00,"$39,589.00",0
04/07/2024,Spot payment,,,"-$1,400.00","$40,810.00",0
02/19/2024,Mid-month transfer,,,"-$1,900.00","$27,388.00",1
08/29/2025,Monthly payment to John,,,"-$1,000.00","$10,350.00",0
08/04/2025,Utilitie payment,,,"-$1,800.00","$17,325.00",0
12/24/2025,Independent of rent - repair,,,-$500.00,"$19,076.00",0
06/17/2025,Service Calendar month,,,-$400.00,"$21,031.00",0
11/16/2024,UTILITY - MONTHLY,,,-$300.00,"$4,762.00",0
10/19/2024,Condo fee,,,-$675.00,"$48,893.00",1
05/06/2025,Rent payment (apartment),,,"-$2,750.00","$41,388.00",1
01/08/2024,Rent ;payment,,,"-$2,800.00","$49,429.00",1
09/13/2025,Rent payment ,,,"-$2,575.00","$25,055.00",1
06/10/2025,Unit fee for residential unit,,,"-$2,125.00","$25,463.00",1
12/12/2024,Residential payment 15th auto,,,"-$2,750.00","$32,662.00",1
09/28/2024,First of month payment,,,"-$1,800.00","$20,976.00",0
04/19/2025,RENT~MONTHLY,,,-$750.00,"$31,169.00",1
11/01/2024,Unit payment,,,-$500.00,"$24,234.00",0
04/13/2024,Rent payment ,,,-$900.00,"$11,073.00",1
05/06/2024,Service 1st of month,,,-$350.00,"$20,613.00",0
03/14/2025,FEE - MONTHLY,,,-$800.00,"$10,166.00",0
03/20/2025,Semi-monthly residence,,,"-$1,650.00","$26,856.00",0
12/05/2024,Membership 10th recurring,,,$250.00,"$18,419.00",0
03/07/2025,Rent payment (primary residence),,,"-$1,100.00","$27,206.00",1
05/14/2024,Check #1234 for monthly,,,"-$1,850.00","$45,855.00",0
02/23/2024,Habitation remittance with utilities,,,"-$2,150.00","$29,464.00",1
10/23/2024,ACH to Johnson LLC,,,-$700.00,"$34,504.00",0
09/12/2024,Check #1234 for monthly,,,"-$1,475.00","$47,298.00",1
12/18/2025,Rent(payment),,,"$1,225.00","$39,744.00",1
08/22/2024,Complex management remittance,,,$750.00,"$10,581.00",1
01/19/2024,Utility fee + tax,,,-$600.00,"$42,504.00",0
08/15/2024,Lease fee for residential unit,,,-$800.00,"$4,385.00",1
04/22/2024,Payment to Wilson,,,-$500.00,"$4,116.00",0
02/11/2024,My unit disbursement,,,"-$1,350.00","$40,749.00",1
03/17/2025,Facility Solutions,,,"-$1,600.00","$1,895.00",1
12/05/2024,Property payment for residential unit,,,"-$3,050.00","$16,614.00",1
08/03/2024,Tenancy payment,,,-$950.00,"$43,883.00",0
07/16/2024,Rant fee,,,-$900.00,"$20,757.00",1
07/25/2024,Lodgings remittance,,,"-$2,100.00","$17,549.00",0
01/09/2025,Non-rent housing expense,,,"-$2,100.00","$34,021.00",0
06/19/2024,Spot payment,,,"-$1,100.00","$38,104.00",1
12/11/2025,Periodic 30th payment,,,"$2,850.00","$11,847.00",1
06/05/2025,Property fee,,,-$600.00,"$1,235.00",0
08/08/2025,Recurring 1st week (Unit 33B),,,"-$2,650.00","$15,439.00",1
12/26/2025,Check #1234 for monthly,,,-$200.00,"$20,126.00",0
10/16/2025,Place I stay remittance,,,"-$1,100.00","$4,376.00",1
08/03/2024,Letting fee,,,"$1,900.00","$22,270.00",1
12/23/2025,RENT #2024-001,,,"-$1,125.00","$20,326.00",1
02/28/2024,Utility fee + insurance,,,-$300.00,"$17,776.00",0
07/04/2025,Accommodation remittance including tax,,,$975.00,"$17,865.00",1
03/28/2025,Payment to Wilson (Unit 41B),,,"-$1,125.00","$48,597.00",1
01/12/2025,Facility Solutions,,,-$100.00,"$12,541.00",0
08/06/2025,Rent payment (apartment),,,"-$1,250.00","$11,677.00",1
02/07/2025,Rent with included services,,,-$825.00,"$17,072.00",1
10/22/2025,Membership 5th monthly,,,-$650.00,"$25,764.00",0
01/22/2024,Monthly payment to John,,,"-$1,800.00","$6,478.00",0
05/26/2024,Service Semi-monthly,,,-$50.00,"$49,243.00",0
12/25/2025,Debit to Anderson,,,-$900.00,"$11,691.00",0
12/05/2024,Besides rent - insurance,,,-$75.00,"$36,626.00",0
01/22/2024,RENT: UNIT 304,,,"-$2,800.00","$28,216.00",1
01/02/2024,Residential payment 1st of month,,,"-$1,475.00","$24,154.00",1
08/19/2024,Subscription Quarterly,,,$125.00,"$15,714.00",0
10/15/2024,Building disbursement for residential unit,,,$950.00,"$6,557.00",1
09/11/2025,Residential Services,,,"-$1,275.00","$44,730.00",1
10/01/2025,FEE - MONTHLY,,,-$350.00,"$18,393.00",0
01/03/2024,RENT PAYMENT (MONTHLY),,,"-$1,100.00","$30,274.00",1
03/09/2024,Residential Services,,,"$1,750.00","$12,919.00",0
12/27/2024,Property remittance,,,-$900.00,"$42,720.00",0
05/21/2024,SERVICE - RECURRING,,,-$700.00,"$33,283.00",0
01/28/2025,Facility management disbursement,,,"-$2,650.00","$15,374.00",1
08/28/2024,Complex payment for residential unit,,,-$650.00,"$9,755.00",1
03/02/2024,Residential payment 25th standing,,,"-$1,100.00","$37,143.00",1
09/05/2024,Transfer to Miller,,,-$75.00,"$46,598.00",0
01/21/2025,Rent ;payment,,,"-$2,100.00","$7,947.00",1
05/03/2025,RENT PAYMENT (MONTHLY),,,-$625.00,"$6,176.00",1
03/19/2024,Facility management disbursement,,,"-$1,075.00","$10,182.00",1
04/26/2025,Additional to rent - fee,,,-$800.00,"$19,793.00",0
06/08/2024,Residential occupancy fee,,,"-$1,300.00","$26,977.00",1
11/27/2025,Membership First Monday,,,-$350.00,"$47,488.00",0
03/09/2025,Residential payment 20th periodic,,,-$900.00,"$9,200.00",1
02/14/2025,Rent with included services,,,"-$1,925.00","$37,653.00",1
12/10/2025,Rent payment (primary residence),,,"-$1,975.00","$25,345.00",1
07/18/2024,Check #1234 for monthly,,,-$100.00,"$22,985.00",0
09/02/2024,Unit Management (Unit 14C),,,-$650.00,"$14,220.00",1
09/03/2024,Premises Services,,,"-$3,025.00","$21,616.00",1
11/12/2024,Real estate management fee,,,"-$1,675.00","$21,609.00",1
12/30/2024,Membership Every 30 days,,,-$125.00,"$34,002.00",0
05/29/2025,RENT PAYMENT (MONTHLY),,,-$700.00,"$32,257.00",1
10/24/2024,Monthly on 15th,,,-$825.00,"$45,660.00",1
06/13/2024,Residential payment Bi-weekly,,,"-$2,650.00","$23,374.00",1
05/14/2024,Property payment,,,"-$1,600.00","$47,711.00",0
09/01/2024,Domicile Solutions,,,"-$1,100.00","$33,605.00",0
01/16/2024,My house monthly,,,"-$2,750.00","$30,806.00",1
06/22/2024,Service 10th recurring,,,-$350.00,"$5,661.00",0
12/28/2025,Rent (missed auto),,,"-$2,400.00","$29,969.00",1
05/06/2024,Residential payment First Monday,,,-$750.00,"$27,275.00",1
09/26/2025,Subscription 10th recurring,,,-$500.00,"$21,555.00",0
03/26/2024,HOA fee + insurance,,,-$75.00,"$49,564.00",0
12/17/2025,RENT - APT 5B,,,"-$1,050.00","$11,368.00",1
03/15/2024,Bi-weekly housing,,,-$800.00,"$31,702.00",0
04/21/2024,First of month payment,,,$125.00,"$29,384.00",0
02/15/2025,Building disbursement for residential unit,,,"-$1,800.00","$47,025.00",1
04/27/2024,Recurring transfer to Smith,,,"-$2,400.00","$14,989.00",0
08/04/2025,Domicile Solutions,,,"-$1,850.00","$32,025.00",0
02/25/2024,Monthly payment to John,,,"-$2,100.00","$12,541.00",1
05/25/2024,Complex management remittance,,,-$850.00,"$30,584.00",1
06/21/2025,Semi-monthly residence,,,-$750.00,"$29,084.00",0
10/31/2024,Real Estate Solutions,,,-$700.00,"$11,530.00",0
12/29/2024,Subscription Semi-monthly,,,-$50.00,"$14,012.00",0
11/14/2025,Lodgings remittance,,,"-$1,750.00","$31,058.00",1
05/26/2025,RENT: UNIT 304,,,"-$2,100.00","$1,240.00",1
05/08/2024,Utility fee + tax,,,-$250.00,"$46,642.00",0
09/07/2025,Property payment for residential unit,,,"$1,325.00","$38,803.00",1
01/14/2025,RENT - APT 5B,,,"-$1,650.00","$9,175.00",1
10/26/2025,Subscription Last day,,,-$500.00,"$35,286.00",0
04/26/2024,Subscription First Monday,,,"-$1,250.00","$26,006.00",0
11/06/2025,HOA fee incl. services,,,$400.00,"$7,502.00",0
04/16/2024,Tenancy remittance,,,"-$2,050.00","$41,883.00",1
10/10/2025,Rent payment (apartment),,,-$750.00,"$14,885.00",1
04/10/2025,Tenancy payment,,,"$1,375.00","$23,977.00",1
02/26/2025,Membership Quarterly,,,"-$1,850.00","$34,263.00",0
10/01/2024,FEE - RECURRING,,,-$700.00,"$28,168.00",0
01/16/2024,Landlord services payment,,,"-$2,650.00","$12,168.00",1
09/04/2024,Unit letting,,,-$250.00,"$4,380.00",0
05/11/2024,Membership Last day,,,-$200.00,"$11,383.00",0
08/24/2024,End of month remittance,,,-$150.00,"$26,690.00",0
07/20/2025,Property Services LLC,,,-$650.00,"$42,215.00",0
01/29/2024,Abode payment plus insurance,,,-$900.00,"$49,649.00",1
04/09/2025,Habitation remittance with utilities,,,"-$1,225.00","$15,532.00",1
07/17/2024,Digs payment,,,-$600.00,"$19,020.00",0
05/27/2024,Accommodation remittance including tax,,,-$900.00,"$40,052.00",1
04/19/2024,Where I live payment,,,"-$1,200.00","$24,684.00",1
02/04/2025,Tenancy remittance,,,"-$2,050.00","$42,004.00",1
08/03/2024,Unit payment including maintenance,,,"-$1,775.00","$12,783.00",1
01/11/2024,Membership Quarterly,,,"-$1,800.00","$23,466.00",0
05/10/2025,Membership Semi-monthly,,,"$1,550.00","$13,638.00",0
07/02/2025,123 Main St monthly,,,"-$1,075.00","$8,522.00",1
01/31/2024,Complex charge for residential unit,,,-$825.00,"$32,560.00",1
04/04/2024,Building fee for residential unit,,,"-$2,275.00","$27,210.00",1
09/13/2024,Monthly on 15th,,,"-$1,575.00","$39,507.00",1
06/18/2024,Subscripton payment,,,-$700.00,"$49,960.00",0
11/22/2024,HOA fee + insurance,,,-$250.00,"$42,464.00",0
04/05/2025,Recurring transfer to Smith,,,"-$1,600.00","$40,576.00",1
02/11/2025,Wire to Thompson,,,-$450.00,"$17,077.00",0
08/08/2024,Habitation remittance with utilities,,,"-$1,100.00","$21,879.00",1
12/02/2024,Premises Services,,,"-$1,500.00","$19,586.00",1
06/23/2025,Unit Management (Unit 39C),,,-$900.00,"$28,639.00",1
11/21/2024,SERVICE - MONTHLY,,,-$75.00,"$18,984.00",0
05/02/2024,Wire to Thompson,,,"-$1,600.00","$38,775.00",0
10/18/2024,Apartment 12C fee,,,-$675.00,"$27,398.00",1
06/30/2025,Residential payment 1st of month,,,"-$1,700.00","$7,233.00",1
11/04/2024,Mid-month transfer,,,-$500.00,"$21,524.00",0
09/19/2025,Remittance to Moore,,,-$800.00,"$8,956.00",0
09/24/2025,Transfer to Miller,,,-$75.00,"$22,158.00",0
08/19/2024,Zelle to Davis,,,-$500.00,"$1,323.00",0
09/22/2024,RENT - APT 5B,,,$900.00,"$5,917.00",1
12/03/2024,HOA fee + insurance,,,-$200.00,"$8,857.00",0
11/22/2024,RENT>>PAYMENT,,,"-$2,125.00","$35,194.00",1
08/14/2025,Rent payment (primary residence),,,"-$1,550.00","$32,634.00",1
04/04/2024,Remittance to Moore,,,"-$1,900.00","$16,884.00",1
12/12/2025,Remittance: DWELLING,,,-$725.00,"$15,164.00",1
01/29/2025,Check #1234 for monthly,,,-$450.00,"$35,579.00",0
11/15/2024,Servise payment,,,"-$1,100.00","$24,831.00",0
04/08/2025,SERVICE - RECURRING,,,"-$2,100.00","$21,129.00",0
05/30/2024,Rent payment ,,,-$925.00,"$31,202.00",1
09/30/2024,500 Oak Ave payment,,,"-$2,250.00","$37,064.00",1
12/28/2024,Rent payment ,,,"-$2,000.00","$22,871.00",1
03/27/2025,Check #1234 for monthly (Unit 25C),,,"-$2,075.00","$27,390.00",1
08/31/2025,Domicile Solutions,,,"-$2,050.00","$43,358.00",1
04/23/2024,Recurring transfer to Smith,,,"-$3,000.00","$35,873.00",1
10/09/2024,Domicile Solutions,,,"-$1,975.00","$15,410.00",1
05/22/2025,End of month remittance,,,-$250.00,"$40,079.00",0
01/04/2024,Complex Services,,,"-$1,600.00","$46,084.00",0
06/23/2024,Unit charge for residential unit,,,"-$1,225.00","$30,833.00",1
01/14/2024,Unit payment including maintenance,,,"-$1,700.00","$18,290.00",1
06/23/2024,Monthly housing and utilities bundle,,,"-$1,875.00","$33,001.00",1
04/28/2025,Tenancy remittance,,,"-$3,000.00","$35,424.00",1
05/30/2024,Rant fee,,,"-$1,650.00","$49,156.00",1
07/12/2025,Facility Solutions,,,-$350.00,"$24,109.00",0
12/28/2025,Lease charge,,,"-$1,600.00","$35,033.00",0
05/31/2024,Residential payment Calendar month,,,"-$1,425.00","$3,025.00",1
08/14/2025,R3nt fee,,,"-$1,825.00","$13,703.00",1
10/16/2025,Payment to Wilson,,,"-$1,800.00","$30,443.00",0
09/28/2024,Residential payment 25th standing,,,"-$1,775.00","$19,104.00",1
07/14/2024,Complex Services,,,-$450.00,"$30,820.00",0
10/22/2024,Monthly payment to John,,,-$900.00,"$45,624.00",0
06/19/2025,Residential payment Semi-monthly,,,"-$2,775.00","$19,891.00",1
10/28/2024,Residential occupancy fee,,,"-$1,350.00","$9,089.00",1
05/15/2025,Property remittance for residential unit,,,"-$1,800.00","$10,025.00",1
10/17/2024,Servise payment,,,-$100.00,"$49,041.00",0
03/18/2025,Tenancy payment,,,"-$1,625.00","$24,241.00",1
11/25/2025,Unit payment including maintenance,,,"-$1,900.00","$20,793.00",1
06/26/2024,Crib fee,,,-$450.00,"$14,074.00",0
05/18/2024,Besides rent - insurance,,,-$400.00,"$42,177.00",0
07/12/2025,End of month remittance,,,"-$2,600.00","$21,529.00",0
04/24/2025,Lease payment,,,-$700.00,"$37,628.00",0
03/07/2025,Residence disbursement,,,"-$1,625.00","$25,452.00",1
09/27/2025,Pad payment,,,"-$1,600.00","$26,733.00",1
02/16/2025,Premises fee with service charge,,,"-$2,625.00","$6,548.00",1
10/03/2024,RENT: UNIT 304,,,"-$1,800.00","$20,043.00",1
12/08/2025,Unit fee,,,-$125.00,"$49,454.00",0
12/19/2025,Debit to Anderson,,,"-$2,375.00","$45,281.00",1
11/04/2024,Monthly housing and utilities bundle,,,"-$2,450.00","$8,517.00",1
01/01/2024,Semi-monthly residence (Unit 7A),,,"-$1,300.00","$34,148.00",1
02/04/2025,Check #1234 for monthly,,,$400.00,"$16,396.00",0
09/19/2025,Utility fee + insurance,,,-$150.00,"$49,798.00",0
06/23/2024,Spot payment,,,"-$2,775.00","$20,007.00",1
11/14/2025,Premises Services,,,-$900.00,"$26,285.00",0
04/20/2025,Rent payment (primary residence),,,"-$1,050.00","$8,872.00",1
01/12/2024,Letting fee,,,"-$1,800.00","$30,129.00",0
12/29/2024,Residential payment First Monday,,,"-$2,250.00","$11,375.00",1
05/27/2025,SERVICE - RECURRING,,,"-$1,000.00","$43,986.00",0
12/26/2024,Accommodation remittance including tax,,,"-$1,775.00","$10,177.00",1
11/05/2025,Property fee,,,-$100.00,"$25,675.00",0
09/12/2025,Maintenance fee + tax,,,-$450.00,"$39,305.00",0
03/10/2024,Bi-weekly housing,,,-$200.00,"$33,730.00",0
11/27/2024,Servise payment,,,-$125.00,"$26,171.00",0
03/06/2024,Payment to Wilson,,,-$850.00,"$25,531.00",0
06/27/2024,Lease payment for residential unit,,,"$1,925.00","$38,603.00",1
07/19/2024,Building Management,,,"-$1,425.00","$29,446.00",1
03/29/2024,Crib fee,,,-$925.00,"$10,211.00",1
01/03/2025,Rent(payment),,,"-$2,750.00","$45,719.00",1
07/13/2024,CHARGE - AUTO,,,-$500.00,"$10,035.00",0
03/25/2025,Rent payment (primary residence),,,-$900.00,"$34,898.00",1
04/13/2024,Transfer to Miller,,,-$75.00,"$15,681.00",0
09/14/2024,Property payment,,,-$100.00,"$19,878.00",0
07/01/2025,Strata payment,,,"-$2,600.00","$4,712.00",1
08/19/2025,Rent payment (primary residence),,,-$600.00,"$18,097.00",1
12/08/2024,RENT - APT 5B,,,"-$1,075.00","$49,095.00",1
11/10/2025,Service 1st of month,,,"$3,000.00","$47,077.00",0
12/20/2024,Residential payment Last day,,,-$900.00,"$9,484.00",1
02/12/2024,Facility Solutions,,,"-$1,000.00","$32,299.00",0
08/21/2024,Recurring transfer to Smith,,,-$50.00,"$36,008.00",0
11/29/2025,Utility fee incl. services,,,"-$1,950.00","$29,162.00",0
07/16/2025,Building Management,,,$125.00,"$25,098.00",0
07/17/2024,Unit fee,,,-$300.00,"$15,884.00",0
07/03/2025,Place remittance,,,-$50.00,"$4,727.00",0
02/28/2024,Monthly premises fee,,,"-$1,600.00","$40,479.00",1
10/26/2024,Complex management remittance,,,"-$2,350.00","$6,005.00",1
07/10/2025,Recurring 1st week,,,-$500.00,"$30,067.00",0
01/10/2025,Maintenence payment,,,"-$1,800.00","$21,896.00",0
02/25/2024,Property remittance for residential unit,,,"-$2,400.00","$9,987.00",1
11/08/2024,Rant remittance,,,-$950.00,"$10,303.00",1
08/28/2024,Premises fee with service charge,,,-$900.00,"$3,212.00",1
10/11/2024,Rental payment,,,"-$1,950.00","$26,073.00",0
03/30/2025,Zelle to Davis,,,"-$2,100.00","$44,280.00",0
02/02/2024,Flat fee,,,-$50.00,"$23,034.00",0
08/28/2025,Monthly payment to John,,,-$450.00,"$29,019.00",0
04/21/2024,Spot payment,,,"-$1,700.00","$38,526.00",1
06/15/2024,Membership First Monday,,,-$650.00,"$45,734.00",0
03/28/2024,Membership Monthly anniversary,,,-$400.00,"$41,340.00",0
01/05/2025,Payment to Wilson,,,"-$1,800.00","$9,146.00",0
08/05/2025,Maintenance fee + tax,,,-$800.00,"$31,568.00",0
01/02/2025,Rent payment (apartment),,,"-$1,375.00","$6,213.00",1
09/16/2025,Tenancy payment,,,"-$1,550.00","$33,435.00",0
08/20/2024,Apartment payment + parking,,,-$725.00,"$3,523.00",1
12/01/2025,Condo fee,,,"-$3,000.00","$48,012.00",1
03/03/2024,Residential payment 20th periodic,,,"-$1,500.00","$24,156.00",1
09/06/2025,Check #1234 for monthly (Unit 29A),,,"-$2,550.00","$22,350.00",1
11/28/2025,Separate from rent - deposit,,,"-$1,750.00","$24,611.00",0
02/21/2025,FEE - RECURRING,,,-$400.00,"$3,923.00",0
06/02/2024,Service 1st of month,,,"-$1,600.00","$47,908.00",0
08/08/2024,Unit fee,,,$150.00,"$6,140.00",0
08/17/2024,Pad payment,,,"-$2,825.00","$8,945.00",1
09/13/2025,Rent payment (apartment),,,"-$2,625.00","$13,781.00",1
09/06/2024,Property payment,,,-$300.00,"$8,563.00",0
03/31/2025,R3nt fee,,,"-$1,800.00","$34,137.00",1
01/05/2025,Accommodation remittance including tax,,,"-$1,475.00","$16,057.00",1
07/04/2025,Quarterly dwelling,,,"-$2,975.00","$19,801.00",1
11/17/2024,Residential Services,,,-$700.00,"$33,387.00",0
07/03/2024,RENT - APT 5B,,,"-$1,200.00","$37,344.00",1
04/13/2024,Recurring transfer to Smith,,,"$1,250.00","$9,675.00",0
03/08/2025,Property fee,,,"-$1,200.00","$23,073.00",0
08/28/2025,Utility fee incl. services,,,"$1,850.00","$27,796.00",0
03/22/2025,Facility Solutions,,,-$150.00,"$39,637.00",0
06/04/2024,RENT>>PAYMENT,,,"-$3,000.00","$30,722.00",1
11/24/2024,Distinct from rent - service,,,"-$1,400.00","$16,221.00",0
05/20/2025,Lease charge,,,"-$1,000.00","$28,963.00",0
11/26/2024,Complex fee,,,"-$1,350.00","$19,235.00",0
04/11/2024,Complex fee,,,-$125.00,"$15,656.00",0
10/22/2024,Residential payment 20th periodic,,,-$925.00,"$10,240.00",1
07/30/2024,Strata payment,,,"-$1,200.00","$3,604.00",1
01/07/2024,Rent payment ,,,"-$1,825.00","$38,431.00",1
03/31/2025,Condo fee,,,-$400.00,"$8,860.00",0
03/18/2025,Non-rent housing expense,,,-$150.00,"$8,632.00",0
03/21/2024,Servise payment,,,-$100.00,"$19,095.00",0
10/07/2025,Utilitie payment,,,-$450.00,"$7,582.00",0
07/13/2024,UTILITY - AUTO,,,"-$1,100.00","$15,431.00",0
09/28/2024,Rent payment (primary residence),,,"-$1,275.00","$14,013.00",1
06/12/2025,RENT - DO NOT DELETE,,,-$675.00,"$37,551.00",1
12/28/2025,Residential Services,,,"-$2,000.00","$23,852.00",1
06/27/2025,Service fee + insurance,,,-$300.00,"$33,127.00",0
09/04/2025,Lease fee,,,$950.00,"$19,826.00",0
04/02/2025,Property remittance,,,"-$1,750.00","$23,778.00",0
12/22/2025,Semi-monthly residence,,,-$900.00,"$40,390.00",0
12/04/2025,Remittance to Moore,,,-$350.00,"$27,804.00",0
07/29/2025,Rent (missed auto),,,"-$1,775.00","$29,963.00",1
02/12/2025,Recurring transfer to Smith,,,-$350.00,"$42,698.00",0
11/11/2024,Rent payment ,,,"-$2,975.00","$41,978.00",1
09/20/2025,Apartment payment + parking,,,"$2,750.00","$2,383.00",1
04/02/2024,Maintenence payment,,,-$500.00,"$43,921.00",0
06/15/2025,Unit Management (Unit 11C),,,"-$1,925.00","$11,577.00",1
12/05/2024,Distinct from rent - service,,,-$300.00,"$2,312.00",0
05/28/2025,Lease fee for residential unit,,,-$725.00,"$2,588.00",1
10/08/2025,Rant remittance,,,-$750.00,"$25,763.00",1
05/14/2024,FEE - MONTHLY,,,"-$2,100.00","$49,670.00",0
04/07/2024,Rent/payment,,,"-$1,925.00","$21,459.00",1
03/11/2025,Letting fee,,,-$400.00,"$18,319.00",0
01/20/2025,ACH to Johnson LLC,,,-$300.00,"$32,676.00",0
12/20/2025,Digs payment,,,"-$2,400.00","$25,427.00",0
04/08/2025,Monthly payment to John,,,"-$1,475.00","$37,906.00",1
10/20/2025,Unit remittance for residential unit,,,-$800.00,"$14,610.00",1
08/30/2025,Debit to Anderson,,,-$600.00,"$48,384.00",0
03/01/2024,Rent (missed auto),,,"-$2,100.00","$10,870.00",1
11/25/2024,Accommodation remittance including tax,,,"-$2,050.00","$14,711.00",1
07/12/2025,Besides rent - insurance,,,-$450.00,"$37,359.00",0
04/17/2024,Rent payment ,,,"-$1,925.00","$11,622.00",1
06/19/2024,Bi-weekly housing,,,-$775.00,"$42,036.00",1
05/23/2024,Subscripton payment,,,-$950.00,"$20,282.00",0
06/19/2025,Property payment,,,"-$1,400.00","$35,291.00",0
09/20/2025,Residential payment 25th standing,,,"-$2,650.00","$31,335.00",1
12/04/2024,Residential payment Every 30 days,,,"-$1,075.00","$32,055.00",1
11/21/2024,Rent payment ,,,"$2,350.00","$1,367.00",1
12/19/2025,Recurring 1st week,,,-$125.00,"$5,004.00",0
08/31/2025,Real Estate Solutions,,,"-$1,800.00","$42,210.00",0
07/16/2024,Periodic 30th payment,,,"-$2,150.00","$25,069.00",1
09/17/2024,Crib fee,,,"-$1,100.00","$15,184.00",0
07/01/2024,Check #1234 for monthly,,,-$150.00,"$26,096.00",0
08/12/2025,Maintenence payment,,,"-$1,600.00","$12,016.00",0
08/25/2024,Residential payment 5th monthly,,,"-$1,075.00","$1,016.00",1
03/20/2024,UTILITY - MONTHLY,,,"-$1,000.00","$31,912.00",0
11/05/2024,Tenancy payment,,,-$300.00,"$26,266.00",0
12/29/2024,Lease charge,,,-$450.00,"$15,018.00",0
10/10/2025,RENT PAYMENT (MONTHLY),,,"-$2,150.00","$46,554.00",1
12/02/2025,Semi-monthly residence,,,-$700.00,"$24,965.00",0
11/17/2025,Property remittance,,,-$250.00,"$13,516.00",0
01/18/2025,First of month payment,,,"-$1,850.00","$1,367.00",0
12/02/2024,Real Estate Solutions,,,-$350.00,"$18,893.00",0
10/24/2025,Facility Solutions,,,"-$1,550.00","$38,498.00",1
04/27/2025,Residential payment Quarterly,,,"-$2,275.00","$43,437.00",1
02/09/2024,Unit remittance for residential unit,,,"-$1,225.00","$8,826.00",1
03/30/2025,Monthly housing and utilities bundle,,,"-$1,700.00","$19,184.00",1
11/01/2025,Monthly housing and utilities bundle,,,"-$1,750.00","$12,089.00",1
06/12/2025,Monthly on 15th,,,-$600.00,"$5,029.00",0
07/16/2024,RENT|AUTO,,,"-$1,100.00","$30,058.00",1
10/09/2024,Abode payment plus insurance,,,"-$2,075.00","$1,211.00",1
10/07/2024,Tenancy payment,,,-$450.00,"$6,642.00",0
03/31/2024,ACH to Johnson LLC,,,-$200.00,"$39,741.00",0
06/22/2024,Rant remittance,,,"-$1,875.00","$48,466.00",1
11/11/2024,RENT - DO NOT DELETE,,,"-$1,100.00","$47,262.00",1
07/01/2024,Premises Services,,,-$450.00,"$18,878.00",0
06/30/2024,Residential payment 20th periodic,,,"-$2,250.00","$24,275.00",1
12/23/2024,Subscripton payment,,,"-$1,800.00","$39,353.00",0
06/08/2024,Digs payment,,,-$700.00,"$19,919.00",0
12/16/2024,Abode payment plus insurance,,,"-$2,800.00","$14,809.00",1
08/11/2024,NOT rent - utilities,,,-$125.00,"$32,143.00",0
04/23/2025,Flat fee,,,"-$3,025.00","$3,218.00",1
12/19/2025,Real Estate Solutions,,,"-$2,400.00","$43,459.00",0
07/10/2024,Residential payment 20th periodic,,,"-$1,275.00","$2,425.00",1
09/23/2025,Apart from rent - maintenance,,,-$700.00,"$16,963.00",0
01/17/2025,HOA fee incl. services,,,$600.00,"$16,355.00",0
03/07/2025,Rent payment (primary residence),,,"-$3,025.00","$11,749.00",1
11/03/2024,RENT|AUTO,,,"-$1,400.00","$9,512.00",1
02/25/2024,Service 20th periodic,,,-$500.00,"$1,055.00",0
07/24/2024,RENT #2024-001,,,"-$1,600.00","$14,324.00",1
04/02/2024,Servise payment,,,"-$1,200.00","$32,283.00",0
12/18/2024,Unit 7B monthly,,,"$1,925.00","$44,806.00",1
04/19/2025,Utilitie payment,,,"-$1,100.00","$22,437.00",0
11/21/2025,Subscripton payment,,,"-$1,600.00","$33,001.00",0
08/15/2024,RENT PAYMENT (MONTHLY),,,"-$1,450.00","$33,863.00",1
09/17/2025,Unit letting,,,-$825.00,"$13,318.00",1
08/04/2024,Unit charge for residential unit,,,"-$1,775.00","$28,899.00",1
10/18/2024,Lease fee for residential unit,,,$750.00,"$28,638.00",1
06/16/2024,Lease charge for residential unit,,,-$975.00,"$23,694.00",1
11/02/2025,RENT - APT 5B,,,"-$1,250.00","$34,224.00",1
12/03/2025,Independent of rent - repair,,,"-$1,800.00","$4,572.00",0
03/11/2025,Payment on 1st of month,,,-$125.00,"$30,508.00",0
04/29/2025,Maintenence payment,,,$125.00,"$35,846.00",0
11/21/2025,Monthly payment to John,,,-$450.00,"$17,897.00",0
06/11/2025,RENT~MONTHLY,,,"-$2,050.00","$3,611.00",1
05/16/2025,Rent payment ,,,"-$1,850.00","$45,236.00",1
01/25/2024,Lodgings remittance,,,-$400.00,"$22,275.00",0
10/13/2025,Check #1234 for monthly,,,-$500.00,"$26,966.00",0
06/28/2024,Abode disbursement,,,"-$1,075.00","$29,252.00",1
12/19/2024,Membership Every 30 days,,,$300.00,"$49,017.00",0
02/11/2024,Real Estate Solutions,,,-$950.00,"$48,539.00",0
12/11/2024,Residential payment Every 30 days,,,"-$1,675.00","$13,054.00",1
10/30/2025,Utilitie payment,,,-$700.00,"$38,414.00",0
11/06/2024,Service fee incl. services,,,-$75.00,"$29,635.00",0
12/06/2025,Maintenence payment,,,"-$1,000.00","$12,879.00",0
10/06/2024,Zelle to Davis,,,-$50.00,"$19,007.00",0
04/18/2025,Crib fee,,,"-$1,450.00","$22,273.00",0
03/06/2024,Accommodation remittance including tax,,,"-$2,300.00","$40,009.00",1
07/08/2025,Unit payment,,,-$450.00,"$30,123.00",0
04/18/2025,RENT~MONTHLY,,,"-$1,400.00","$45,104.00",1
09/18/2024,Apart from rent - maintenance,,,-$100.00,"$23,629.00",0
07/31/2024,Rent-pay ment,,,"-$1,850.00","$21,665.00",1
11/21/2025,Excluding rent - HOA,,,"-$1,600.00","$38,020.00",0
03/01/2025,Subscription 1st of month,,,"$1,200.00","$25,594.00",0
01/22/2025,Residence fee including amenities,,,-$975.00,"$8,250.00",1
07/01/2024,CHARGE - AUTO,,,-$700.00,"$40,272.00",0
11/23/2024,Utilitie payment,,,"-$1,800.00","$36,102.00",0
08/18/2024,CHARGE - RECURRING,,,-$400.00,"$12,640.00",0
10/22/2024,Periodic 30th payment,,,-$450.00,"$45,784.00",0
01/27/2025,Unit letting,,,"-$2,125.00","$2,903.00",1
05/21/2024,Abode payment plus insurance,,,-$900.00,"$27,789.00",1
11/28/2024,Apartment payment + parking,,,"-$3,025.00","$25,267.00",1
09/07/2025,RENT-RECURRING,,,"-$2,850.00","$11,576.00",1
01/12/2025,Servise payment,,,-$200.00,"$14,093.00",0
05/15/2024,Semi-monthly residence,,,-$50.00,"$17,059.00",0
09/04/2024,Subscripton payment,,,"-$1,000.00","$22,709.00",0
09/07/2024,Rent payment ,,,-$600.00,"$27,630.00",1
01/29/2025,Residential Services,,,-$350.00,"$47,910.00",0
03/25/2025,Rent payment (apartment),,,-$750.00,"$48,523.00",1
01/07/2025,Lease charge for residential unit,,,"-$2,275.00","$7,791.00",1
09/25/2024,Rent(payment),,,-$925.00,"$44,026.00",1
05/25/2024,Subscription Monthly anniversary,,,-$250.00,"$46,463.00",0
04/14/2025,RENT~MONTHLY,,,"-$1,450.00","$46,167.00",1
12/04/2024,Maintenence payment,,,"-$1,400.00","$10,176.00",0
06/18/2025,Transfer to Miller,,,"-$3,000.00","$21,097.00",1
08/04/2025,Premises fee with service charge,,,"-$2,250.00","$46,552.00",1
05/30/2024,Unit payment including maintenance,,,"-$1,525.00","$14,871.00",1
05/31/2024,Rental payment,,,-$500.00,"$34,870.00",0
05/03/2025,Service fee + insurance,,,"-$2,600.00","$25,534.00",0
05/11/2025,HOA fee + tax,,,-$900.00,"$5,243.00",0
08/18/2024,Complex charge,,,-$150.00,"$8,837.00",0
12/31/2024,Rent payment (apartment),,,-$700.00,"$49,586.00",1
01/07/2025,Unit payment including maintenance,,,-$950.00,"$18,791.00",1
02/27/2024,Rent payment (apartment),,,"-$1,425.00","$49,459.00",1
12/07/2025,Residential payment Calendar month,,,"-$1,425.00","$30,888.00",1
02/11/2024,Residential payment 20th periodic,,,"-$2,800.00","$13,452.00",1
05/15/2024,Letting fee,,,"-$1,325.00","$39,094.00",1
04/20/2025,Semi-monthly residence,,,-$75.00,"$13,872.00",0
04/29/2024,Independent of rent - repair,,,"-$3,000.00","$32,931.00",0
08/05/2025,Residential Services,,,-$125.00,"$43,115.00",0
08/26/2025,RENT>>PAYMENT,,,"-$2,200.00","$27,684.00",1
05/19/2025,Maintenance fee incl. services,,,$900.00,"$20,637.00",0
06/28/2025,Payment to Wilson,,,"-$1,200.00","$8,305.00",0
05/14/2025,123 Main St monthly,,,"-$2,425.00","$5,296.00",1
11/20/2025,Lease payment,,,-$450.00,"$12,970.00",0
04/21/2024,Rant remittance,,,"-$1,700.00","$35,760.00",1
04/15/2024,Service fee incl. services,,,-$150.00,"$26,967.00",0
06/10/2024,Apartment payment + parking,,,"$1,800.00","$43,827.00",1
10/02/2024,Payment to Wilson,,,-$900.00,"$25,300.00",0
11/09/2024,Property payment for residential unit,,,"-$1,775.00","$37,915.00",1
03/03/2025,Housing Associates,,,-$75.00,"$10,170.00",0
10/07/2024,Recurring 1st week,,,-$250.00,"$20,319.00",0
01/25/2024,Property fee,,,-$450.00,"$15,088.00",0
10/07/2024,Transfer to Miller,,,-$200.00,"$48,268.00",0
02/17/2024,Subscripton payment,,,$900.00,"$39,411.00",0
03/01/2024,Payment on 1st of month,,,-$450.00,"$19,627.00",0
04/28/2025,Habitation remittance,,,"-$1,775.00","$10,857.00",1
08/10/2025,ACH to Johnson LLC,,,-$800.00,"$44,299.00",0
07/24/2025,Rental payment,,,-$850.00,"$46,826.00",0
01/04/2025,Membership First Monday,,,"-$2,250.00","$24,737.00",0
07/22/2024,Maintenance fee + insurance,,,"-$1,600.00","$8,811.00",0
03/13/2025,Lease fee,,,-$75.00,"$34,571.00",0
01/17/2024,Letting fee,,,"-$1,000.00","$36,311.00",0
10/16/2024,Crib fee,,,-$100.00,"$37,588.00",0
06/28/2025,Complex Services,,,$900.00,"$40,979.00",1
03/15/2024,R3nt fee,,,"-$1,575.00","$49,426.00",1
10/28/2025,Complex fee for residential unit,,,"-$3,000.00","$46,389.00",1
01/22/2024,Other than rent - tax,,,-$50.00,"$1,559.00",0
11/26/2024,Rent payment (primary residence),,,"-$1,500.00","$22,405.00",1
10/31/2025,Maintenance fee incl. services,,,"-$1,100.00","$12,900.00",0
01/27/2024,Letting fee,,,"-$1,150.00","$5,539.00",1
11/18/2024,Service Quarterly,,,-$250.00,"$18,765.00",0
08/10/2024,Rnet payment,,,"-$1,125.00","$25,583.00",1
03/30/2025,RENT - DO NOT DELETE,,,"-$1,900.00","$27,160.00",1
07/29/2024,Rent(payment),,,$900.00,"$34,207.00",1
06/15/2024,Rant fee,,,"-$2,450.00","$21,767.00",1
07/14/2024,ACH to Johnson LLC,,,"-$1,000.00","$8,339.00",0
01/17/2024,End of month remittance,,,-$700.00,"$24,244.00",0
11/13/2024,CHARGE - AUTO,,,-$400.00,"$43,626.00",0
04/27/2025,Payment to Wilson,,,"-$1,800.00","$17,318.00",0
08/01/2025,500 Oak Ave payment,,,"-$1,075.00","$3,555.00",1
09/02/2025,RENT #2024-001,,,"-$1,900.00","$11,320.00",1
06/25/2024,Complex Services,,,-$150.00,"$12,902.00",0
04/22/2024,Utilitie payment,,,-$900.00,"$25,456.00",0
09/28/2025,Unit payment,,,"-$2,400.00","$10,459.00",0
02/17/2024,Place remittance,,,"-$1,600.00","$7,561.00",0
12/23/2024,RENT: UNIT 304,,,"-$2,050.00","$32,174.00",1
03/01/2025,CHARGE - MONTHLY,,,"-$1,600.00","$32,211.00",0
09/20/2024,Monthly on 15th,,,"-$1,200.00","$47,944.00",0
05/04/2025,Rent payment (apartment),,,"-$1,325.00","$9,507.00",1
08/18/2024,Residence fee including amenities,,,"-$1,950.00","$7,896.00",1
08/19/2024,First of month payment,,,"-$1,775.00","$35,073.00",1
05/14/2024,Property payment,,,$150.00,"$3,242.00",0
10/09/2025,Zelle to Davis,,,-$750.00,"$16,586.00",0
02/10/2025,Lease fee for residential unit,,,"-$2,400.00","$38,827.00",1
04/07/2025,Membership First Monday,,,-$350.00,"$19,304.00",0
12/11/2024,Subscription 10th recurring,,,-$450.00,"$36,972.00",0
11/10/2025,Bi-weekly housing,,,-$450.00,"$24,948.00",0
10/19/2025,Unit Management,,,"-$2,250.00","$8,882.00",0
05/09/2024,FEE - RECURRING,,,$700.00,"$34,077.00",0
02/11/2025,RENT|AUTO,,,"-$1,325.00","$15,539.00",1
07/22/2024,Ren tpayment,,,"-$2,650.00","$37,889.00",1
06/29/2025,Complex charge for residential unit,,,"-$2,575.00","$7,562.00",1
10/12/2025,Accommodation remittance including tax,,,"-$1,425.00","$40,955.00",1
07/26/2024,Housing Associates,,,-$400.00,"$28,607.00",0
04/24/2025,Building fee,,,"-$2,800.00","$14,680.00",0
03/01/2024,Rentt disbursement,,,"-$1,125.00","$16,890.00",1
06/12/2024,HOA fee incl. services,,,-$250.00,"$15,831.00",0
05/23/2024,UTILITY - AUTO,,,"-$1,400.00","$30,057.00",0
11/19/2025,Property Services LLC (Unit 8C),,,"-$1,700.00","$42,192.00",1
08/25/2024,Maintenance fee + tax,,,"-$1,200.00","$5,613.00",0
10/05/2024,Subscription 1st of month,,,"-$2,250.00","$12,039.00",0
10/25/2024,Check #1234 for monthly,,,-$100.00,"$40,259.00",0
09/04/2024,CHARGE - AUTO,,,-$700.00,"$19,363.00",0
09/14/2024,Maintenance fee + insurance,,,-$350.00,"$7,627.00",0
09/05/2024,Digs payment,,,"-$1,400.00","$47,434.00",0
07/28/2025,HOA fee incl. services,,,"-$1,000.00","$3,759.00",0
08/27/2025,RENT: UNIT 304,,,"-$2,950.00","$16,637.00",1
08/17/2025,HOA fee + insurance,,,-$75.00,"$31,195.00",0
02/12/2025,RENT-RECURRING,,,-$625.00,"$2,582.00",1
04/11/2024,Residential Services,,,-$50.00,"$17,614.00",0
11/30/2025,Complex charge,,,-$350.00,"$31,028.00",0
06/13/2024,Mid-month transfer,,,"-$1,200.00","$23,841.00",0
05/26/2025,RENT_INVOICE_001,,,"-$1,900.00","$15,914.00",1
11/09/2024,First of month payment,,,-$100.00,"$33,584.00",0
01/26/2025,Bi-weekly housing,,,"-$1,850.00","$24,688.00",1
06/21/2024,Unit disbursement for residential unit,,,"-$1,400.00","$34,169.00",1
07/27/2025,Unit letting,,,"-$1,600.00","$6,933.00",0
09/26/2024,Property Services LLC,,,"-$1,200.00","$26,247.00",0
10/27/2024,Residence fee including amenities,,,"-$1,725.00","$3,672.00",1
07/15/2025,Payment to Wilson (Unit 15C),,,"-$1,425.00","$29,859.00",1
05/28/2024,Lodging remittance,,,-$700.00,"$29,767.00",1
07/23/2025,Pad payment,,,-$250.00,"$39,069.00",0
10/04/2025,Unit letting,,,$350.00,"$18,272.00",0
01/14/2025,Complex charge,,,-$450.00,"$46,429.00",0
11/25/2024,RENT - DO NOT DELETE,,,"-$2,850.00","$34,256.00",1
07/02/2025,Complex charge,,,-$500.00,"$37,311.00",0
04/21/2025,Periodic 30th payment (Unit 40B),,,"-$2,450.00","$12,229.00",1
07/27/2025,Rent payment (apartment),,,-$750.00,"$47,288.00",1
03/06/2024,Residence fee including amenities,,,"-$1,600.00","$48,694.00",1
12/31/2025,Unit letting,,,"-$1,125.00","$30,629.00",1
07/05/2025,Maintenance fee + insurance,,,-$300.00,"$27,682.00",0
07/06/2025,Residential payment Semi-monthly,,,"$1,700.00","$4,471.00",1
08/24/2025,ACH to Johnson LLC,,,"-$2,100.00","$49,008.00",0
09/11/2024,Residential payment Monthly anniversary,,,"-$1,225.00","$33,438.00",1
12/05/2024,Complex management remittance,,,"-$3,025.00","$25,988.00",1
05/21/2024,SERVICE - MONTHLY,,,-$400.00,"$17,515.00",0
04/02/2024,Housing Associates,,,$250.00,"$42,484.00",0
12/13/2024,Rent payment ,,,"-$2,600.00","$40,725.00",1
07/24/2025,Landlord services payment,,,-$925.00,"$35,676.00",1
01/05/2024,Building fee for residential unit,,,-$700.00,"$5,547.00",1
07/12/2024,Premises fee with service charge,,,"-$1,300.00","$23,626.00",1
11/30/2025,Residential payment Semi-monthly,,,"-$1,900.00","$29,881.00",1
06/03/2025,Ref: RES-UNIT-5B,,,-$700.00,"$36,231.00",1
11/15/2024,Residential payment 5th monthly,,,"-$1,825.00","$11,969.00",1
05/24/2025,Debit to Anderson,,,"$1,775.00","$36,912.00",1
04/03/2025,Membership Quarterly,,,-$100.00,"$16,692.00",0
07/11/2024,Utilitie payment,,,"-$2,400.00","$44,231.00",0
06/16/2025,My unit disbursement,,,"-$2,650.00","$35,860.00",1
07/13/2025,Maintenance fee + insurance,,,-$150.00,"$42,047.00",0
02/17/2025,Non-rent housing expense,,,-$950.00,"$32,726.00",0
11/09/2024,Other than rent - tax,,,-$75.00,"$6,844.00",0
08/24/2025,Servise payment,,,"-$1,800.00","$2,832.00",0
11/06/2024,Property payment for residential unit,,,"-$2,750.00","$45,837.00",1
06/04/2025,Lodgings remittance,,,"-$1,000.00","$15,057.00",0
04/13/2025,Residential payment 15th auto,,,"-$1,700.00","$33,458.00",1
08/07/2025,Monthly housing and utilities bundle,,,-$775.00,"$46,179.00",1
10/24/2024,Lodging remittance,,,"$1,725.00","$15,966.00",1
02/15/2025,Debit to Anderson,,,"-$1,600.00","$28,711.00",0
07/28/2024,Membership Quarterly,,,-$350.00,"$28,108.00",0
10/11/2024,SERVICE - RECURRING,,,-$350.00,"$26,917.00",0
12/13/2025,Rentt disbursement,,,"-$1,400.00","$8,554.00",1
05/15/2025,For 303 Parkview,,,"$1,725.00","$17,809.00",1
10/18/2024,Rental payment,,,"-$1,400.00","$26,880.00",0
03/29/2024,Condo fee,,,"-$1,325.00","$3,339.00",1
05/05/2025,Transfer to Miller,,,-$75.00,"$46,456.00",0
09/04/2024,Rent payment (primary residence),,,"-$2,225.00","$3,690.00",1
08/03/2024,Rnet payment,,,"$2,950.00","$23,370.00",1
06/28/2024,Complex payment,,,"-$1,950.00","$20,123.00",0
08/18/2024,Zelle to Davis,,,"-$2,200.00","$5,547.00",1
09/08/2025,Strata payment,,,"-$1,225.00","$21,811.00",1
04/24/2024,Unit payment including maintenance,,,"-$2,650.00","$48,217.00",1
11/25/2024,Unit remittance for residential unit,,,-$925.00,"$1,224.00",1
01/31/2025,Rant fee,,,"-$1,400.00","$5,844.00",1
10/26/2025,RENT~MONTHLY,,,"-$3,025.00","$41,373.00",1
04/05/2025,Membership 15th auto,,,-$900.00,"$42,726.00",0
05/05/2025,Subscription 10th recurring,,,"-$1,200.00","$19,799.00",0
02/01/2025,Residential payment 10th recurring,,,"-$1,800.00","$20,651.00",1
02/13/2024,Rent payment (apartment),,,"$2,775.00","$9,193.00",1
08/01/2024,Subscription Last day,,,-$800.00,"$26,456.00",0
01/07/2025,Property fee,,,-$150.00,"$15,218.00",0
08/05/2025,Bi-weekly housing,,,"-$1,875.00","$27,752.00",1
10/21/2025,Property fee,,,-$150.00,"$30,643.00",0
09/30/2025,Besides rent - insurance,,,-$250.00,"$44,230.00",0
06/13/2025,Independent of rent - repair,,,-$50.00,"$44,712.00",0
10/06/2024,Residential payment Quarterly,,,"-$2,975.00","$38,687.00",1
06/03/2024,Rent payment (primary residence),,,"-$1,425.00","$32,895.00",1
09/17/2025,Membership Semi-monthly,,,"-$1,800.00","$5,283.00",0
01/22/2024,Domicile disbursement,,,"-$1,700.00","$24,376.00",1
06/03/2024,Residential payment 20th periodic,,,-$850.00,"$21,676.00",1
05/01/2025,Complex fee,,,-$400.00,"$11,473.00",0
06/16/2024,Rent payment (apartment),,,"-$2,075.00","$42,201.00",1
12/17/2025,Service Every 30 days,,,-$125.00,"$30,157.00",0
02/10/2024,Building administration fee,,,"-$2,425.00","$2,307.00",1
03/27/2025,Lodgings remittance,,,$800.00,"$45,024.00",0
12/13/2024,Service 25th standing,,,"-$1,650.00","$10,796.00",0
11/15/2025,Payment on 1st of month,,,-$850.00,"$33,423.00",1
09/28/2025,RENT-RECURRING,,,"-$1,250.00","$13,584.00",1
06/16/2025,Subscription 1st of month,,,-$450.00,"$16,650.00",0
09/26/2024,Separate from rent - deposit,,,"-$2,250.00","$22,818.00",0
05/13/2024,RENT>>PAYMENT,,,-$700.00,"$25,947.00",1
04/26/2025,Unit fee for residential unit,,,"-$1,575.00","$34,592.00",1
02/20/2025,Servise payment,,,-$500.00,"$33,035.00",0
09/30/2024,Building Management,,,$100.00,"$34,344.00",0
01/24/2024,RENT: UNIT 304,,,"-$1,400.00","$5,257.00",1
08/08/2025,RENT: UNIT 304,,,-$800.00,"$49,267.00",1
09/24/2025,Premises Services,,,"$1,800.00","$42,353.00",0
11/11/2025,Check #1234 for monthly,,,-$75.00,"$49,894.00",0
07/09/2024,Premises maintenance remittance,,,-$675.00,"$16,274.00",1
02/21/2024,R3nt fee,,,"-$1,800.00","$13,930.00",1
09/11/2025,Subscripton payment,,,-$400.00,"$5,015.00",0
07/08/2024,Tenancy payment,,,-$200.00,"$36,520.00",0
12/17/2025,Habitation remittance,,,"-$1,325.00","$15,923.00",1
02/08/2025,Accommodation remittance including tax,,,"-$1,700.00","$42,982.00",1
08/11/2024,Additional to rent - fee,,,-$300.00,"$45,795.00",0
10/15/2024,Utilitie payment,,,"$1,850.00","$4,958.00",0
03/22/2024,HOA fee + tax,,,-$100.00,"$24,689.00",0
08/05/2025,Periodic 30th payment,,,"-$1,875.00","$20,676.00",1
11/16/2024,Spot payment,,,-$250.00,"$46,276.00",0
02/23/2025,Independent of rent - repair,,,-$450.00,"$27,426.00",0
04/20/2025,Excluding rent - HOA,,,-$600.00,"$10,137.00",0
01/25/2025,Service Quarterly,,,-$600.00,"$44,369.00",0
06/03/2024,Lodgings remittance,,,"-$1,300.00","$31,951.00",1
10/04/2024,Unit payment for residential unit,,,"-$2,425.00","$37,000.00",1
08/21/2024,Domicile Solutions,,,$900.00,"$11,474.00",0
11/12/2025,Check #1234 for monthly,,,-$100.00,"$40,833.00",0
05/24/2024,Facility Solutions,,,-$250.00,"$21,185.00",0
12/12/2024,Accommodation remittance including tax,,,"-$2,150.00","$9,482.00",1
12/15/2024,Servise payment,,,-$500.00,"$2,160.00",0
01/13/2025,Besides rent - insurance,,,$450.00,"$21,482.00",0
10/14/2024,Pad payment,,,$450.00,"$22,091.00",0
12/26/2025,Digs payment,,,"-$1,475.00","$2,271.00",1
06/07/2025,CHARGE - MONTHLY,,,"-$1,600.00","$31,322.00",0
03/09/2024,Besides rent - insurance,,,-$350.00,"$4,868.00",0
09/09/2024,Monthly payment to John,,,-$450.00,"$37,823.00",0
10/06/2024,Residential payment First Monday,,,"-$1,800.00","$14,111.00",1
09/03/2025,Dwelling disbursement plus fees,,,-$725.00,"$34,038.00",1
09/11/2024,Subscripton payment,,,-$50.00,"$20,405.00",0
01/30/2024,Unit payment including maintenance,,,-$850.00,"$10,674.00",1
10/02/2025,Complex fee,,,"-$1,600.00","$18,927.00",0
10/09/2024,Domicile Solutions,,,-$800.00,"$22,155.00",0
05/06/2024,My unit disbursement,,,"-$2,825.00","$21,661.00",1
07/17/2025,Residential Services,,,"-$1,800.00","$41,178.00",0
10/21/2025,Premises Services,,,-$800.00,"$48,007.00",1
05/23/2025,Habitation remittance,,,"-$1,075.00","$11,707.00",1
04/04/2024,Ren tpayment,,,"-$1,700.00","$5,559.00",1
02/14/2025,Strata payment,,,-$700.00,"$11,157.00",0
07/31/2024,Rent payment ,,,"-$1,525.00","$43,254.00",1
02/23/2024,Rent with included services,,,"-$2,350.00","$16,247.00",1
05/20/2024,Flat fee,,,"-$1,975.00","$19,981.00",1
01/25/2024,HOA fee incl. services,,,"-$3,000.00","$16,040.00",0
01/08/2024,Unit charge,,,"-$1,400.00","$11,759.00",0
08/05/2024,Monthly payment to John,,,"-$1,800.00","$37,455.00",0
06/07/2025,Complex payment,,,"-$1,600.00","$18,061.00",0
05/02/2024,HOA fee + tax,,,-$800.00,"$34,541.00",0
07/28/2024,Recurring transfer to Smith,,,-$600.00,"$14,473.00",0
08/06/2025,Rent (missed auto),,,"-$1,400.00","$24,654.00",1
02/25/2024,Service fee incl. services,,,-$350.00,"$1,810.00",0
07/04/2024,RENT - DO NOT DELETE,,,"-$2,425.00","$31,007.00",1
09/08/2025,Subscripton payment,,,-$900.00,"$44,714.00",0
03/20/2024,Monthly housing and utilities bundle,,,-$700.00,"$1,734.00",1
01/01/2024,Property fee,,,"-$1,400.00","$25,120.00",0
10/23/2025,Residential Services,,,"-$1,800.00","$43,836.00",1
10/31/2024,Rant fee,,,"-$1,625.00","$14,412.00",1
10/13/2025,Rent..payment,,,-$675.00,"$8,378.00",1
08/28/2024,Rent payment (apartment),,,"-$2,800.00","$47,063.00",1
03/05/2024,Servise payment,,,"-$1,950.00","$33,599.00",0
04/21/2025,NOT rent - utilities,,,"-$1,400.00","$19,404.00",0
05/05/2025,Payment to Wilson,,,$50.00,"$13,325.00",0
12/07/2025,Rent payment ,,,-$800.00,"$29,530.00",1
08/25/2024,Utilitie payment,,,-$400.00,"$30,901.00",0
07/11/2025,Monthly on 15th,,,-$500.00,"$22,018.00",0
02/20/2025,Housing Associates,,,-$500.00,"$20,165.00",0
11/19/2025,Rent-paymnt,,,"-$2,825.00","$29,292.00",1
09/08/2025,Debit to Anderson,,,"-$1,875.00","$36,337.00",1
02/13/2024,Unit remittance for residential unit,,,"-$1,800.00","$49,810.00",1
08/10/2025,Residential facility fee,,,"-$1,900.00","$8,332.00",1
06/16/2025,Lease obligation payment,,,"-$1,600.00","$11,793.00",1
12/01/2025,Ren tpayment,,,"-$2,350.00","$25,466.00",1
06/19/2025,HOA fee + tax,,,"-$1,400.00","$7,974.00",0
10/17/2025,Apartment payment + parking,,,"-$1,300.00","$34,063.00",1
05/22/2025,Habitation remittance,,,"-$1,625.00","$20,848.00",1
07/08/2025,Rent with included services,,,-$600.00,"$8,934.00",1
07/09/2024,RENT: UNIT 304,,,-$850.00,"$8,795.00",1
01/01/2025,Utility fee incl. services,,,"-$1,600.00","$14,660.00",0
03/14/2025,HOA fee incl. services,,,"-$1,600.00","$3,065.00",0
11/23/2024,Building payment,,,-$900.00,"$36,325.00",0
03/08/2025,Accommodation remittance including tax,,,"$1,875.00","$25,901.00",1
05/14/2025,Rant fee,,,"-$2,400.00","$6,437.00",1
10/08/2025,Residential payment First Monday,,,"-$1,950.00","$31,754.00",1
11/26/2024,Lease payment for residential unit,,,"-$1,400.00","$1,674.00",1
08/30/2025,RENT - APT 5B,,,"-$2,625.00","$12,877.00",1
10/08/2024,HOA fee incl. services,,,"-$1,800.00","$8,711.00",0
06/27/2024,Service 20th periodic,,,-$75.00,"$8,187.00",0
03/19/2024,Facility Solutions (Unit 25C),,,"-$1,275.00","$12,971.00",1
12/14/2024,RENT>>PAYMENT,,,"-$2,375.00","$46,926.00",1
04/13/2024,Debit to Anderson,,,"-$2,950.00","$25,030.00",1
01/22/2024,Maintenence payment,,,"-$1,800.00","$3,197.00",0
03/22/2025,Unit letting,,,"-$1,550.00","$44,561.00",0
05/01/2025,Besides rent - insurance,,,"-$1,250.00","$13,241.00",0
04/01/2025,Abode payment plus insurance,,,"-$1,900.00","$5,379.00",1
08/19/2025,Rent payment (apartment),,,-$725.00,"$20,683.00",1
12/19/2025,Property payment for residential unit,,,-$800.00,"$8,389.00",1
08/22/2025,Rental payment,,,-$150.00,"$32,482.00",0
07/12/2024,Premises fee with service charge,,,"-$2,375.00","$26,418.00",1
05/29/2024,Abode payment plus insurance,,,"-$1,050.00","$5,757.00",1
09/09/2024,Unit payment including maintenance,,,"-$1,825.00","$27,633.00",1
03/18/2025,My unit disbursement,,,"-$1,900.00","$48,611.00",1
02/04/2025,Besides rent - insurance,,,$150.00,"$34,393.00",0
10/23/2025,SERVICE - MONTHLY,,,"-$1,600.00","$5,918.00",0
09/06/2025,ACH to Johnson LLC,,,"-$1,100.00","$3,618.00",0
10/11/2024,Lease payment,,,"$1,800.00","$20,889.00",0
11/11/2024,CHARGE - AUTO,,,-$900.00,"$46,118.00",0
04/25/2025,Lease fee for residential unit,,,"-$1,800.00","$42,377.00",1
09/14/2024,Dwelling disbursement plus fees,,,"-$1,700.00","$21,516.00",1
09/02/2024,Flat fee,,,"-$1,750.00","$27,970.00",0
09/27/2024,Crib fee,,,-$250.00,"$10,127.00",0
07/13/2024,Maintenance fee incl. services,,,"-$1,200.00","$31,322.00",0
04/30/2024,Rent (missed auto),,,"-$1,425.00","$42,513.00",1
07/06/2024,CHARGE - RECURRING,,,-$300.00,"$38,236.00",0
07/04/2025,Building payment,,,$950.00,"$37,089.00",0
01/04/2024,End of month remittance,,,-$350.00,"$37,087.00",0
06/07/2025,Digs payment,,,"-$2,100.00","$33,083.00",0
05/02/2025,Rent payment (primary residence),,,-$925.00,"$24,680.00",1
02/12/2024,RENT #2024-001,,,"-$1,000.00","$9,350.00",1
12/04/2025,Rent payment ,,,"-$2,950.00","$23,125.00",1
10/18/2024,Besides rent - insurance,,,-$300.00,"$18,480.00",0
08/30/2024,Unit Management,,,"-$1,400.00","$26,118.00",0
07/08/2025,Apartment payment + parking,,,-$900.00,"$18,676.00",1
05/07/2024,Bi-weekly housing,,,-$700.00,"$11,855.00",0
08/13/2024,Monthly payment to John (Unit 20B),,,"-$3,050.00","$30,239.00",1
08/25/2024,Premises maintenance remittance,,,"-$2,125.00","$49,441.00",1
09/21/2025,Utilitie payment,,,"-$1,200.00","$45,126.00",0
03/23/2025,Maintenence payment,,,"-$2,600.00","$29,979.00",0
01/16/2025,Habitation remittance,,,"-$1,925.00","$14,574.00",1
11/17/2024,Building payment for residential unit,,,"-$1,450.00","$25,867.00",1
01/25/2024,Service fee incl. services,,,-$100.00,"$26,484.00",0
01/03/2025,Lease fee,,,$700.00,"$6,862.00",0
09/18/2024,Building payment,,,-$500.00,"$11,361.00",0
08/12/2024,RENT|AUTO,,,"-$2,575.00","$25,998.00",1
02/19/2024,Utilitie payment,,,"-$2,800.00","$6,194.00",0
04/08/2025,Debit to Anderson,,,$700.00,"$16,013.00",0
11/15/2024,ACH to Johnson LLC,,,-$300.00,"$38,526.00",0
10/22/2024,Unit letting,,,"-$1,225.00","$13,804.00",1
03/09/2024,Rent (missed auto),,,"-$1,300.00","$31,312.00",1
07/02/2024,Quarterly dwelling,,,-$200.00,"$12,258.00",0
06/09/2025,UTILITY - RECURRING,,,"-$2,400.00","$9,669.00",0
09/15/2025,RENT>>PAYMENT,,,"-$1,575.00","$12,478.00",1
12/31/2025,Payment on 1st of month,,,$700.00,"$9,906.00",1
10/21/2024,Rent payment (primary residence),,,"-$2,000.00","$27,469.00",1
10/24/2025,Membership 25th standing,,,"-$1,400.00","$17,477.00",0
06/19/2024,Condo fee,,,-$150.00,"$40,308.00",0
11/01/2024,Semi-monthly residence,,,-$700.00,"$2,564.00",0
05/13/2025,Monthly payment to John,,,-$250.00,"$10,644.00",0
08/27/2025,Servise payment,,,"-$1,800.00","$10,326.00",0
08/20/2024,Residential payment 20th periodic,,,"-$2,425.00","$31,487.00",1
07/28/2024,Separate from rent - deposit,,,-$75.00,"$42,944.00",0
10/29/2024,Property payment for residential unit,,,"-$2,275.00","$29,402.00",1
09/04/2025,Periodic 30th payment,,,"$2,350.00","$32,421.00",1
12/26/2024,Building fee for residential unit,,,"-$2,575.00","$7,638.00",1
12/29/2025,Letting fee,,,-$700.00,"$35,150.00",1
01/25/2024,Additional to rent - fee,,,"-$1,600.00","$19,672.00",0
02/22/2024,UTILITY - RECURRING,,,-$900.00,"$44,667.00",0
06/06/2024,Residential payment Last day,,,"-$1,775.00","$42,628.00",1
05/27/2024,Quarterly dwelling,,,"-$1,950.00","$15,433.00",0
02/15/2024,Unit remittance for residential unit,,,"-$1,375.00","$28,367.00",1
03/13/2025,Rental payment,,,"$1,300.00","$11,708.00",1
09/28/2024,Rent/payment,,,-$825.00,"$11,853.00",1
04/26/2024,Building Management,,,$450.00,"$31,731.00",0
08/13/2025,Spot payment,,,-$450.00,"$11,197.00",0
08/31/2025,Servise payment,,,-$300.00,"$18,838.00",0
06/05/2025,Property fee,,,-$75.00,"$17,884.00",0
05/31/2024,Place remittance,,,"-$1,425.00","$11,043.00",1
12/15/2025,Flat fee,,,"-$2,125.00","$22,706.00",1
03/24/2024,Domicile Solutions,,,-$900.00,"$21,575.00",0
03/22/2025,Rent payment (primary residence),,,"-$1,125.00","$3,005.00",1
01/14/2025,Transfer to Miller,,,-$900.00,"$26,974.00",0
02/19/2025,Rent payment ,,,"-$1,625.00","$11,806.00",1
06/12/2024,Pad payment,,,-$600.00,"$6,394.00",0
06/02/2024,Condo fee,,,$825.00,"$1,136.00",1
06/30/2024,Remittance to Moore,,,$500.00,"$46,874.00",0
11/13/2025,Letting fee,,,-$200.00,"$3,552.00",0
02/10/2024,Rent with included services,,,"-$1,275.00","$33,136.00",1
09/30/2024,Pad payment,,,"-$2,550.00","$19,641.00",1
03/07/2024,Rent payment (primary residence),,,"-$1,300.00","$40,746.00",1
12/06/2025,Housing Associates,,,"-$1,275.00","$24,511.00",1
10/27/2024,HOA fee + insurance,,,-$300.00,"$44,663.00",0
08/03/2024,Debit to Anderson,,,-$750.00,"$8,714.00",0
04/20/2024,Residential payment 10th recurring,,,"-$1,050.00","$22,805.00",1
08/16/2025,Facility Solutions,,,$700.00,"$44,795.00",0
12/27/2025,Facility Solutions,,,"-$1,250.00","$23,615.00",0
02/20/2024,Where I live payment,,,"-$1,925.00","$31,376.00",1
12/27/2025,CHARGE - MONTHLY,,,-$450.00,"$44,149.00",0
08/03/2025,SERVICE - MONTHLY,,,-$200.00,"$32,909.00",0
05/31/2024,Debit to Anderson,,,-$300.00,"$19,209.00",0
07/03/2024,Rent payment ,,,"-$1,850.00","$25,446.00",1
01/03/2024,Mid-month transfer,,,"-$1,000.00","$45,587.00",0
06/27/2025,Lease charge,,,"-$1,400.00","$29,504.00",0
04/10/2025,Residential payment Semi-monthly,,,"-$2,800.00","$30,913.00",1
10/18/2024,Property remittance for residential unit,,,"-$2,950.00","$28,344.00",1
09/15/2025,Flat fee,,,"-$1,400.00","$43,733.00",0
08/22/2024,Accommodation remittance including tax,,,"-$1,575.00","$35,782.00",1
02/11/2024,Periodic 30th payment,,,"-$1,900.00","$5,987.00",1
07/02/2025,CHARGE - MONTHLY,,,"-$1,000.00","$42,944.00",0
09/06/2025,HOA fee incl. services,,,-$250.00,"$8,593.00",0
02/02/2025,Flat fee,,,"-$1,300.00","$1,931.00",1
03/22/2024,Complex charge,,,"$1,100.00","$48,907.00",0
06/22/2024,Maintenance fee + insurance,,,-$200.00,"$11,741.00",0
04/09/2024,Maintenence payment,,,-$400.00,"$42,878.00",0
03/19/2024,Residential payment Calendar month,,,$900.00,"$5,324.00",1
07/02/2024,Building Management,,,"-$2,800.00","$9,001.00",0
11/15/2025,Utility fee + insurance,,,-$100.00,"$13,405.00",0
01/19/2024,Service Semi-monthly,,,"-$1,750.00","$46,189.00",0
05/05/2025,Residential payment Monthly anniversary,,,"-$1,800.00","$26,511.00",1
04/16/2024,CHARGE - MONTHLY,,,"-$2,400.00","$46,701.00",0
08/20/2024,RENT~MONTHLY,,,"-$2,825.00","$43,108.00",1
07/22/2024,UTILITY - RECURRING,,,"-$1,850.00","$44,553.00",0
10/26/2025,Unit payment,,,-$450.00,"$7,289.00",0
08/30/2025,Remittance: DWELLING,,,"-$2,850.00","$23,328.00",1
10/01/2025,RENT_INVOICE_001,,,"-$1,450.00","$28,894.00",1
02/09/2024,UTILITY - RECURRING,,,-$150.00,"$11,029.00",0
12/14/2024,UTILITY - AUTO,,,"-$1,650.00","$27,664.00",0
01/27/2024,Residential payment 25th standing,,,"-$1,200.00","$35,403.00",1
01/06/2025,Where I live payment,,,"-$1,750.00","$12,968.00",1
08/19/2025,RENT - DO NOT DELETE,,,-$750.00,"$37,058.00",1
12/30/2025,Pad payment,,,"$2,800.00","$44,116.00",1
04/12/2024,UTILITY - RECURRING,,,"-$1,750.00","$4,411.00",0
03/11/2024,Lease obligation payment,,,-$975.00,"$24,666.00",1
07/08/2025,Wire to Thompson,,,"-$1,400.00","$17,225.00",0
12/08/2024,Payment on 1st of month,,,-$900.00,"$48,759.00",1
06/22/2024,Rent..payment,,,"$2,575.00","$1,346.00",1
08/13/2025,Servise payment,,,-$900.00,"$14,828.00",0
07/16/2024,FEE - RECURRING,,,-$150.00,"$38,901.00",0
10/02/2024,Bi-weekly housing,,,-$125.00,"$40,666.00",0
01/02/2024,Membership Last day,,,-$250.00,"$38,789.00",0
10/18/2025,Crib fee,,,"-$1,425.00","$16,129.00",1
02/17/2024,Rent..payment,,,"$1,925.00","$19,123.00",1
08/11/2025,Residential facility fee,,,-$900.00,"$23,371.00",1
04/02/2025,Dwelling remittance,,,"$1,850.00","$25,820.00",1
03/30/2025,Service fee + tax,,,-$600.00,"$44,404.00",0
05/16/2025,Rent payment (primary residence),,,"-$2,050.00","$29,396.00",1
06/11/2024,Semi-monthly residence,,,-$75.00,"$14,358.00",0
04/23/2024,SERVICE - RECURRING,,,-$650.00,"$35,707.00",0
08/23/2025,Rent payment (primary residence),,,"-$1,475.00","$19,062.00",1
02/03/2025,Facility Solutions,,,-$300.00,"$16,363.00",0
01/28/2025,Unit Management,,,"-$1,000.00","$18,542.00",0
06/18/2025,Check #1234 for monthly,,,-$350.00,"$21,330.00",0
01/21/2024,Semi-monthly residence,,,-$125.00,"$17,010.00",0
10/04/2025,Rent payment (apartment),,,$625.00,"$22,454.00",1
08/04/2025,Lease fee,,,"-$1,650.00","$28,842.00",0
12/13/2025,SERVICE - AUTO,,,$600.00,"$38,041.00",0
04/08/2024,Complex payment,,,-$300.00,"$24,388.00",0
09/03/2024,Condo fee,,,-$300.00,"$46,202.00",0
04/15/2024,Lodgings remittance,,,"-$1,475.00","$14,432.00",1
02/26/2025,Spot payment,,,"-$2,800.00","$9,894.00",0
08/07/2024,Check #1234 for monthly (Unit 1C),,,"$2,050.00","$43,140.00",1
08/02/2024,Quarterly dwelling,,,-$300.00,"$17,404.00",0
02/15/2024,Rent payment (primary residence),,,"-$2,775.00","$46,604.00",1
05/16/2025,RENT - DO NOT DELETE,,,"-$2,100.00","$34,010.00",1
08/12/2025,Residential Services,,,"-$1,875.00","$11,767.00",1
04/09/2024,Residential payment Semi-monthly,,,-$650.00,"$11,286.00",1
02/16/2024,Rant remittance,,,"-$1,325.00","$31,202.00",1
11/08/2025,Rent payment (apartment),,,"-$1,050.00","$48,452.00",1
01/10/2025,Dwelling disbursement plus fees,,,"-$2,075.00","$11,424.00",1
01/22/2025,Real Estate Solutions,,,-$75.00,"$28,548.00",0
03/27/2024,Rant remittance,,,-$825.00,"$29,483.00",1
12/17/2025,RENT #2024-001,,,"-$2,650.00","$35,790.00",1
04/08/2025,Domicile Solutions,,,"-$1,200.00","$30,429.00",0
06/25/2024,HOA fee + insurance,,,-$450.00,"$49,065.00",0
07/19/2024,Rent payment (primary residence),,,"$2,825.00","$39,102.00",1
12/12/2025,Domicile disbursement,,,"$1,500.00","$8,416.00",1
02/08/2025,Membership Semi-monthly,,,"-$1,250.00","$16,191.00",0
09/03/2024,Residential payment Bi-weekly,,,"-$2,750.00","$37,194.00",1
12/13/2024,Tenancy payment,,,"-$1,550.00","$9,924.00",1
02/15/2024,Rent payment ,,,"-$1,075.00","$6,857.00",1
10/01/2025,Rent payment (primary residence),,,"-$2,750.00","$22,092.00",1
06/17/2024,Maintenance fee + tax,,,-$75.00,"$44,573.00",0
02/01/2024,Periodic domicile remittance,,,"-$2,950.00","$13,479.00",1
04/10/2024,Distinct from rent - service,,,"-$1,800.00","$40,640.00",0
06/02/2024,Residential payment 25th standing,,,"-$1,900.00","$34,031.00",1
10/26/2024,ACH to Johnson LLC,,,"-$1,200.00","$38,773.00",0
10/21/2024,Non-rent housing expense,,,"-$1,650.00","$3,782.00",0
01/23/2025,Distinct from rent - service,,,-$700.00,"$4,201.00",0
11/08/2025,Transfer to Miller,,,"-$1,700.00","$34,809.00",1
06/26/2025,Housing Associates,,,"-$2,100.00","$18,656.00",0
11/25/2024,Unit fee for residential unit,,,"-$1,850.00","$38,802.00",1
02/12/2024,Letting fee,,,"-$1,800.00","$16,754.00",0
09/08/2025,CHARGE - AUTO,,,-$500.00,"$41,920.00",0
05/08/2024,Place I stay remittance,,,-$700.00,"$17,568.00",1
07/23/2025,Residential payment Every 30 days,,,-$650.00,"$17,951.00",1
07/14/2025,Residential payment First Monday,,,"-$1,500.00","$48,066.00",1
06/25/2025,Unit payment including maintenance,,,"-$1,525.00","$5,294.00",1
12/14/2025,Rent payment (apartment),,,"-$1,625.00","$43,282.00",1
02/21/2025,Monthly payment to John,,,-$300.00,"$9,553.00",0
06/25/2025,Non-rent housing expense,,,-$400.00,"$31,275.00",0
02/03/2025,Payment on 1st of month,,,"-$1,850.00","$3,773.00",1
02/16/2025,Rent ;payment,,,"-$1,850.00","$13,252.00",1
07/15/2024,Service Every 30 days,,,-$100.00,"$19,336.00",0
06/09/2025,Strata payment,,,"-$1,000.00","$15,802.00",0
01/12/2025,Recurring 1st week,,,"-$1,250.00","$9,798.00",1
09/16/2025,UTILITY - AUTO,,,$750.00,"$20,095.00",0
07/28/2024,Residential payment 15th auto,,,"-$1,825.00","$17,889.00",1
12/26/2025,First of month payment,,,-$300.00,"$6,902.00",0
12/29/2025,Strata payment,,,"-$2,200.00","$40,744.00",1
09/03/2024,Crib fee,,,"-$1,375.00","$27,541.00",1
08/19/2024,Residential Services,,,$75.00,"$41,099.00",0
12/01/2024,Subscription 5th monthly,,,"-$1,000.00","$48,204.00",0
01/11/2024,Residential payment 15th auto,,,-$600.00,"$22,927.00",1
04/24/2024,Pad payment,,,"-$1,000.00","$25,726.00",0
04/28/2025,HOA fee + insurance,,,-$400.00,"$48,499.00",0
01/04/2024,SERVICE - RECURRING,,,-$500.00,"$4,797.00",0
11/14/2024,Residence fee including amenities,,,"-$2,650.00","$36,338.00",1
08/19/2024,Complex Services,,,-$900.00,"$10,128.00",0
07/18/2024,First of month payment,,,-$200.00,"$34,151.00",0
03/16/2024,Payment to Wilson,,,"-$2,050.00","$3,390.00",1
05/13/2024,Unit letting,,,-$75.00,"$23,117.00",0
05/19/2025,Residential payment Last day,,,"-$2,050.00","$7,290.00",1
05/11/2024,Rent payment ,,,-$725.00,"$4,629.00",1
01/04/2025,Unit charge for residential unit,,,-$675.00,"$30,860.00",1
11/24/2024,Residential payment 15th auto,,,-$925.00,"$17,647.00",1
12/30/2024,Residential Services,,,"-$1,000.00","$8,128.00",0
10/03/2025,CHARGE - AUTO,,,"-$1,800.00","$35,373.00",0
10/24/2024,Utilitie payment,,,-$125.00,"$1,324.00",0
07/17/2024,Complex charge,,,$900.00,"$49,277.00",0
02/21/2025,Accommodation disbursement,,,"-$1,900.00","$4,499.00",1
11/14/2025,Unit payment for residential unit,,,-$800.00,"$37,992.00",1
10/23/2024,Wire to Thompson,,,"-$2,250.00","$11,852.00",1
09/04/2025,Subscripton payment,,,"-$1,600.00","$44,042.00",0
07/19/2025,HOA fee + tax,,,"-$1,000.00","$24,998.00",0
10/14/2025,Service 15th auto,,,-$450.00,"$33,796.00",0
08/06/2025,Service fee + tax,,,"-$1,450.00","$10,259.00",0
02/17/2025,Letting fee,,,-$700.00,"$37,563.00",0
06/07/2024,Unit disbursement,,,$800.00,"$3,000.00",0
06/27/2024,Maintenence payment,,,"-$1,200.00","$35,078.00",0
11/29/2024,Accommodation remittance including tax,,,"-$1,825.00","$35,092.00",1
11/04/2025,RENT - APT 5B,,,"-$1,600.00","$27,704.00",1
05/25/2024,Residential payment Semi-monthly,,,"-$2,100.00","$10,649.00",1
08/27/2025,Servise payment,,,-$700.00,"$37,085.00",0
08/09/2025,Property remittance,,,"-$1,350.00","$32,583.00",0
04/10/2024,Service fee + tax,,,"-$1,000.00","$8,876.00",0
07/15/2024,Subscripton payment,,,"-$3,000.00","$21,364.00",0
10/03/2025,UTILITY - MONTHLY,,,-$900.00,"$44,759.00",0
09/06/2025,Property fee,,,-$100.00,"$26,374.00",0
03/17/2024,Housing allocation payment,,,"-$1,700.00","$5,339.00",1
06/24/2025,Payment on 1st of month,,,-$850.00,"$22,062.00",0
04/09/2025,Rent payment ,,,"-$2,575.00","$30,053.00",1
10/04/2025,First of month payment,,,-$500.00,"$2,102.00",0
03/27/2025,Other than rent - tax,,,"-$2,250.00","$48,580.00",0
02/25/2025,Service fee + insurance,,,-$50.00,"$33,249.00",0
01/28/2025,Membership 10th recurring,,,"-$1,550.00","$35,339.00",0
03/09/2024,Service 15th auto,,,$800.00,"$21,591.00",0
06/24/2024,Quarterly dwelling,,,"$2,800.00","$31,425.00",0
07/28/2024,RENT PAYMENT (MONTHLY),,,-$900.00,"$1,030.00",1
04/25/2024,Residential Services,,,$300.00,"$21,824.00",0
04/23/2025,Rent payment (apartment),,,"-$1,875.00","$15,303.00",1
03/17/2024,FEE - RECURRING,,,-$350.00,"$12,055.00",0
02/18/2024,Housing Associates,,,$400.00,"$7,194.00",0
10/09/2024,Recurring transfer to Smith,,,-$300.00,"$7,659.00",0
04/26/2025,Lodgings remittance,,,-$800.00,"$34,645.00",0
07/10/2024,Periodic domicile remittance,,,-$875.00,"$39,600.00",1
04/14/2024,Dwelling disbursement plus fees,,,"-$2,625.00","$36,790.00",1
05/18/2025,Subscripton payment,,,-$300.00,"$16,180.00",0
04/27/2024,RENT PAYMENT (MONTHLY),,,"-$2,800.00","$23,182.00",1
08/09/2025,Rent ;payment,,,-$675.00,"$39,575.00",1
02/16/2025,Utility fee + insurance,,,-$900.00,"$33,536.00",0
02/18/2025,Place remittance,,,"-$1,050.00","$1,147.00",1
07/07/2025,Monthly on 15th,,,"-$1,850.00","$11,434.00",0
02/06/2025,Habitation remittance with utilities,,,-$650.00,"$30,313.00",1
12/04/2025,Premises Services (Unit 5C),,,"$1,200.00","$10,092.00",1
08/04/2025,Lease payment,,,"-$1,600.00","$36,013.00",0
08/28/2024,Apart from rent - maintenance,,,"-$1,200.00","$2,059.00",0
05/09/2024,RENT - APT 5B,,,"$1,700.00","$46,337.00",1
11/09/2025,RENT-RECURRING,,,"$1,600.00","$43,491.00",1
11/01/2024,RENT_INVOICE_001,,,"-$2,650.00","$43,419.00",1
10/17/2024,Lease charge for residential unit,,,"-$2,200.00","$29,927.00",1
12/31/2024,Residential payment 15th auto,,,"-$2,825.00","$32,300.00",1
07/06/2025,Rent..payment,,,"$1,200.00","$30,622.00",1
01/24/2025,Utilitie payment,,,"-$1,800.00","$41,005.00",0
01/28/2025,Pad payment,,,"-$1,400.00","$48,090.00",0
05/12/2024,Complex payment for residential unit,,,"-$2,350.00","$35,874.00",1
11/28/2025,Unit letting,,,"-$1,450.00","$46,580.00",0
01/31/2024,Maintenance fee + insurance,,,-$600.00,"$30,926.00",0
02/01/2024,Apartment payment + parking,,,"-$1,600.00","$49,920.00",1
01/18/2025,Wire to Thompson,,,"-$1,000.00","$13,852.00",0
12/27/2024,RENT>>PAYMENT,,,"-$1,625.00","$42,546.00",1
11/30/2025,Pad payment,,,"-$1,575.00","$15,561.00",1
07/13/2025,Residential payment Semi-monthly,,,-$950.00,"$18,087.00",1
12/01/2025,Habitation remittance with utilities,,,"-$1,300.00","$48,344.00",1
07/01/2024,Subscription 25th standing,,,-$200.00,"$39,608.00",0
12/12/2025,Complex Services,,,"-$1,800.00","$34,061.00",1
07/27/2025,Ren tpayment,,,"$1,800.00","$33,088.00",1
01/30/2025,Subscription Bi-weekly,,,-$50.00,"$45,571.00",0
09/24/2024,Zelle to Davis,,,-$400.00,"$45,264.00",0
04/25/2024,Residential payment Semi-monthly,,,"-$2,375.00","$35,179.00",1
08/18/2025,End of month remittance,,,"-$1,850.00","$21,157.00",0
11/29/2024,Check #1234 for monthly,,,"-$1,725.00","$48,771.00",1
01/09/2025,Rent with included services,,,"-$2,125.00","$35,375.00",1
08/31/2024,Rent-paymnt,,,"-$1,700.00","$41,682.00",1
06/02/2024,Utility fee + insurance,,,"-$1,850.00","$26,095.00",0
12/13/2025,Condo fee,,,"-$2,750.00","$9,626.00",1
01/07/2024,Debit to Anderson,,,-$300.00,"$23,827.00",0
06/15/2024,FEE - AUTO,,,$700.00,"$39,244.00",0
04/05/2025,Rental payment,,,-$400.00,"$47,275.00",0
06/06/2025,Building payment,,,"-$1,200.00","$28,653.00",0
11/20/2024,Maintenence payment,,,-$200.00,"$41,264.00",0
03/25/2024,RENT-RECURRING,,,"-$1,700.00","$1,410.00",1
02/13/2024,Remittance to Moore,,,"-$1,500.00","$16,210.00",1
08/30/2024,Dwelling remittance,,,"-$1,750.00","$1,365.00",1
12/14/2024,Distinct from rent - service,,,-$250.00,"$49,375.00",0
11/29/2025,My house monthly,,,"-$1,700.00","$26,104.00",1
08/23/2025,HOA fee + tax,,,-$900.00,"$15,554.00",0
04/04/2025,CHARGE - AUTO,,,-$400.00,"$1,417.00",0
01/10/2025,RENT PAYMENT (MONTHLY),,,"-$1,850.00","$5,560.00",1
06/26/2024,Rent/payment,,,-$925.00,"$5,123.00",1
07/23/2024,Monthly housing and utilities bundle,,,"-$1,700.00","$25,717.00",1
04/02/2024,Unit letting,,,"-$1,575.00","$48,025.00",1
12/19/2024,Wire to Thompson,,,-$900.00,"$44,591.00",0
06/30/2024,Maintenence payment,,,-$900.00,"$24,801.00",0
05/10/2025,Debit to Anderson,,,"-$1,400.00","$41,541.00",0
06/07/2025,RENT~MONTHLY,,,"-$2,000.00","$7,701.00",1
02/24/2024,Lodgings remittance,,,-$800.00,"$12,504.00",0
04/13/2025,Rent with included services,,,"$2,225.00","$43,952.00",1
01/30/2024,Complex fee for residential unit,,,"$1,150.00","$41,292.00",1
02/25/2025,RENT: UNIT 304,,,"-$2,100.00","$39,350.00",1
10/17/2025,Unit remittance for residential unit,,,"-$1,425.00","$24,834.00",1
08/14/2025,RENT|AUTO,,,"-$1,350.00","$21,189.00",1
03/03/2025,First of month payment,,,"-$1,800.00","$33,315.00",0
06/14/2024,RENT #2024-001,,,"-$1,400.00","$18,107.00",1
08/14/2025,CHARGE - AUTO,,,"-$2,250.00","$39,159.00",0
01/03/2024,Wire to Thompson,,,-$750.00,"$44,694.00",0
06/23/2025,Service Every 30 days,,,-$250.00,"$22,422.00",0
08/16/2025,Residential payment Bi-weekly,,,"-$1,425.00","$45,251.00",1
05/17/2024,R3nt fee,,,-$800.00,"$3,467.00",1
09/28/2024,Rent-paymnt,,,"-$2,300.00","$38,284.00",1
12/23/2024,Maintenance fee incl. services,,,"-$1,000.00","$36,061.00",0
03/03/2024,Utilitie payment,,,"-$1,650.00","$26,418.00",0
08/09/2025,RENT>>PAYMENT,,,"-$1,700.00","$23,733.00",1
08/03/2024,RENT>>PAYMENT,,,-$800.00,"$43,133.00",1
08/23/2025,Rent..payment,,,-$600.00,"$32,324.00",1
10/31/2025,SERVICE - MONTHLY,,,"$1,600.00","$38,784.00",0
04/26/2025,Monthly on 15th,,,"-$1,400.00","$8,547.00",0
02/11/2025,Recurring habitation expenditure,,,"-$1,050.00","$8,738.00",1
02/23/2025,Excluding rent - HOA,,,-$850.00,"$26,072.00",0
04/17/2024,Wire to Thompson,,,-$750.00,"$48,382.00",0
11/08/2025,Subscripton payment,,,"-$1,350.00","$38,478.00",0
03/17/2025,Complex payment for residential unit,,,"-$2,750.00","$30,841.00",1
06/17/2025,Mid-month transfer,,,-$850.00,"$37,594.00",0
10/02/2025,Flat fee,,,-$50.00,"$9,823.00",0
09/02/2025,Debit to Anderson (Unit 38A),,,"-$1,850.00","$5,326.00",1
08/07/2024,Rent(payment),,,"-$1,825.00","$39,237.00",1
01/18/2024,Servise payment,,,"-$1,550.00","$24,528.00",0
07/06/2025,Building fee,,,-$150.00,"$5,911.00",0
01/27/2024,Invoice: RESIDENCE,,,-$775.00,"$41,255.00",1
05/05/2025,Facility Solutions (Unit 11C),,,-$775.00,"$6,595.00",1
03/12/2025,UTILITY - RECURRING,,,"-$1,650.00","$8,014.00",0
11/23/2024,Bi-weekly housing,,,-$200.00,"$43,076.00",0
08/15/2024,Rent (missed auto),,,-$725.00,"$2,104.00",1
02/19/2025,Membership Semi-monthly,,,-$800.00,"$21,202.00",0
01/14/2025,Rent payment (apartment),,,"-$1,850.00","$12,303.00",1
09/14/2024,Rent payment ,,,"-$1,100.00","$1,179.00",1
02/15/2024,Place remittance,,,"-$1,000.00","$14,580.00",1
02/26/2025,Tenancy payment,,,"-$2,275.00","$6,896.00",1
06/14/2024,NOT rent - utilities,,,-$950.00,"$44,921.00",0
04/03/2025,Premises Services,,,-$50.00,"$23,460.00",0
04/19/2025,123 Main St monthly,,,-$775.00,"$17,154.00",1
04/18/2025,Ren tpayment,,,-$800.00,"$19,856.00",1
06/27/2025,Subscription First Monday,,,-$250.00,"$47,141.00",0
01/26/2024,Invoice #APT2024-001,,,"-$1,250.00","$35,611.00",1
04/02/2025,Separate from rent - deposit,,,"-$1,600.00","$8,896.00",0
12/07/2024,Monthly on 15th,,,"-$1,400.00","$29,801.00",1
03/23/2025,CHARGE - MONTHLY,,,-$100.00,"$16,764.00",0
12/17/2025,RENT - APT 5B,,,$700.00,"$27,409.00",1
03/11/2025,Property Services LLC,,,"-$1,800.00","$8,633.00",0
04/02/2025,Crib fee,,,"$2,200.00","$3,447.00",1
11/01/2025,Transfer to Miller,,,"-$2,750.00","$37,891.00",1
08/10/2025,Transfer to Miller,,,-$100.00,"$17,745.00",0
08/26/2025,Periodic 30th payment,,,"-$2,425.00","$35,680.00",1
10/16/2025,ACH to Johnson LLC,,,-$250.00,"$8,882.00",0
01/26/2025,Maintenance fee + tax,,,$700.00,"$10,728.00",0
05/11/2025,Recurring transfer to Smith,,,"-$3,000.00","$12,416.00",1
03/23/2025,First of month payment,,,"-$1,000.00","$39,198.00",0
09/17/2025,Rent payment ,,,-$850.00,"$29,232.00",1
01/27/2024,Recurring transfer to Smith,,,"-$2,775.00","$27,918.00",1
06/11/2024,Monthly housing and utilities bundle,,,"-$1,500.00","$36,766.00",1
08/28/2024,Lease charge for residential unit,,,"-$2,650.00","$10,607.00",1
03/26/2024,Residential payment 1st of month,,,"-$2,850.00","$19,990.00",1
03/13/2024,Residential payment Last day,,,"-$1,550.00","$11,532.00",1
04/07/2025,Residential payment 25th standing,,,"-$2,650.00","$16,278.00",1
06/03/2025,Unit payment,,,-$650.00,"$4,068.00",0
04/30/2025,Unit charge,,,-$200.00,"$6,578.00",0
09/01/2025,Non-rent housing expense,,,-$200.00,"$39,694.00",0
06/18/2024,Unit letting,,,"-$1,200.00","$48,592.00",0
08/15/2025,Subscription Quarterly,,,-$750.00,"$16,029.00",0
09/21/2024,Residential payment 5th monthly,,,"-$3,025.00","$28,993.00",1
05/21/2025,RENT - DO NOT DELETE,,,"-$1,275.00","$46,280.00",1
12/07/2024,Ren tpayment,,,-$975.00,"$44,164.00",1
07/05/2024,Recurring transfer to Smith,,,"-$1,600.00","$19,549.00",0
01/27/2025,Spot payment,,,-$350.00,"$18,409.00",0
06/07/2025,Unit charge,,,"-$2,800.00","$26,292.00",0
06/12/2024,Residential payment 25th standing,,,"-$2,975.00","$27,648.00",1
07/09/2025,Letting fee,,,"$1,000.00","$15,549.00",0
07/01/2025,Distinct from rent - service,,,-$300.00,"$10,008.00",0
02/08/2025,Distinct from rent - service,,,-$800.00,"$2,445.00",0
04/01/2024,Zelle to Davis,,,"-$1,000.00","$48,498.00",1
01/01/2025,Accommodation remittance including tax,,,"-$1,225.00","$8,075.00",1
08/06/2024,Rent payment (primary residence),,,-$650.00,"$17,293.00",1
09/17/2024,Lease charge for residential unit,,,-$975.00,"$46,896.00",1
06/18/2024,Building payment for residential unit,,,"-$1,675.00","$9,163.00",1
03/15/2025,Unit fee for residential unit,,,"-$1,350.00","$38,173.00",1
02/15/2025,CHARGE - AUTO,,,$900.00,"$5,281.00",0
12/17/2025,Unit Management,,,"-$2,750.00","$48,807.00",1
02/14/2025,Rent payment (apartment),,,"-$1,050.00","$30,022.00",1
02/27/2025,Tenancy payment,,,-$300.00,"$26,855.00",0
09/28/2024,Pad payment,,,"$1,200.00","$46,801.00",0
12/14/2025,HOA fee + insurance,,,"-$1,000.00","$6,917.00",0
12/14/2024,Flat fee,,,"-$1,100.00","$45,533.00",0
02/29/2024,RENT~MONTHLY,,,"-$1,825.00","$26,001.00",1
12/25/2024,Invoice: RESIDENCE,,,-$875.00,"$5,054.00",1
09/02/2025,Place remittance,,,"-$2,825.00","$21,603.00",1
02/24/2025,Residential payment Quarterly,,,"-$1,050.00","$18,033.00",1
01/16/2025,Unit letting,,,-$650.00,"$43,685.00",0
05/19/2024,Premises Services,,,"$1,650.00","$25,578.00",0
07/24/2025,HOA fee + insurance,,,"-$2,100.00","$1,940.00",0
11/18/2024,Additional to rent - fee,,,-$900.00,"$2,912.00",0
11/11/2024,Servise payment,,,-$250.00,"$2,893.00",0
05/13/2024,End of month remittance,,,-$500.00,"$25,986.00",0
10/10/2025,Residential Services,,,"-$1,600.00","$42,459.00",1
09/10/2025,Service fee + tax,,,-$50.00,"$11,503.00",0
05/01/2024,Remittance to Moore (Unit 49B),,,"-$2,125.00","$32,060.00",1
02/14/2025,Property Services LLC,,,-$650.00,"$12,591.00",0
12/27/2025,Subscription 5th monthly,,,"-$1,000.00","$34,886.00",0
03/02/2024,Semi-monthly residence,,,"-$2,400.00","$26,957.00",0
12/29/2025,Distinct from rent - service,,,-$850.00,"$40,028.00",0
03/30/2025,Subscription 1st of month,,,"-$2,100.00","$11,755.00",0
03/18/2024,Check #1234 for monthly,,,"-$2,600.00","$49,196.00",0
12/16/2024,Real Estate Solutions,,,"-$1,400.00","$35,884.00",0
04/17/2025,Crib fee,,,"$1,250.00","$34,689.00",1
11/13/2024,Unit 7B monthly,,,"-$1,500.00","$17,594.00",1
10/01/2024,Monthly on 15th,,,-$700.00,"$19,691.00",0
12/12/2024,Servise payment,,,"-$1,350.00","$47,722.00",0
10/19/2024,Subscripton payment,,,"$1,600.00","$30,540.00",0
02/11/2025,Servise payment,,,-$400.00,"$11,902.00",0
06/22/2024,Bi-weekly housing,,,"-$1,200.00","$5,769.00",0
12/28/2024,Utilitie payment,,,-$100.00,"$17,183.00",0
09/18/2024,Complex payment for residential unit,,,-$775.00,"$16,043.00",1
07/12/2025,Lodgings remittance,,,-$350.00,"$16,041.00",0
01/13/2024,Quarterly dwelling,,,"-$1,800.00","$47,868.00",0
03/27/2025,Other than rent - tax,,,"-$1,000.00","$23,632.00",0
10/12/2024,Quarterly dwelling,,,"-$1,850.00","$4,505.00",1
07/01/2025,RENT: UNIT 304,,,"-$2,450.00","$30,513.00",1
01/16/2024,Habitation remittance with utilities,,,"-$1,500.00","$36,168.00",1
05/29/2025,Rental payment,,,"-$1,200.00","$38,217.00",0
08/23/2025,Place remittance,,,-$150.00,"$40,246.00",0
11/09/2024,Residential payment 25th standing,,,"-$2,450.00","$32,414.00",1
10/07/2024,RENT PAYMENT (MONTHLY),,,"-$1,575.00","$6,868.00",1
12/28/2025,Payment to Wilson,,,-$150.00,"$43,513.00",0
08/29/2025,Rent payment (apartment),,,"-$1,425.00","$7,763.00",1
04/25/2024,Residential payment Quarterly,,,"-$2,825.00","$11,296.00",1
06/25/2024,Strata payment,,,-$800.00,"$14,899.00",1
05/29/2024,Dwelling remittance,,,-$625.00,"$1,138.00",1
03/05/2024,Unit payment including maintenance,,,"-$2,275.00","$3,969.00",1
06/04/2025,RENT>>PAYMENT,,,"-$2,825.00","$8,975.00",1
07/14/2025,My apartment payment,,,"-$1,350.00","$7,090.00",1
03/04/2024,Membership 15th auto,,,-$400.00,"$43,018.00",0
08/26/2025,Letting fee,,,"-$2,400.00","$37,066.00",1
07/18/2024,Property remittance for residential unit,,,"-$3,000.00","$7,400.00",1
01/04/2024,Mid-month transfer,,,"$2,275.00","$1,229.00",1
10/12/2024,Membership Every 30 days,,,-$600.00,"$2,280.00",0
03/22/2025,Rent payment (apartment),,,"-$1,975.00","$5,838.00",1
10/24/2025,Property payment for residential unit,,,"-$1,600.00","$47,142.00",1
10/15/2024,Ref: RES-UNIT-5B,,,"-$2,800.00","$41,246.00",1
09/25/2025,Distinct from rent - service,,,"-$2,800.00","$29,173.00",0
07/15/2025,Unit Management,,,-$150.00,"$38,001.00",0
06/12/2024,Lease payment,,,-$50.00,"$37,571.00",0
04/28/2025,Crib fee,,,"-$2,450.00","$3,007.00",1
08/28/2025,Additional to rent - fee,,,-$800.00,"$25,710.00",0
12/10/2025,Lodgings remittance,,,-$600.00,"$46,976.00",1
04/10/2025,SERVICE - RECURRING,,,-$50.00,"$1,383.00",0
05/22/2024,Subscription Monthly anniversary,,,-$500.00,"$8,718.00",0
05/13/2025,Non-rent housing expense,,,-$150.00,"$13,116.00",0
04/08/2024,Place remittance,,,"-$2,775.00","$40,882.00",1
05/21/2024,Excluding rent - HOA,,,"-$2,400.00","$39,511.00",0
04/05/2025,Where I live payment,,,"$1,850.00","$7,896.00",1
11/28/2025,Facility Solutions,,,-$75.00,"$9,284.00",0
08/14/2025,Landlord services payment,,,"-$2,350.00","$2,183.00",1
03/05/2024,Rent with included services,,,"-$1,775.00","$4,462.00",1
06/24/2024,Debit to Anderson,,,-$350.00,"$12,640.00",0
07/27/2025,Dwelling disbursement plus fees,,,-$600.00,"$35,089.00",1
06/13/2024,Premises fee with service charge,,,"-$1,400.00","$28,504.00",1
02/02/2025,Residential payment Bi-weekly,,,"-$1,800.00","$4,861.00",1
07/29/2025,Utility fee + tax,,,$125.00,"$41,004.00",0
04/19/2025,RENT: UNIT 304,,,-$850.00,"$6,299.00",1
01/06/2025,Periodic 30th payment,,,"-$2,200.00","$9,923.00",1
02/14/2024,Habitation remittance,,,"-$2,150.00","$1,963.00",1
05/10/2025,Recurring 1st week,,,-$900.00,"$21,464.00",1
12/16/2025,End of month remittance,,,"-$3,000.00","$28,079.00",0
02/26/2025,Building payment for residential unit,,,"-$1,575.00","$28,093.00",1
10/01/2025,Rent-pay ment,,,"-$1,125.00","$21,372.00",1
08/06/2024,Residential payment Every 30 days,,,-$800.00,"$3,975.00",1
12/26/2024,Rent..payment,,,"-$1,925.00","$5,503.00",1
10/30/2024,Semi-monthly residence,,,-$500.00,"$16,856.00",0
06/04/2024,NOT rent - utilities,,,$600.00,"$29,535.00",0
03/15/2025,Rent payment (apartment),,,"$2,775.00","$17,473.00",1
07/08/2025,Strata payment,,,-$400.00,"$15,932.00",0
10/07/2025,Subscription 20th periodic,,,-$150.00,"$4,478.00",0
03/30/2025,Service Every 30 days,,,-$600.00,"$24,097.00",0
01/07/2025,Residential payment 10th recurring,,,"-$1,400.00","$1,637.00",1
07/07/2025,Residential payment Monthly anniversary,,,"-$1,700.00","$42,218.00",1
01/29/2024,Utility fee + tax,,,$125.00,"$31,323.00",0
04/07/2024,Utility fee + tax,,,-$450.00,"$30,175.00",0
02/25/2024,Service fee + tax,,,"$1,850.00","$21,652.00",0
12/16/2025,Service Quarterly,,,-$50.00,"$12,943.00",0
11/17/2024,Maintenence payment,,,"-$2,100.00","$46,851.00",0
03/21/2024,Building disbursement for residential unit,,,"$1,325.00","$23,742.00",1
03/26/2025,Maintenance fee + tax,,,$800.00,"$33,264.00",0
03/29/2025,Rentt disbursement,,,"-$2,300.00","$24,190.00",1
10/21/2025,Transfer to Miller,,,"-$1,950.00","$45,403.00",0
11/07/2024,Rnet payment,,,"-$1,400.00","$19,181.00",1
05/09/2024,Subscription 15th auto,,,-$75.00,"$19,626.00",0
03/14/2024,Crib fee,,,$925.00,"$23,073.00",1
07/12/2025,Complex charge for residential unit,,,"-$1,900.00","$3,995.00",1
02/01/2025,Recurring transfer to Smith,,,-$700.00,"$38,854.00",0
10/21/2025,Apartment 12C fee,,,"-$2,150.00","$36,830.00",1
03/25/2025,NOT rent - utilities,,,-$300.00,"$46,507.00",0
08/11/2024,Accommodation remittance including tax,,,"-$1,650.00","$25,573.00",1
01/22/2024,Remittance: DWELLING,,,"-$2,275.00","$11,300.00",1
12/01/2024,Wire to Thompson,,,"-$1,800.00","$33,324.00",0
01/23/2025,Unit remittance for residential unit,,,"-$1,925.00","$31,105.00",1
07/07/2024,Crib fee,,,-$200.00,"$10,794.00",0
08/14/2024,Unit disbursement for residential unit,,,-$800.00,"$3,093.00",1
10/20/2025,RENT-RECURRING,,,-$750.00,"$42,759.00",1
06/06/2025,Monthly payment to John,,,-$150.00,"$26,167.00",0
03/30/2025,Debit to Anderson,,,"-$1,600.00","$45,455.00",0
04/12/2025,Lease payment,,,-$450.00,"$6,749.00",0
08/30/2025,Rent/payment,,,"-$2,100.00","$4,042.00",1
09/03/2024,Rent payment ,,,-$625.00,"$24,181.00",1
03/20/2024,Building Management,,,"$1,050.00","$8,506.00",1
12/18/2024,RENT - DO NOT DELETE,,,"-$2,750.00","$29,275.00",1
04/11/2024,Accommodation remittance including tax,,,"-$1,200.00","$35,369.00",1
06/18/2025,Condo fee,,,-$650.00,"$29,425.00",1
04/24/2024,Digs payment,,,"-$2,800.00","$37,084.00",1
08/25/2025,RENT>>PAYMENT,,,"-$2,275.00","$46,267.00",1
01/25/2025,Letting fee,,,$750.00,"$32,375.00",1
03/09/2024,Unit letting,,,"$1,150.00","$32,430.00",1
06/05/2025,Semi-monthly residence,,,$700.00,"$10,050.00",1
05/03/2025,Recurring transfer to Smith (Unit 14C),,,"-$1,700.00","$15,984.00",1
11/09/2025,Residential payment 1st of month,,,"-$1,500.00","$32,934.00",1
11/01/2025,Debit to Anderson,,,"-$1,000.00","$24,586.00",0
12/18/2025,Residence disbursement,,,-$625.00,"$14,622.00",1
10/10/2024,Residential payment Every 30 days,,,"-$1,075.00","$9,557.00",1
05/24/2025,Unit remittance,,,-$125.00,"$3,715.00",0
05/30/2025,Property management remittance,,,-$775.00,"$13,913.00",1
11/29/2025,Residential payment 1st of month,,,"-$1,900.00","$29,833.00",1
04/15/2025,Unit disbursement,,,"-$1,600.00","$5,655.00",0
10/29/2025,Domicile Solutions (Unit 44C),,,-$875.00,"$40,853.00",1
06/11/2024,Strata payment,,,"$1,300.00","$2,911.00",1
09/10/2024,FEE - MONTHLY,,,"-$1,600.00","$38,190.00",0
07/26/2024,Residential payment Last day,,,"-$2,350.00","$25,044.00",1
07/24/2025,CHARGE - RECURRING,,,-$800.00,"$3,659.00",0
08/27/2024,Servise payment,,,-$100.00,"$24,727.00",0
03/02/2024,Building fee,,,-$350.00,"$29,277.00",0
07/20/2024,Service fee incl. services,,,-$300.00,"$20,811.00",0
06/20/2024,Excluding rent - HOA,,,-$200.00,"$8,698.00",0
10/29/2024,Residential payment 20th periodic,,,"-$1,375.00","$49,420.00",1
11/01/2025,Flat fee,,,-$350.00,"$34,730.00",0
06/30/2025,Rent(payment),,,"$1,000.00","$10,667.00",1
11/14/2024,Residential payment Every 30 days,,,-$900.00,"$25,921.00",1
08/13/2024,Property Services LLC,,,-$300.00,"$19,463.00",0
07/10/2024,UTILITY - RECURRING,,,"-$1,200.00","$14,258.00",0
12/07/2025,ACH to Johnson LLC,,,"-$1,900.00","$2,834.00",1
09/30/2024,Lease payment,,,-$600.00,"$18,600.00",0
12/04/2024,Subscripton payment,,,"-$1,400.00","$18,580.00",0
07/23/2024,Complex charge,,,-$700.00,"$18,750.00",0
01/30/2025,Membership Semi-monthly,,,-$600.00,"$14,672.00",0
05/09/2024,Property Services LLC,,,-$400.00,"$1,519.00",0
09/25/2025,Membership 20th periodic,,,-$100.00,"$27,155.00",0
11/26/2024,Ren tpayment,,,"-$3,025.00","$30,273.00",1
04/25/2024,RENT - DO NOT DELETE,,,-$675.00,"$19,099.00",1
09/02/2024,Unit disbursement for residential unit,,,"-$1,525.00","$19,737.00",1
11/14/2025,Residential payment Quarterly,,,"-$2,850.00","$11,316.00",1
04/29/2024,Building disbursement,,,-$400.00,"$30,675.00",0
08/13/2024,HOA fee + tax,,,-$125.00,"$2,184.00",0
06/30/2025,Residence fee including amenities,,,"-$2,450.00","$11,945.00",1
05/03/2024,Unit 7B monthly,,,"$2,200.00","$37,502.00",1
11/21/2024,Real Estate Solutions,,,-$350.00,"$34,127.00",0
09/22/2024,Monthly on 15th,,,"-$1,800.00","$8,368.00",0
07/17/2024,Service fee incl. services,,,-$50.00,"$23,376.00",0
08/15/2024,Residential payment First Monday,,,"-$2,225.00","$27,234.00",1
02/20/2025,Building Management,,,-$750.00,"$4,056.00",0
06/05/2024,UTILITY - MONTHLY,,,-$500.00,"$3,990.00",0
01/26/2024,Residential payment First Monday,,,"-$1,225.00","$13,209.00",1
04/19/2025,Service fee + tax,,,"-$1,650.00","$38,595.00",0
08/10/2024,Rent-pay ment,,,$875.00,"$3,299.00",1
05/04/2024,Domicile Solutions,,,"-$1,150.00","$12,535.00",1
09/07/2025,Accommodation remittance including tax,,,"-$2,375.00","$48,129.00",1
09/22/2025,Complex payment,,,"-$1,100.00","$30,012.00",0
12/17/2025,Abode payment plus insurance,,,"-$1,200.00","$32,043.00",1
12/28/2024,Transfer to Miller,,,-$900.00,"$3,277.00",1
02/10/2025,Recurring transfer to Smith,,,"-$1,200.00","$13,283.00",0
09/13/2025,Non-rent housing expense,,,"-$1,000.00","$14,100.00",0
02/09/2024,Facility Solutions,,,-$950.00,"$37,282.00",0
07/25/2025,Apartment payment + parking,,,-$875.00,"$42,305.00",1
12/25/2025,Maintenence payment,,,-$600.00,"$18,213.00",0
05/28/2024,Zelle to Davis,,,"$1,075.00","$47,666.00",1
10/11/2025,My apartment payment,,,"-$1,525.00","$44,932.00",1
11/11/2025,Residential payment Quarterly,,,"-$1,225.00","$24,182.00",1
02/28/2024,Building disbursement,,,-$250.00,"$26,533.00",0
10/12/2025,Rent-paymnt,,,"-$1,400.00","$8,519.00",1
10/05/2024,Lease fee for residential unit,,,"-$1,500.00","$1,413.00",1
11/16/2025,Building fee,,,-$125.00,"$1,888.00",0
08/13/2024,Rentt disbursement,,,"-$1,900.00","$19,797.00",1
08/22/2024,Spot payment,,,-$900.00,"$21,567.00",0
05/02/2025,Property Services LLC,,,-$350.00,"$42,039.00",0
01/12/2025,Place I stay remittance,,,-$800.00,"$45,120.00",1
12/03/2024,NOT rent - utilities,,,"-$1,400.00","$48,244.00",0
08/29/2025,Subscription Semi-monthly,,,-$800.00,"$13,115.00",0
05/03/2025,RENT PAYMENT (MONTHLY),,,-$650.00,"$11,374.00",1
03/13/2024,Premises fee with service charge,,,-$925.00,"$6,885.00",1
11/10/2024,Housing allocation payment,,,"-$2,975.00","$29,180.00",1
04/18/2025,Crib fee,,,-$800.00,"$35,289.00",0
08/08/2024,Residential Services,,,-$900.00,"$40,448.00",0
05/15/2024,Rent payment (primary residence),,,$675.00,"$46,577.00",1
10/26/2025,Flat fee,,,$300.00,"$42,350.00",0
07/26/2024,ACH to Johnson LLC,,,"-$1,800.00","$13,345.00",0
06/08/2025,Accommodation remittance including tax,,,"-$1,725.00","$10,485.00",1
06/11/2024,Habitation remittance,,,"-$1,800.00","$32,869.00",1
10/05/2024,Membership Semi-monthly,,,-$800.00,"$1,451.00",0
01/02/2024,Unit 7B monthly,,,"-$2,275.00","$36,701.00",1
05/23/2025,Apart from rent - maintenance,,,$800.00,"$6,834.00",0
07/25/2024,Property payment,,,-$700.00,"$22,667.00",0
01/24/2024,Rent payment (primary residence),,,"-$1,725.00","$3,466.00",1
10/05/2024,Pad payment,,,-$200.00,"$8,203.00",0
05/20/2024,Unit letting,,,-$300.00,"$25,311.00",0
01/09/2024,Real Estate Solutions,,,"-$1,250.00","$45,198.00",0
03/12/2025,ACH to Johnson LLC,,,"-$1,700.00","$37,673.00",1
09/18/2025,Building fee,,,-$700.00,"$22,653.00",0
10/26/2024,Maintenence payment,,,-$350.00,"$21,011.00",0
02/09/2025,Pad payment,,,"-$2,975.00","$16,889.00",1
10/09/2024,Rental payment,,,-$300.00,"$27,864.00",0
01/18/2024,Crib fee,,,"-$1,450.00","$22,508.00",0
05/11/2024,HOA fee incl. services,,,-$250.00,"$35,942.00",0
04/12/2024,Check #1234 for monthly,,,-$50.00,"$30,199.00",0
03/03/2024,Residence fee including amenities,,,"-$2,350.00","$20,749.00",1
07/16/2024,Recurring 1st week,,,-$700.00,"$39,378.00",0
05/08/2024,Lease obligation payment,,,-$750.00,"$29,366.00",1
01/25/2025,Membership 10th recurring,,,"-$1,600.00","$2,794.00",0
12/30/2024,Dwelling remittance,,,"-$1,375.00","$26,787.00",1
06/25/2025,Subscripton payment,,,-$250.00,"$45,403.00",0
01/03/2024,Unit letting,,,-$100.00,"$5,507.00",0
12/23/2025,Building fee,,,-$250.00,"$26,420.00",0
03/27/2024,For 303 Parkview,,,"-$2,800.00","$14,415.00",1
07/06/2024,Residential Services,,,-$200.00,"$3,194.00",0
07/18/2024,Building fee for residential unit,,,"-$1,250.00","$43,993.00",1
01/20/2024,Lease payment for residential unit,,,"-$3,025.00","$46,426.00",1
07/07/2025,UTILITY - AUTO,,,"-$1,800.00","$10,231.00",0
01/25/2025,Utilitie payment,,,-$150.00,"$43,377.00",0
03/24/2025,UTILITY - RECURRING,,,-$750.00,"$21,875.00",0
06/07/2024,End of month remittance,,,"-$1,800.00","$37,640.00",1
03/08/2025,Complex fee,,,-$800.00,"$11,451.00",0
07/24/2024,Recurring habitation expenditure,,,"-$1,400.00","$9,810.00",1
02/14/2025,Tenancy payment,,,-$250.00,"$2,439.00",0
07/21/2024,Building Management,,,-$975.00,"$24,933.00",1
03/24/2025,RENT PAYMENT (MONTHLY),,,"-$2,450.00","$21,656.00",1
02/28/2024,Payment on 1st of month,,,$700.00,"$12,340.00",1
08/18/2025,Rental payment,,,"-$2,375.00","$15,207.00",1
05/14/2024,Unit Management,,,$400.00,"$39,110.00",0
04/03/2024,Rent payment ,,,"-$1,225.00","$25,464.00",1
03/25/2025,RENT-RECURRING,,,"-$1,600.00","$7,657.00",1
10/19/2025,HOA fee + insurance,,,-$350.00,"$40,368.00",0
09/27/2024,Landlord services payment,,,"-$2,775.00","$29,882.00",1
11/24/2025,Rent payment ,,,"-$1,800.00","$5,200.00",1
06/08/2024,Unit fee for residential unit,,,"-$3,000.00","$35,981.00",1
12/30/2025,Complex Services,,,-$150.00,"$42,104.00",0
04/07/2025,Tenancy payment,,,"-$1,200.00","$6,632.00",1
05/02/2024,Strata payment,,,-$725.00,"$46,112.00",1
09/20/2025,Quarterly dwelling,,,-$100.00,"$32,767.00",0
12/11/2025,Payment on 1st of month,,,-$300.00,"$39,519.00",0
12/12/2025,Building disbursement,,,-$125.00,"$10,312.00",0
02/01/2025,Servise payment,,,-$300.00,"$2,406.00",0
10/23/2024,Check #1234 for monthly,,,"-$1,750.00","$18,083.00",0
07/15/2024,Membership Every 30 days,,,-$50.00,"$14,261.00",0
10/28/2024,Unit payment,,,-$400.00,"$34,329.00",0
01/13/2024,Monthly payment to John,,,"-$1,850.00","$25,741.00",0
03/14/2024,Maintenance fee + tax,,,-$800.00,"$12,905.00",0
03/13/2025,Service fee + tax,,,"-$1,600.00","$18,564.00",0
04/08/2025,Residential payment First Monday,,,"-$1,725.00","$24,507.00",1
01/18/2024,Rent payment (primary residence),,,"-$1,900.00","$40,622.00",1
01/29/2024,Accommodation remittance including tax,,,"-$1,225.00","$8,669.00",1
11/26/2024,Residential payment Monthly anniversary,,,"-$2,075.00","$39,758.00",1
11/19/2024,Subscripton payment,,,-$300.00,"$48,199.00",0
10/23/2025,Rent payment (apartment),,,"-$1,625.00","$25,705.00",1
12/09/2024,Accommodation remittance including tax,,,"-$2,550.00","$37,125.00",1
04/09/2024,First of month payment,,,-$125.00,"$3,650.00",0
10/06/2024,Digs payment,,,"-$1,200.00","$6,485.00",1
06/04/2024,Monthly premises fee,,,-$850.00,"$34,512.00",1
12/29/2025,Unit remittance for residential unit,,,"-$2,150.00","$33,735.00",1
11/01/2024,UTILITY - AUTO,,,-$125.00,"$36,208.00",0
02/02/2025,Building fee for residential unit,,,"-$1,050.00","$26,445.00",1
08/06/2025,Residential payment First Monday,,,"-$2,300.00","$21,557.00",1
02/01/2025,Maintenance fee + insurance,,,-$400.00,"$29,530.00",0
08/10/2024,Wire to Thompson (Unit 10C),,,"-$2,075.00","$13,668.00",1
01/18/2024,Unit charge for residential unit,,,-$750.00,"$17,576.00",1
04/25/2024,Facility Solutions,,,"-$2,950.00","$41,304.00",1
06/06/2024,CHARGE - AUTO,,,"-$1,600.00","$38,707.00",0
10/29/2025,Recurring 1st week (Unit 48C),,,-$600.00,"$29,310.00",1
02/23/2025,Recurring 1st week,,,-$200.00,"$23,795.00",0
06/14/2024,Digs payment,,,"-$2,825.00","$7,315.00",1
11/25/2024,Habitation remittance with utilities,,,"-$1,250.00","$35,698.00",1
07/17/2025,Ren tpayment,,,"$2,775.00","$41,366.00",1
11/06/2025,Rent/payment,,,-$700.00,"$35,995.00",1
06/16/2024,CHARGE - MONTHLY,,,"$2,800.00","$14,553.00",0
11/20/2025,Servise payment,,,-$250.00,"$49,954.00",0
06/01/2025,Unit disbursement for residential unit,,,"-$2,825.00","$30,810.00",1
09/10/2024,Rent payment (primary residence),,,$900.00,"$13,443.00",1
11/10/2025,Lodgings remittance,,,"-$1,325.00","$10,984.00",1
11/20/2025,Strata payment,,,"-$1,450.00","$31,217.00",1
06/25/2025,Rent payment (apartment),,,$675.00,"$32,606.00",1
01/29/2025,Recurring transfer to Smith,,,-$700.00,"$39,142.00",0
01/07/2024,Abode payment plus insurance,,,"-$2,550.00","$18,458.00",1
03/17/2024,Premises fee with service charge,,,"-$2,275.00","$33,975.00",1
12/26/2024,Residential payment Last day,,,"-$3,050.00","$36,456.00",1
12/24/2024,Service fee incl. services,,,-$50.00,"$10,874.00",0
01/20/2025,Property fee,,,"-$1,200.00","$24,193.00",0
05/21/2024,Complex payment for residential unit,,,"-$1,700.00","$38,060.00",1
12/17/2024,Building payment for residential unit,,,"-$2,050.00","$49,376.00",1
05/19/2024,Pad payment,,,-$50.00,"$10,353.00",0
03/09/2025,Rental payment,,,-$100.00,"$26,975.00",0
01/23/2024,Strata payment,,,"-$1,600.00","$33,638.00",0
07/26/2025,Building fee,,,$600.00,"$13,683.00",0
04/25/2024,Besides rent - insurance,,,-$400.00,"$42,282.00",0
07/30/2024,Unit disbursement,,,-$600.00,"$2,832.00",0
10/23/2024,Complex fee,,,"-$1,800.00","$1,649.00",0
06/24/2024,Semi-monthly residence,,,"$1,100.00","$3,561.00",0
02/13/2025,Domicile Solutions,,,"-$2,800.00","$36,038.00",0
01/02/2025,Place remittance,,,"-$2,800.00","$13,448.00",0
12/03/2024,Rent payment (apartment),,,"-$2,850.00","$39,994.00",1
09/25/2024,UTILITY - AUTO,,,-$500.00,"$1,954.00",0
04/02/2025,Rnet payment,,,-$700.00,"$45,542.00",1
02/03/2025,Subscripton payment,,,-$125.00,"$40,088.00",0
10/22/2025,Quarterly dwelling,,,-$500.00,"$18,108.00",0
03/24/2025,Residential payment Quarterly,,,"-$1,675.00","$4,393.00",1
01/20/2024,HOA fee + tax,,,-$700.00,"$3,046.00",0
10/08/2025,R3nt fee,,,"-$1,800.00","$18,785.00",1
11/06/2024,Service 20th periodic,,,"-$1,600.00","$32,716.00",0
11/12/2025,Property remittance,,,"-$1,200.00","$25,525.00",0
11/04/2024,Residential payment Last day,,,"-$1,075.00","$23,557.00",1
05/04/2025,Quarterly dwelling,,,-$700.00,"$12,848.00",0
09/15/2025,Lodging remittance,,,"-$1,350.00","$2,926.00",1
05/25/2025,Property fee,,,-$400.00,"$22,343.00",0
09/03/2025,Residential Services,,,"-$1,450.00","$21,482.00",0
05/15/2025,RENT PAYMENT (MONTHLY),,,"-$1,650.00","$15,297.00",1
06/19/2024,Rent(payment),,,-$700.00,"$26,846.00",1
11/05/2025,ACH to Johnson LLC,,,-$875.00,"$42,949.00",1
10/10/2025,Residential payment First Monday,,,"-$1,275.00","$36,131.00",1
09/24/2025,Building disbursement for residential unit,,,"-$1,800.00","$12,858.00",1
06/23/2024,Maintenance fee + tax,,,$950.00,"$22,475.00",0
01/12/2025,HOA fee + tax,,,-$75.00,"$42,728.00",0
01/06/2025,Unit charge for residential unit,,,"-$1,575.00","$18,645.00",1
08/23/2024,Servise payment,,,-$500.00,"$35,663.00",0
04/24/2024,CHARGE - MONTHLY,,,-$500.00,"$38,426.00",0
07/23/2024,Bi-weekly housing,,,"-$1,600.00","$33,003.00",0
08/15/2024,Complex Services (Unit 6A),,,"-$1,325.00","$35,155.00",1
03/13/2025,Residential payment Bi-weekly,,,"-$2,450.00","$12,474.00",1
12/27/2024,Rent-paymnt,,,"-$2,825.00","$19,693.00",1
07/07/2024,Unit charge,,,"-$2,250.00","$27,777.00",0
11/07/2025,Property Services LLC,,,-$300.00,"$34,545.00",0
04/13/2024,Tenancy payment,,,"-$1,875.00","$13,320.00",1
10/12/2024,CHARGE - MONTHLY,,,-$900.00,"$11,655.00",0
08/25/2025,Service 20th periodic,,,-$250.00,"$40,623.00",0
01/20/2025,HOA fee + insurance,,,"-$3,000.00","$2,900.00",0
04/24/2024,Unit 7B monthly,,,"-$1,775.00","$2,111.00",1
12/01/2025,Rentt disbursement,,,-$900.00,"$27,843.00",1
10/21/2024,Remittance to Moore,,,$600.00,"$34,862.00",0
09/26/2025,Subscripton payment,,,"-$1,400.00","$25,309.00",0
12/02/2024,Maintenance fee incl. services,,,-$150.00,"$39,819.00",0
07/02/2024,Ref: RES-UNIT-5B,,,"-$3,025.00","$40,924.00",1
05/20/2024,Unit Management (Unit 39B),,,-$875.00,"$22,506.00",1
09/25/2024,Service Monthly anniversary,,,-$350.00,"$33,528.00",0
06/19/2025,Residential payment Bi-weekly,,,-$900.00,"$15,263.00",1
08/02/2024,Flat fee,,,"-$2,150.00","$6,368.00",1
09/16/2025,Residential payment First Monday,,,"-$2,750.00","$23,056.00",1
01/24/2024,Rent(payment),,,"-$2,975.00","$30,182.00",1
08/13/2025,Property Services LLC,,,-$150.00,"$28,719.00",0
08/14/2024,RENT_INVOICE_001,,,-$850.00,"$36,288.00",1
04/20/2025,Residential payment 1st of month,,,"-$1,725.00","$26,858.00",1
05/04/2024,Lodging remittance,,,"-$2,950.00","$35,906.00",1
08/10/2025,Residential payment 20th periodic,,,"-$1,100.00","$16,948.00",1
02/13/2024,Spot payment,,,"-$1,000.00","$7,623.00",0
02/13/2024,Recurring transfer to Smith,,,"-$1,625.00","$14,538.00",1
03/12/2024,Membership Every 30 days,,,-$900.00,"$10,165.00",0
03/21/2024,Real Estate Solutions,,,"-$1,000.00","$17,078.00",0
12/27/2024,Domicile Solutions (Unit 1C),,,"-$1,800.00","$29,193.00",1
01/10/2025,Dwelling disbursement plus fees,,,"-$2,225.00","$22,909.00",1
01/19/2025,Facility Solutions,,,"-$1,850.00","$8,581.00",0
01/23/2025,Housing Associates,,,-$725.00,"$16,727.00",1
05/12/2025,Monthly payment to John,,,-$200.00,"$43,608.00",0
02/23/2025,Quarterly dwelling,,,-$300.00,"$25,753.00",0
09/19/2024,Recurring 1st week,,,-$950.00,"$46,650.00",0
11/27/2024,Service fee + insurance,,,"-$1,200.00","$20,635.00",0
09/28/2024,Real Estate Solutions,,,"-$2,800.00","$9,871.00",0
08/07/2024,Debit to Anderson,,,-$900.00,"$34,365.00",0
09/26/2024,Dwelling disbursement plus fees,,,"-$2,200.00","$38,946.00",1
08/29/2025,Complex payment for residential unit,,,-$700.00,"$3,942.00",1
05/22/2025,Apart from rent - maintenance,,,"$1,800.00","$38,333.00",0
06/26/2024,Place remittance,,,"-$1,600.00","$18,669.00",1
12/25/2024,Recurring 1st week,,,-$300.00,"$36,234.00",0
05/19/2024,UTILITY - RECURRING,,,-$350.00,"$28,840.00",0
04/18/2024,Rent (missed auto),,,-$725.00,"$14,648.00",1
06/03/2025,Rent payment (apartment),,,"-$2,425.00","$24,536.00",1
08/27/2024,Remittance to Moore,,,"-$2,200.00","$7,179.00",1
01/09/2024,Accommodation remittance including tax,,,-$950.00,"$42,740.00",1
01/24/2024,Debit to Anderson,,,"-$1,550.00","$3,589.00",0
03/10/2024,Service fee + tax,,,-$100.00,"$24,337.00",0
04/17/2025,Payment to Wilson,,,-$750.00,"$33,423.00",0
04/12/2024,Lodgings remittance,,,-$350.00,"$37,099.00",0
03/01/2024,Accommodation remittance including tax,,,"$1,600.00","$10,466.00",1
10/10/2024,Condo fee,,,-$700.00,"$37,570.00",1
06/03/2024,Maintenence payment,,,"-$1,400.00","$25,457.00",0
05/22/2025,RENT PAYMENT (MONTHLY),,,"-$1,250.00","$46,475.00",1
06/25/2024,Rent payment ,,,"-$2,850.00","$13,610.00",1
01/26/2025,Tenancy payment,,,-$600.00,"$10,785.00",0
04/04/2025,Service fee + tax,,,-$150.00,"$22,969.00",0
02/04/2025,RENT-RECURRING,,,"-$1,050.00","$13,883.00",1
07/10/2025,Letting fee,,,-$450.00,"$2,967.00",0
04/08/2024,Rent payment ,,,"$1,800.00","$2,703.00",1
08/09/2024,Utility fee + tax,,,-$75.00,"$7,129.00",0
07/28/2024,Unit letting,,,"-$2,950.00","$31,973.00",1
11/01/2025,Unit remittance for residential unit,,,"-$1,200.00","$17,638.00",1
12/27/2025,Subscripton payment,,,-$125.00,"$11,956.00",0
04/30/2025,RENT~MONTHLY,,,"-$1,550.00","$4,525.00",1
08/18/2024,Rent (missed auto),,,"-$1,075.00","$7,084.00",1
01/16/2024,Wire to Thompson,,,-$250.00,"$6,392.00",0
11/11/2025,Rent(payment),,,"-$1,550.00","$30,234.00",1
07/03/2024,Unit payment,,,-$250.00,"$41,993.00",0
11/19/2024,Quarterly dwelling,,,-$150.00,"$31,514.00",0
07/24/2025,Monthly on 15th,,,-$150.00,"$46,353.00",0
08/21/2025,Tenancy payment,,,-$950.00,"$44,739.00",0
11/23/2024,Residential payment Bi-weekly,,,"-$2,950.00","$29,171.00",1
12/20/2025,Domicile Solutions,,,"-$1,200.00","$37,438.00",0
06/10/2025,Service fee + tax,,,-$800.00,"$1,633.00",0
11/15/2024,NOT rent - utilities,,,"-$1,000.00","$44,080.00",0
08/01/2025,Residential occupancy fee,,,"-$2,400.00","$38,175.00",1
03/28/2024,Rent payment ,,,-$775.00,"$48,585.00",1
02/06/2025,Apartment payment + parking,,,"$1,350.00","$19,258.00",1
06/06/2025,Independent of rent - repair,,,-$75.00,"$38,623.00",0
11/22/2024,Wire to Thompson,,,-$150.00,"$5,320.00",0
07/23/2024,Rent-paymnt,,,"-$1,050.00","$22,551.00",1
08/01/2024,Rnet payment,,,-$700.00,"$35,012.00",1
09/11/2024,Subscripton payment,,,-$800.00,"$1,316.00",0
06/12/2025,Place remittance,,,"-$2,950.00","$8,806.00",1
01/03/2024,Bi-weekly housing,,,-$100.00,"$42,141.00",0
08/28/2024,Remittance: DWELLING,,,"-$1,375.00","$39,140.00",1
09/24/2025,Monthly payment to John,,,"-$1,200.00","$36,607.00",0
07/14/2025,Rent payment (primary residence),,,"-$1,925.00","$2,511.00",1
12/01/2025,Residential Services,,,-$125.00,"$17,011.00",0
03/25/2024,Service Bi-weekly,,,"-$2,800.00","$46,501.00",0
12/03/2024,Place remittance,,,"-$1,400.00","$2,190.00",0
10/13/2025,Bi-weekly housing,,,-$850.00,"$16,674.00",1
02/26/2025,Independent of rent - repair,,,-$450.00,"$40,140.00",0
10/17/2024,Spot payment,,,-$350.00,"$10,717.00",0
04/07/2024,Residence disbursement,,,"-$1,500.00","$47,290.00",1
12/06/2025,Lodgings remittance,,,"-$1,500.00","$19,938.00",1
06/01/2024,Residential payment Last day,,,"-$1,050.00","$33,820.00",1
05/23/2025,Property Services LLC,,,"-$2,225.00","$24,495.00",1
02/25/2025,Complex charge for residential unit,,,"-$1,875.00","$20,310.00",1
06/12/2024,Abode payment plus insurance,,,"-$1,150.00","$8,024.00",1
12/04/2025,Rent payment ,,,"-$1,250.00","$2,173.00",1
11/12/2025,CHARGE - MONTHLY,,,"-$1,250.00","$18,334.00",0
02/22/2025,ACH to Johnson LLC,,,-$150.00,"$31,033.00",0
01/31/2024,Monthly premises fee,,,"-$1,325.00","$42,100.00",1
03/11/2024,Unit remittance,,,-$50.00,"$35,888.00",0
01/12/2024,Separate from rent - deposit,,,-$700.00,"$48,874.00",0
11/15/2024,Unit fee,,,-$400.00,"$29,823.00",0
08/12/2024,FEE - RECURRING,,,-$850.00,"$1,448.00",0
05/26/2025,Servise payment,,,-$400.00,"$16,392.00",0
07/25/2025,Subscription 5th monthly,,,-$700.00,"$21,830.00",0
11/26/2025,Payment ref: HOUSING-,,,"-$1,275.00","$1,248.00",1
03/04/2025,Subscripton payment,,,-$500.00,"$11,003.00",0
10/09/2024,Residential payment Semi-monthly,,,"-$2,275.00","$29,966.00",1
09/30/2025,Building Management,,,-$100.00,"$42,884.00",0
01/05/2025,Facility management disbursement,,,"-$1,000.00","$38,068.00",1
11/04/2024,Service 10th recurring,,,-$450.00,"$21,158.00",0
11/10/2024,Rent ;payment,,,"-$2,000.00","$8,239.00",1
03/29/2024,Property remittance for residential unit,,,"-$1,600.00","$24,349.00",1
12/31/2024,End of month remittance (Unit 26C),,,"-$1,550.00","$6,763.00",1
04/13/2024,Accommodation remittance including tax,,,"-$2,375.00","$6,263.00",1
04/19/2025,Bi-weekly housing,,,"-$1,450.00","$45,378.00",1
05/27/2025,SERVICE - AUTO,,,-$100.00,"$28,510.00",0
02/18/2025,Rent payment ,,,"-$1,800.00","$3,866.00",1
04/03/2024,Semi-monthly residence,,,"-$1,350.00","$48,592.00",1
09/10/2024,RENT: UNIT 304,,,"-$1,900.00","$49,757.00",1
01/05/2024,SERVICE - RECURRING,,,"-$2,600.00","$4,830.00",0
06/16/2024,Housing allocation payment,,,"-$1,000.00","$39,812.00",1
03/23/2024,Place I stay remittance,,,-$700.00,"$32,119.00",1
09/03/2024,Remittance: DWELLING,,,"-$1,000.00","$43,744.00",1
02/16/2024,Utilitie payment,,,"-$1,800.00","$11,196.00",0
12/01/2025,Utilitie payment,,,"-$1,000.00","$19,670.00",0
06/20/2025,Property payment,,,-$50.00,"$29,675.00",0
08/16/2024,Complex fee,,,"-$1,250.00","$45,302.00",0
06/19/2025,Subscripton payment,,,-$150.00,"$4,685.00",0
04/24/2025,Facility management disbursement,,,-$975.00,"$46,236.00",1
09/22/2025,Rent payment ,,,"-$1,075.00","$39,540.00",1
09/14/2024,Non-rent housing expense,,,"-$1,750.00","$3,642.00",0
03/05/2025,Tenancy payment,,,"-$1,650.00","$45,153.00",0
12/26/2024,Distinct from rent - service,,,"-$1,550.00","$20,212.00",0
05/18/2024,Housing Associates,,,"-$1,200.00","$3,493.00",1
09/08/2025,HOA fee incl. services,,,-$500.00,"$44,671.00",0
01/21/2024,Lease payment,,,-$950.00,"$24,899.00",0
04/01/2024,Unit disbursement for residential unit,,,"-$2,100.00","$26,453.00",1
01/05/2024,Rent payment ,,,"-$1,325.00","$43,518.00",1
06/09/2024,Zelle to Davis,,,-$125.00,"$38,872.00",0
10/22/2024,Rental payment,,,"-$2,550.00","$1,669.00",1
04/19/2024,Utilitie payment,,,-$50.00,"$10,657.00",0
01/12/2025,Residential payment Last day,,,"-$2,400.00","$47,812.00",1
12/16/2025,Recurring 1st week,,,-$300.00,"$41,269.00",0
08/26/2024,Unit charge,,,-$650.00,"$19,096.00",0
03/06/2025,Debit to Anderson,,,-$900.00,"$28,819.00",0
11/23/2024,Rent payment (apartment),,,"-$1,750.00","$8,285.00",1
07/13/2025,Rent-paymnt,,,"-$2,400.00","$9,780.00",1
08/29/2025,Lease fee for residential unit,,,"-$2,550.00","$18,012.00",1
01/20/2025,RENT - APT 5B,,,"-$2,225.00","$26,123.00",1
06/06/2024,Remittance to Moore,,,"-$1,850.00","$31,315.00",1
05/24/2024,ACH to Johnson LLC,,,"-$2,250.00","$33,770.00",0
05/05/2024,Building payment,,,"$1,800.00","$16,065.00",0
11/11/2025,Servise payment,,,-$125.00,"$15,959.00",0
07/09/2024,RENT #2024-001,,,-$850.00,"$22,254.00",1
11/18/2025,Recurring transfer to Smith,,,-$200.00,"$26,849.00",0
05/31/2024,SERVICE - AUTO,,,"$1,000.00","$30,405.00",0
03/14/2025,Monthly payment to John,,,-$800.00,"$14,557.00",0
05/04/2025,Residential payment Calendar month,,,"-$1,350.00","$36,945.00",1
05/02/2025,Excluding rent - HOA,,,-$500.00,"$35,669.00",0
05/31/2025,UTILITY - RECURRING,,,-$50.00,"$35,296.00",0
08/28/2025,Service fee + tax,,,-$450.00,"$18,020.00",0
12/21/2024,Rent..payment,,,"-$2,650.00","$32,081.00",1
08/14/2025,Rent payment ,,,"-$1,800.00","$29,119.00",1
01/10/2024,Building disbursement,,,-$700.00,"$33,780.00",0
05/26/2025,Maintenence payment,,,-$850.00,"$2,810.00",0
06/23/2025,Bi-weekly housing (Unit 14B),,,"-$1,125.00","$12,813.00",1
12/24/2025,Payment on 1st of month (Unit 7A),,,-$875.00,"$43,680.00",1
03/12/2025,HOA fee + tax,,,"-$1,650.00","$36,598.00",0
04/26/2024,Periodic 30th payment,,,"-$1,200.00","$3,122.00",0
06/28/2024,Subscription Calendar month,,,"-$3,000.00","$12,742.00",0
01/31/2024,RENT-RECURRING,,,"-$3,050.00","$18,441.00",1
11/25/2025,Lease fee for residential unit,,,-$800.00,"$2,656.00",1
04/06/2025,Rent payment ,,,"-$1,300.00","$13,715.00",1
02/10/2024,UTILITY - MONTHLY,,,-$400.00,"$28,083.00",0
07/06/2024,Payment to Wilson,,,-$600.00,"$29,873.00",0
07/30/2025,Building Management,,,"-$1,500.00","$15,568.00",1
02/11/2025,Ren tpayment,,,"-$1,500.00","$23,924.00",1
04/21/2024,Service fee incl. services,,,"-$1,600.00","$11,354.00",0
07/03/2024,Tenancy payment,,,-$200.00,"$26,402.00",0
12/22/2024,Dwelling disbursement plus fees,,,"-$3,025.00","$29,209.00",1
04/08/2025,Building disbursement,,,-$200.00,"$43,239.00",0
12/30/2024,Subscription Semi-monthly,,,-$350.00,"$25,486.00",0
04/08/2025,Rent-pay ment,,,"-$2,825.00","$1,182.00",1
05/22/2025,Subscription Monthly anniversary,,,"-$2,800.00","$47,849.00",0
08/01/2025,Residential payment Calendar month,,,"-$1,300.00","$13,200.00",1
01/15/2025,Rent (missed auto),,,"-$1,500.00","$17,976.00",1
08/21/2025,Semi-monthly residence (Unit 13A),,,"-$1,325.00","$11,995.00",1
01/01/2025,Recurring habitation expenditure,,,"-$1,850.00","$4,891.00",1
09/25/2025,RENT - DO NOT DELETE,,,"-$1,750.00","$48,049.00",1
08/19/2024,RENT>>PAYMENT,,,"-$2,650.00","$19,667.00",1
09/30/2025,Mid-month transfer (Unit 11B),,,"$1,475.00","$39,803.00",1
05/15/2024,Unit Management,,,-$50.00,"$36,282.00",0
05/05/2024,Place I stay remittance,,,"-$1,500.00","$38,996.00",1
03/30/2025,Rent/payment,,,"$1,950.00","$41,090.00",1
02/27/2024,Lodging remittance,,,"-$2,425.00","$32,530.00",1
11/12/2024,Rental payment,,,-$650.00,"$40,013.00",0
10/18/2025,Zelle to Davis,,,$800.00,"$7,408.00",0
07/04/2024,Unit charge for residential unit,,,"-$1,400.00","$16,212.00",1
05/11/2024,Subscription Calendar month,,,-$900.00,"$34,337.00",0
09/14/2024,Unit remittance,,,-$50.00,"$30,397.00",0
01/28/2024,Periodic domicile remittance,,,"-$2,800.00","$10,006.00",1
03/03/2024,Recurring 1st week,,,"-$1,450.00","$24,240.00",0
11/21/2024,Residential facility fee,,,"-$1,050.00","$7,885.00",1
08/31/2024,Utility fee incl. services,,,-$800.00,"$42,793.00",0
09/24/2024,Rent payment ,,,"-$1,850.00","$11,048.00",1
05/28/2025,Spot payment,,,"-$1,550.00","$36,369.00",1
08/27/2025,Quarterly dwelling,,,"-$1,700.00","$3,716.00",1
05/19/2025,Service fee + tax,,,-$300.00,"$37,581.00",0
12/28/2024,Bi-weekly housing,,,"-$1,600.00","$31,623.00",0
03/19/2025,Semi-monthly residence,,,"-$1,000.00","$24,545.00",0
07/08/2025,Mid-month transfer,,,"-$2,125.00","$12,265.00",1
06/04/2025,Facility Solutions (Unit 38A),,,"$1,850.00","$42,788.00",1
01/17/2025,Premises Services,,,"-$1,250.00","$23,961.00",0
04/18/2024,Flat fee,,,"-$1,925.00","$20,652.00",1
06/25/2024,Digs payment,,,"-$1,400.00","$43,344.00",0
04/02/2024,RENT PAYMENT (MONTHLY),,,"$1,225.00","$6,714.00",1
08/06/2025,Pad payment,,,-$50.00,"$43,934.00",0
02/07/2025,Recurring 1st week,,,"-$2,100.00","$18,188.00",0
02/23/2024,Subscription 25th standing,,,"-$2,400.00","$43,402.00",0
01/20/2024,Rent(payment),,,-$800.00,"$6,531.00",1
09/08/2024,Complex payment for residential unit,,,"-$2,850.00","$11,506.00",1
04/19/2025,Premises Services,,,-$300.00,"$4,065.00",0
01/22/2024,Subscription 10th recurring,,,-$900.00,"$19,414.00",0
04/23/2024,Subscription Every 30 days,,,-$75.00,"$9,506.00",0
10/15/2024,Complex Services,,,"-$3,000.00","$31,345.00",0
07/23/2024,ACH to Johnson LLC,,,"-$2,075.00","$45,125.00",1
07/29/2024,Residential payment 15th auto,,,"-$2,050.00","$41,450.00",1
10/16/2024,Subscripton payment,,,"-$1,350.00","$26,499.00",0
10/09/2024,FEE - MONTHLY,,,-$250.00,"$44,154.00",0
06/19/2025,Property remittance,,,-$75.00,"$17,450.00",0
07/03/2024,Utility fee + insurance,,,-$700.00,"$23,294.00",0
06/07/2025,Letting fee,,,-$875.00,"$38,003.00",1
06/25/2024,Wire to Thompson (Unit 11B),,,"-$2,775.00","$18,472.00",1
03/20/2024,Servise payment,,,-$300.00,"$22,970.00",0
05/28/2025,RENT>>PAYMENT,,,"-$1,575.00","$1,706.00",1
01/02/2025,RENT|AUTO,,,"-$1,825.00","$9,966.00",1
07/26/2025,Rental payment,,,"-$2,600.00","$47,274.00",0
03/05/2024,Utility fee incl. services,,,-$450.00,"$42,013.00",0
05/08/2025,Maintenence payment,,,"-$1,550.00","$39,664.00",0
02/03/2024,Digs payment,,,"-$2,450.00","$45,037.00",1
02/21/2024,Property remittance,,,-$125.00,"$35,245.00",0
10/09/2024,Recurring transfer to Smith,,,-$600.00,"$30,581.00",0
03/01/2025,Residential Services,,,"-$1,950.00","$27,485.00",0
01/11/2025,Residence fee including amenities,,,"-$2,600.00","$49,925.00",1
03/02/2024,Invoice: RESIDENCE,,,"-$1,300.00","$1,726.00",1
12/08/2024,Building Management,,,"-$1,800.00","$2,339.00",0
08/29/2024,Property remittance,,,-$75.00,"$47,261.00",0
03/30/2025,Residential Services,,,"-$1,425.00","$32,656.00",1
11/12/2025,Periodic 30th payment,,,-$600.00,"$8,880.00",0
07/06/2024,R3nt fee,,,"$2,125.00","$43,098.00",1
03/24/2024,HOA fee incl. services,,,"-$1,800.00","$33,924.00",0
11/23/2025,Letting fee,,,-$600.00,"$28,178.00",0
11/07/2024,Apartment payment + parking,,,"-$2,650.00","$34,011.00",1
02/13/2025,Bi-weekly housing,,,-$450.00,"$2,435.00",0
08/07/2025,Periodic 30th payment,,,-$125.00,"$43,461.00",0
12/17/2025,Subscripton payment,,,"-$1,950.00","$5,010.00",0
02/15/2025,Rent(payment),,,-$675.00,"$39,025.00",1
06/05/2025,RENT: UNIT 304,,,"$3,050.00","$33,147.00",1
07/29/2025,Recurring 1st week,,,"-$1,325.00","$30,985.00",1
06/30/2025,Rent payment (primary residence),,,"-$1,525.00","$20,132.00",1
01/31/2024,Recurring 1st week,,,"-$1,400.00","$16,558.00",1
11/05/2024,Utility fee + tax,,,-$400.00,"$28,429.00",0
01/28/2024,Service Semi-monthly,,,-$100.00,"$29,782.00",0
01/03/2024,Lease charge for residential unit,,,"-$1,250.00","$34,595.00",1
11/05/2025,Utilitie payment,,,-$150.00,"$49,521.00",0
04/22/2025,Rant fee,,,"-$2,125.00","$1,365.00",1
10/11/2025,Building payment,,,-$300.00,"$43,283.00",0
04/15/2024,Building payment for residential unit,,,"$2,975.00","$43,863.00",1
12/02/2024,Ref: RES-UNIT-5B,,,-$700.00,"$40,261.00",1
02/26/2025,Monthly housing and utilities bundle,,,"-$2,200.00","$34,631.00",1
06/14/2025,Residence fee including amenities,,,"-$2,225.00","$35,648.00",1
09/07/2025,Residential payment Bi-weekly,,,"-$1,250.00","$35,509.00",1
01/31/2024,Utility fee + insurance,,,-$150.00,"$23,208.00",0
10/18/2025,Dwelling disbursement plus fees,,,-$800.00,"$1,143.00",1
08/29/2025,HOA fee + tax,,,-$200.00,"$9,679.00",0
07/24/2025,Residence disbursement,,,-$625.00,"$30,903.00",1
10/12/2025,Rentt disbursement,,,"-$2,075.00","$18,338.00",1
10/02/2024,End of month remittance,,,"-$1,600.00","$43,069.00",0
12/08/2024,Subscription Quarterly,,,-$650.00,"$20,348.00",0
11/01/2024,Semi-monthly residence,,,"-$2,150.00","$6,899.00",1
08/16/2024,Rent payment ,,,-$625.00,"$18,449.00",1
02/18/2025,UTILITY - MONTHLY,,,"-$1,600.00","$1,050.00",0
10/27/2024,Property Services LLC (Unit 49C),,,"-$1,600.00","$15,569.00",1
09/18/2024,Tenancy payment,,,"-$1,200.00","$19,244.00",0
09/05/2024,RENT #2024-001,,,"-$2,650.00","$24,086.00",1
05/25/2025,Real Estate Solutions,,,-$350.00,"$10,979.00",0
05/10/2024,Recurring transfer to Smith,,,"-$2,300.00","$35,664.00",1
10/17/2024,Lodgings remittance,,,-$500.00,"$32,758.00",0
05/18/2024,Rent (missed auto),,,"-$1,300.00","$13,092.00",1
02/24/2025,Lodgings remittance,,,-$675.00,"$5,762.00",1
08/05/2025,Lodgings remittance,,,-$250.00,"$39,666.00",0
08/25/2025,Residential payment Semi-monthly,,,"-$2,775.00","$37,231.00",1
02/13/2025,Condo fee,,,-$900.00,"$29,431.00",0
11/04/2024,Where I live payment,,,"-$2,575.00","$17,480.00",1
04/07/2024,Lease charge for residential unit,,,"-$1,400.00","$9,261.00",1
01/11/2024,Semi-monthly residence,,,-$100.00,"$44,137.00",0
02/12/2025,Domicile Solutions,,,-$100.00,"$43,733.00",0
02/04/2024,RENT>>PAYMENT,,,-$825.00,"$2,093.00",1
06/12/2025,RENT~MONTHLY,,,"$1,725.00","$36,623.00",1
05/15/2024,Domicile Solutions,,,"-$1,200.00","$44,998.00",0
10/31/2024,End of month remittance,,,-$150.00,"$41,703.00",0
02/26/2024,Digs payment,,,"-$1,725.00","$32,750.00",1
03/14/2025,Utility fee incl. services,,,-$350.00,"$9,198.00",0
10/26/2025,Residential payment 25th standing,,,"-$2,000.00","$1,282.00",1
04/30/2025,Rent with included services,,,-$675.00,"$27,806.00",1
06/22/2025,Rent payment (primary residence),,,"-$2,375.00","$43,705.00",1
01/07/2024,Building fee,,,-$900.00,"$21,839.00",0
03/15/2024,Premises fee with service charge,,,"-$1,775.00","$4,396.00",1
05/16/2025,Excluding rent - HOA,,,$100.00,"$5,070.00",0
03/05/2025,Apartment 12C fee,,,"-$1,200.00","$22,857.00",1
08/27/2025,Facility Solutions (Unit 30A),,,"-$1,350.00","$20,262.00",1
10/08/2024,FEE - AUTO,,,"-$1,550.00","$2,682.00",0
07/01/2025,Excluding rent - HOA,,,-$300.00,"$1,336.00",0
02/27/2025,Unit charge,,,$900.00,"$46,092.00",0
04/01/2024,Besides rent - insurance,,,-$200.00,"$6,141.00",0
12/26/2024,Building payment,,,-$75.00,"$24,200.00",0
12/18/2024,Unit charge for residential unit,,,-$950.00,"$30,615.00",1
10/04/2024,Subscripton payment,,,-$500.00,"$27,107.00",0
10/24/2025,Rent payment (primary residence),,,-$600.00,"$39,524.00",1
01/13/2024,Ren tpayment,,,"-$1,600.00","$2,204.00",1
09/10/2025,Residential payment Every 30 days,,,"-$2,775.00","$36,365.00",1
11/28/2025,Housing Associates,,,"-$1,200.00","$25,362.00",1
12/01/2025,Membership Quarterly,,,-$50.00,"$1,815.00",0
02/05/2025,Building disbursement for residential unit,,,-$875.00,"$29,660.00",1
07/27/2024,Ren tpayment,,,"-$2,075.00","$13,443.00",1
11/03/2024,Monthly payment to John,,,"$1,000.00","$29,311.00",0
02/13/2024,Pad payment,,,"$1,200.00","$40,097.00",0
02/12/2024,Residential payment Every 30 days,,,"-$1,000.00","$7,072.00",1
08/15/2024,Zelle to Davis,,,-$150.00,"$7,307.00",0
07/04/2025,Property Services LLC,,,"-$1,250.00","$16,792.00",0
11/04/2025,Complex management remittance,,,$750.00,"$45,809.00",1
05/30/2024,Accommodation disbursement,,,"-$2,350.00","$18,867.00",1
12/29/2025,Facility Solutions,,,-$75.00,"$45,493.00",0
10/17/2025,RENT: UNIT 304,,,"-$2,200.00","$49,883.00",1
09/24/2025,Spot payment,,,"-$1,500.00","$32,845.00",1
02/21/2025,Residential Services,,,-$200.00,"$38,763.00",0
01/03/2024,Unit payment,,,-$150.00,"$36,036.00",0
01/17/2024,Facility Solutions,,,"-$1,200.00","$26,445.00",0
02/19/2024,Unit fee,,,-$600.00,"$16,643.00",0
01/09/2024,Unit remittance,,,"-$1,000.00","$42,503.00",0
09/29/2024,UTILITY - MONTHLY,,,-$250.00,"$11,807.00",0
08/30/2024,Apartment payment + parking,,,"-$1,825.00","$18,189.00",1
06/10/2024,HOA fee + insurance,,,"-$1,400.00","$16,156.00",0
08/11/2025,Apartment payment + parking,,,"-$1,900.00","$47,963.00",1
02/14/2024,Building Management,,,$500.00,"$20,351.00",0
09/20/2024,SERVICE - MONTHLY,,,-$450.00,"$40,647.00",0
12/11/2025,Property Services LLC,,,-$300.00,"$2,067.00",0
07/15/2025,Flat fee,,,"-$1,900.00","$19,546.00",1
02/11/2025,Service 10th recurring,,,"-$1,600.00","$9,083.00",0
09/23/2025,Additional to rent - fee,,,-$700.00,"$27,764.00",0
03/06/2025,RENT #2024-001,,,"-$2,825.00","$1,687.00",1
04/04/2025,SERVICE - RECURRING,,,"-$1,350.00","$5,121.00",0
05/31/2025,Unit charge,,,-$500.00,"$5,446.00",0
08/23/2024,Utility fee + insurance,,,-$900.00,"$4,536.00",0
06/23/2025,NOT rent - utilities,,,"-$1,550.00","$14,709.00",0
08/27/2025,Lease payment for residential unit,,,"-$3,000.00","$25,600.00",1
01/09/2025,Monthly on 15th,,,$450.00,"$31,640.00",0
11/22/2024,Rant fee,,,"-$2,950.00","$35,387.00",1
03/21/2025,Membership 20th periodic,,,-$600.00,"$26,450.00",0
07/21/2025,Semi-monthly residence,,,"-$2,400.00","$37,671.00",1
02/09/2025,Letting fee,,,-$500.00,"$13,172.00",0
12/11/2025,Rent payment (primary residence),,,-$900.00,"$1,391.00",1
07/31/2025,Monthly payment to John,,,"-$2,125.00","$13,429.00",1
12/07/2025,Rent ;payment,,,"-$2,375.00","$9,733.00",1
08/02/2025,Residential payment Last day,,,"-$1,650.00","$37,744.00",1
11/25/2024,Wire to Thompson,,,"-$2,275.00","$39,911.00",1
09/21/2024,Facility Solutions,,,"-$1,225.00","$23,160.00",1
02/17/2024,Monthly premises fee,,,-$700.00,"$46,137.00",1
03/07/2024,Rent payment ,,,"-$1,425.00","$20,224.00",1
08/05/2024,Residential payment First Monday,,,-$900.00,"$10,787.00",1
11/19/2025,Rent payment (primary residence),,,-$850.00,"$46,222.00",1
05/09/2024,UTILITY - RECURRING,,,-$450.00,"$41,785.00",0
07/25/2024,Digs payment,,,-$900.00,"$26,778.00",1
09/08/2024,Debit to Anderson,,,-$200.00,"$41,987.00",0
05/11/2024,Rent payment (primary residence),,,"-$2,225.00","$5,943.00",1
06/02/2025,Utility fee + insurance,,,-$600.00,"$2,853.00",0
01/04/2024,Real Estate Solutions,,,-$75.00,"$22,958.00",0
06/22/2024,Maintenance fee + tax,,,"-$1,800.00","$3,463.00",0
12/26/2025,Recurring transfer to Smith,,,-$150.00,"$45,262.00",0
04/29/2025,Maintenence payment,,,"-$2,250.00","$25,330.00",0
03/16/2025,RENT - APT 5B,,,-$725.00,"$13,511.00",1
10/11/2025,CHARGE - RECURRING,,,-$700.00,"$30,348.00",0
11/18/2024,Crib fee,,,"-$1,400.00","$15,259.00",0
08/11/2025,FEE - AUTO,,,$100.00,"$34,166.00",0
02/05/2024,Pad payment,,,-$450.00,"$19,487.00",0
05/26/2024,RENT-RECURRING,,,"-$1,625.00","$49,844.00",1
08/27/2025,Housing Associates (Unit 7A),,,"-$2,850.00","$35,974.00",1
11/07/2025,RENT: UNIT 304,,,"-$1,800.00","$23,245.00",1
09/14/2024,Habitation remittance,,,"-$1,275.00","$46,810.00",1
05/20/2024,Residential payment Calendar month,,,"-$3,050.00","$20,935.00",1
11/03/2024,Semi-monthly residence,,,"-$1,950.00","$49,924.00",0
03/06/2024,SERVICE - MONTHLY,,,-$250.00,"$43,528.00",0
02/29/2024,Building fee,,,-$100.00,"$46,713.00",0
07/23/2024,Dwelling disbursement plus fees,,,"-$3,000.00","$31,640.00",1
02/04/2025,Monthly on 15th,,,-$450.00,"$41,863.00",0
08/03/2025,Subscripton payment,,,-$250.00,"$1,242.00",0
06/06/2024,End of month remittance,,,"-$2,800.00","$10,221.00",0
03/26/2024,Unit remittance,,,"-$1,750.00","$21,883.00",0
12/01/2025,Rental payment,,,$450.00,"$27,122.00",0
12/01/2024,Maintenence payment,,,$900.00,"$12,281.00",0
04/26/2025,NOT rent - utilities,,,"-$2,600.00","$35,145.00",0
06/27/2025,FEE - AUTO,,,-$75.00,"$24,127.00",0
11/28/2024,Wire to Thompson,,,-$350.00,"$34,573.00",0
10/30/2024,End of month remittance,,,-$250.00,"$36,023.00",0
01/18/2024,Digs payment,,,-$450.00,"$48,853.00",0
04/08/2025,Lodging remittance,,,"-$2,075.00","$41,777.00",1
10/01/2024,Zelle to Davis,,,"-$1,000.00","$3,963.00",0
02/19/2024,Spot payment,,,"$1,200.00","$19,217.00",0
08/05/2024,Premises Services (Unit 50B),,,-$900.00,"$32,771.00",1
05/18/2024,FEE - MONTHLY,,,"-$1,200.00","$26,509.00",0
06/23/2025,Property Services LLC,,,-$75.00,"$25,749.00",0
11/02/2024,Membership 1st of month,,,-$450.00,"$15,599.00",0
11/24/2025,Property Services LLC,,,"-$1,400.00","$3,959.00",0
11/04/2025,Residential payment 1st of month,,,"-$1,300.00","$10,642.00",1
08/26/2024,Residential payment 25th standing,,,"$2,650.00","$10,169.00",1
06/17/2025,Periodic 30th payment,,,-$50.00,"$11,064.00",0
08/20/2024,Ref: RES-UNIT-5B,,,"-$2,275.00","$29,625.00",1
01/06/2025,Utility fee incl. services,,,"-$2,100.00","$46,005.00",0
07/25/2024,500 Oak Ave payment,,,"-$1,150.00","$43,033.00",1
12/14/2025,Rental payment,,,-$125.00,"$43,382.00",0
06/21/2024,Residential payment Last day,,,-$650.00,"$25,690.00",1
06/18/2024,Independent of rent - repair,,,-$400.00,"$30,062.00",0
12/17/2025,Complex management remittance,,,"-$1,300.00","$43,089.00",1
01/15/2025,500 Oak Ave payment,,,-$875.00,"$10,802.00",1
05/30/2024,FEE - RECURRING,,,"-$1,400.00","$39,910.00",0
03/06/2025,Residential payment 15th auto,,,"-$1,125.00","$15,422.00",1
05/01/2024,Distinct from rent - service,,,"-$1,100.00","$15,942.00",0
11/26/2025,UTILITY - MONTHLY,,,-$700.00,"$47,823.00",0
02/26/2024,Maintenance fee + insurance,,,-$800.00,"$5,626.00",0
03/06/2025,Additional to rent - fee,,,-$250.00,"$36,693.00",0
04/08/2025,Rent-paymnt,,,"-$2,550.00","$5,246.00",1
05/20/2025,Maintenance fee + insurance,,,"-$1,000.00","$42,103.00",0
06/20/2024,Distinct from rent - service,,,-$250.00,"$30,051.00",0
07/29/2024,Lodgings remittance,,,-$50.00,"$10,891.00",0
08/30/2025,Unit disbursement for residential unit,,,"$1,200.00","$44,771.00",1
10/09/2025,RENT: UNIT 304,,,"-$2,850.00","$38,163.00",1
11/02/2025,Utilitie payment,,,"-$1,000.00","$2,740.00",0
01/08/2024,Membership Last day,,,-$950.00,"$39,413.00",0
08/12/2024,Rent payment ,,,"-$3,050.00","$37,259.00",1
08/17/2024,Recurring 1st week,,,"-$2,100.00","$30,761.00",1
09/05/2024,Rnet payment,,,"-$2,125.00","$34,491.00",1
06/15/2025,Servise payment,,,-$250.00,"$1,869.00",0
03/28/2025,Check #1234 for monthly,,,-$200.00,"$15,288.00",0
11/26/2024,Unit fee for residential unit,,,"-$1,775.00","$3,145.00",1
05/10/2024,HOA fee incl. services,,,"-$1,600.00","$34,854.00",0
12/28/2025,FEE - MONTHLY,,,-$400.00,"$14,712.00",0
03/19/2024,Building fee for residential unit,,,"-$2,350.00","$46,977.00",1
06/05/2024,Residential payment Quarterly,,,"-$1,700.00","$36,111.00",1
04/26/2024,Property fee,,,"-$1,200.00","$39,193.00",0
04/06/2025,Utility fee + tax,,,-$300.00,"$42,127.00",0
12/31/2024,Other than rent - tax,,,-$350.00,"$20,231.00",0
08/25/2024,RENT-RECURRING,,,"-$2,100.00","$5,351.00",1
08/11/2024,Subscription Semi-monthly,,,-$900.00,"$44,378.00",0
05/01/2024,Lease fee for residential unit,,,"-$1,875.00","$11,496.00",1
11/09/2025,Rent payment ,,,"$2,625.00","$49,695.00",1
12/28/2025,Apartment 12C fee,,,-$850.00,"$47,217.00",1
10/19/2025,Periodic 30th payment,,,-$300.00,"$25,635.00",0
03/11/2024,Crib fee,,,-$350.00,"$26,497.00",0
04/22/2025,Residential payment 20th periodic,,,"-$1,675.00","$47,466.00",1
02/02/2025,Check #1234 for monthly,,,-$500.00,"$36,702.00",0
10/27/2025,Payment on 1st of month,,,$900.00,"$40,961.00",0
03/10/2025,Lease obligation payment,,,"$1,700.00","$11,851.00",1
06/09/2025,Unit payment including maintenance,,,"-$3,050.00","$19,787.00",1
08/21/2024,Rent (missed auto),,,"-$1,575.00","$4,838.00",1
07/29/2025,Facility Solutions,,,-$800.00,"$9,418.00",0
07/02/2025,Rent payment (apartment),,,"-$1,425.00","$2,879.00",1
03/10/2025,Residential payment Quarterly,,,"-$1,800.00","$43,323.00",1
12/25/2025,UTILITY - AUTO,,,-$250.00,"$9,068.00",0
03/01/2025,Non-rent housing expense,,,"-$1,750.00","$16,762.00",0
06/27/2024,UTILITY - MONTHLY,,,"-$1,450.00","$39,560.00",0
03/15/2024,RENT - DO NOT DELETE,,,"-$2,275.00","$28,589.00",1
01/01/2025,Utility fee + tax,,,-$900.00,"$22,456.00",0
10/12/2025,Property fee for residential unit,,,-$950.00,"$41,421.00",1
08/04/2024,Bi-weekly housing,,,"-$2,250.00","$24,625.00",1
11/10/2024,End of month remittance,,,-$600.00,"$26,148.00",0
05/16/2025,R3nt fee,,,"-$1,300.00","$24,376.00",1
09/19/2025,Maintenance fee incl. services,,,-$200.00,"$29,748.00",0
09/26/2024,FEE - AUTO,,,"-$2,800.00","$12,724.00",0
12/17/2024,First of month payment,,,-$250.00,"$18,765.00",0
11/30/2025,Unit Management,,,-$600.00,"$36,123.00",0
08/09/2025,Invoice: RESIDENCE,,,"-$1,425.00","$24,671.00",1
01/22/2025,Utilitie payment,,,-$500.00,"$13,974.00",0
01/01/2025,Where I live payment,,,"-$3,025.00","$31,576.00",1
08/06/2024,Bi-weekly housing,,,-$50.00,"$19,704.00",0
03/27/2025,Rent payment (primary residence),,,"-$2,050.00","$4,392.00",1
05/29/2025,Check #1234 for monthly,,,"-$1,200.00","$21,448.00",0
08/19/2025,Premises maintenance remittance,,,-$850.00,"$32,547.00",1
06/23/2024,Utility fee + insurance,,,"-$2,250.00","$41,313.00",0
10/08/2025,Unit letting,,,"-$2,250.00","$27,643.00",0
05/26/2024,RENT>>PAYMENT,,,"$1,325.00","$48,283.00",1
01/16/2025,Residential payment 10th recurring,,,"-$1,300.00","$4,459.00",1
07/18/2024,123 Main St monthly,,,"$2,100.00","$46,310.00",1
12/13/2025,Property Services LLC,,,-$950.00,"$11,053.00",0
02/17/2025,Rent payment ,,,-$950.00,"$21,955.00",1
01/20/2024,Complex management remittance,,,"-$2,075.00","$49,508.00",1
05/11/2024,Residence disbursement,,,"-$1,500.00","$21,939.00",1
08/24/2025,Monthly premises fee,,,-$750.00,"$43,927.00",1
04/07/2024,Residential payment Every 30 days,,,-$700.00,"$14,614.00",1
07/01/2025,Complex charge,,,"-$1,450.00","$24,830.00",0
06/13/2025,Unit disbursement for residential unit,,,"-$1,325.00","$40,171.00",1
12/09/2024,CHARGE - AUTO,,,-$400.00,"$13,168.00",0
11/01/2024,Maintenence payment,,,"-$1,600.00","$12,354.00",0
08/20/2025,Unit letting,,,-$250.00,"$48,820.00",0
09/10/2024,Independent of rent - repair,,,"-$1,800.00","$16,892.00",0
11/08/2025,Crib fee,,,"-$1,800.00","$16,207.00",0
02/18/2025,UTILITY - RECURRING,,,$200.00,"$27,495.00",0
12/06/2024,Tenancy payment,,,-$350.00,"$11,335.00",0
09/09/2024,UTILITY - AUTO,,,-$700.00,"$31,980.00",0
08/12/2024,Bi-weekly housing,,,"-$1,400.00","$29,936.00",0
02/07/2025,Additional to rent - fee,,,-$300.00,"$46,792.00",0
05/10/2024,Maintenence payment,,,"-$1,350.00","$47,338.00",0
05/20/2025,Subscription 10th recurring,,,-$125.00,"$43,005.00",0
10/22/2025,HOA fee + tax,,,"-$1,800.00","$18,789.00",0
11/06/2025,Unit Management,,,"-$2,075.00","$2,712.00",1
04/13/2024,Unit remittance,,,-$400.00,"$16,490.00",0
03/01/2025,Accommodation disbursement,,,"-$2,550.00","$34,768.00",1
12/12/2025,Rent payment ,,,"-$1,400.00","$14,645.00",1
05/13/2024,Lease fee,,,-$200.00,"$7,253.00",0
07/03/2025,HOA fee incl. services,,,-$50.00,"$48,966.00",0
08/10/2025,Debit to Anderson,,,-$125.00,"$13,875.00",0
03/28/2025,Building disbursement,,,"-$1,800.00","$38,889.00",0
02/01/2025,RENT #2024-001,,,"-$1,875.00","$13,534.00",1
04/16/2025,My house monthly,,,-$625.00,"$38,529.00",1
06/01/2025,UTILITY - AUTO,,,"-$2,100.00","$26,117.00",0
08/03/2025,Apart from rent - maintenance,,,-$700.00,"$27,980.00",0
08/11/2024,Unit disbursement for residential unit,,,$700.00,"$8,040.00",1
12/24/2024,Rent(payment),,,-$600.00,"$48,082.00",1
08/04/2025,Accommodation remittance including tax,,,-$700.00,"$16,179.00",1
10/05/2024,Quarterly dwelling,,,-$700.00,"$14,442.00",0
06/30/2025,Maintenence payment,,,-$75.00,"$46,308.00",0
03/31/2024,Utilitie payment,,,-$700.00,"$5,843.00",0
07/11/2025,Housing Associates,,,-$50.00,"$47,555.00",0
01/26/2024,My house monthly,,,"-$1,200.00","$37,819.00",1
03/03/2025,Membership Last day,,,-$75.00,"$41,687.00",0
09/09/2024,Check #1234 for monthly,,,"-$1,350.00","$49,674.00",1
11/05/2024,Lodgings remittance,,,-$75.00,"$28,883.00",0
12/13/2025,Rent payment (apartment),,,-$975.00,"$39,776.00",1
07/29/2024,Residential payment Last day,,,-$700.00,"$32,493.00",1
12/19/2025,RENT~MONTHLY,,,-$925.00,"$47,230.00",1
08/19/2025,Monthly housing and utilities bundle,,,"$1,100.00","$44,844.00",1
06/14/2024,Residential payment Bi-weekly,,,"-$2,750.00","$8,813.00",1
06/30/2025,Rent payment (apartment),,,"-$1,650.00","$32,757.00",1
09/14/2025,Residential Services,,,"-$2,600.00","$20,304.00",1
07/11/2024,Service fee incl. services,,,"-$2,400.00","$8,287.00",0
05/05/2024,Maintenence payment,,,-$200.00,"$23,829.00",0
02/19/2024,Transfer to Miller,,,-$100.00,"$4,368.00",0
09/03/2025,Service fee + insurance,,,-$100.00,"$23,570.00",0
06/20/2024,Membership 10th recurring,,,-$900.00,"$1,132.00",0
10/10/2025,Lease fee for residential unit,,,-$875.00,"$40,138.00",1
06/17/2025,Flat fee,,,-$700.00,"$38,369.00",0
02/29/2024,Abode disbursement,,,"-$3,000.00","$23,797.00",1
08/01/2024,Lease charge,,,-$400.00,"$13,073.00",0
10/15/2025,Subscripton payment,,,-$150.00,"$43,821.00",0
02/18/2025,Building payment,,,-$600.00,"$44,472.00",0
03/25/2024,Payment on 1st of month,,,-$925.00,"$25,777.00",1
07/03/2024,End of month remittance,,,"-$1,000.00","$1,337.00",0
10/15/2025,Residential payment Last day,,,"-$2,150.00","$45,060.00",1
04/12/2024,Distinct from rent - service,,,"-$2,100.00","$33,866.00",0
05/04/2024,Complex fee for residential unit,,,"-$1,075.00","$10,704.00",1
06/28/2024,Rental payment,,,-$700.00,"$22,413.00",1
06/22/2025,Domicile Solutions,,,"-$1,600.00","$7,046.00",1
07/21/2025,Domicile Solutions,,,"-$1,450.00","$7,670.00",1
09/09/2024,Unit payment for residential unit,,,"-$1,725.00","$30,032.00",1
06/17/2024,Rent-pay ment,,,"$2,975.00","$1,501.00",1
10/23/2024,Recurring 1st week,,,-$500.00,"$3,682.00",0
06/20/2025,Debit to Anderson,,,-$850.00,"$20,667.00",0
09/28/2025,Bi-weekly housing,,,"-$1,725.00","$41,190.00",1
05/09/2024,Utilitie payment,,,"-$1,800.00","$27,869.00",0
10/21/2024,Servise payment,,,-$850.00,"$45,180.00",0
01/24/2024,Property payment for residential unit,,,"-$2,450.00","$2,634.00",1
04/20/2025,Place remittance,,,-$925.00,"$44,296.00",1
09/13/2024,Membership 15th auto,,,-$600.00,"$22,753.00",0
12/18/2024,Subscription Monthly anniversary,,,"-$1,400.00","$2,366.00",0
07/10/2024,Spot payment,,,-$50.00,"$29,175.00",0
12/07/2025,Semi-monthly residence (Unit 39C),,,"-$2,050.00","$48,702.00",1
02/01/2025,Lease payment for residential unit,,,"-$1,425.00","$18,915.00",1
03/30/2025,UTILITY - RECURRING,,,"-$2,100.00","$15,592.00",0
11/10/2025,Rental payment,,,"-$1,400.00","$24,443.00",0
10/12/2025,Place I stay remittance,,,"-$1,375.00","$41,367.00",1
10/17/2025,Unit payment including maintenance,,,"-$1,650.00","$33,695.00",1
11/26/2024,RENT - APT 5B,,,"-$2,800.00","$16,754.00",1
09/13/2024,Remittance to Moore,,,-$750.00,"$47,493.00",1
11/11/2024,Property management remittance,,,"$1,725.00","$27,104.00",1
12/01/2024,Flat fee,,,"-$2,250.00","$39,335.00",1
01/28/2025,Facility Solutions,,,"-$1,900.00","$11,783.00",1
04/08/2025,Mid-month transfer,,,-$250.00,"$23,147.00",0
01/02/2025,Transfer to Miller,,,-$100.00,"$10,129.00",0
08/19/2024,Monthly payment to John,,,-$150.00,"$46,230.00",0
03/29/2025,Facility Solutions (Unit 11C),,,"-$1,075.00","$6,702.00",1
04/20/2025,Place remittance,,,-$200.00,"$16,777.00",0
02/19/2025,Complex payment for residential unit,,,"-$2,350.00","$9,270.00",1
02/03/2024,Service 5th monthly,,,-$750.00,"$24,481.00",0
07/08/2024,Residential Services (Unit 38A),,,"-$1,000.00","$16,959.00",1
01/17/2025,Premises fee with service charge,,,"-$2,350.00","$1,135.00",1
10/23/2025,Property management remittance,,,"-$2,050.00","$13,072.00",1
01/20/2025,Maintenence payment,,,"-$1,850.00","$40,302.00",0
01/03/2024,Servise payment,,,"-$1,850.00","$15,234.00",0
08/27/2024,Building administration fee,,,"$2,275.00","$36,027.00",1
10/18/2024,Building fee for residential unit,,,"-$2,250.00","$30,093.00",1
05/01/2024,Habitation remittance with utilities,,,"-$1,400.00","$7,842.00",1
11/17/2025,Rent payment (primary residence),,,"-$2,125.00","$23,281.00",1
12/18/2024,Facility Solutions,,,"-$2,050.00","$38,715.00",1
07/21/2025,My unit disbursement,,,"-$2,450.00","$44,396.00",1
10/01/2025,Residence disbursement,,,"-$1,400.00","$26,610.00",1
10/03/2025,Condo fee,,,-$50.00,"$42,458.00",0
07/28/2024,Unit remittance,,,"-$2,400.00","$24,313.00",0
03/14/2024,RENT-RECURRING,,,"-$2,600.00","$25,093.00",1
08/13/2024,Service 5th monthly,,,-$400.00,"$13,619.00",0
02/11/2024,Lodging remittance,,,"-$2,250.00","$17,099.00",1
09/06/2024,Rant fee,,,"-$1,325.00","$23,582.00",1
01/24/2025,Service fee + insurance,,,"-$1,200.00","$44,195.00",0
11/30/2025,Rent payment (primary residence),,,"-$2,950.00","$23,336.00",1
06/20/2025,Abode disbursement,,,-$950.00,"$2,987.00",1
12/27/2024,Residential Services,,,-$600.00,"$15,439.00",0
03/06/2024,CHARGE - MONTHLY,,,-$350.00,"$17,312.00",0
01/09/2025,Maintenance fee + insurance,,,"-$1,600.00","$35,664.00",0
06/07/2025,Residential Services,,,"-$3,000.00","$25,091.00",0
01/23/2024,Unit remittance for residential unit,,,"$1,700.00","$38,918.00",1
08/04/2025,Rent payment (primary residence),,,"-$2,800.00","$10,371.00",1
03/07/2025,Rent/payment,,,"-$2,275.00","$12,752.00",1
11/23/2024,Rent(payment),,,"-$2,300.00","$17,869.00",1
05/21/2024,Premises Services,,,-$125.00,"$44,040.00",0
01/05/2024,End of month remittance,,,-$250.00,"$37,051.00",0
10/20/2024,Residential payment First Monday,,,"-$3,025.00","$9,974.00",1
04/29/2024,FEE - AUTO,,,-$650.00,"$43,580.00",0
04/05/2024,Unit Management,,,"-$1,075.00","$43,277.00",1
12/11/2025,Apartment 12C fee,,,"-$1,550.00","$26,867.00",1
02/13/2025,Subscripton payment,,,-$50.00,"$15,398.00",0
06/16/2025,Rent payment ,,,$900.00,"$10,931.00",1
02/20/2024,RENT|AUTO,,,"$1,700.00","$9,290.00",1
09/16/2024,Servise payment,,,-$250.00,"$30,580.00",0
01/24/2024,Service Bi-weekly,,,"-$1,200.00","$49,500.00",0
12/15/2025,Monthly payment to John,,,"$1,600.00","$29,499.00",1
01/25/2024,Flat fee,,,"-$2,100.00","$4,407.00",1
07/11/2024,Landlord services payment,,,$900.00,"$25,523.00",1
10/30/2025,Residential payment Calendar month,,,-$600.00,"$22,744.00",1
02/04/2025,Real Estate Solutions,,,"-$1,000.00","$43,092.00",0
07/07/2025,RENT - DO NOT DELETE,,,"-$2,650.00","$48,726.00",1
10/19/2024,ACH to Johnson LLC (Unit 4B),,,"-$1,400.00","$26,228.00",1
03/18/2024,Maintenance fee + tax,,,"-$1,000.00","$34,754.00",0
05/03/2025,Building disbursement for residential unit,,,"-$1,900.00","$3,756.00",1
04/15/2024,Residential payment Bi-weekly,,,"-$1,775.00","$8,208.00",1
04/06/2025,Letting fee,,,-$100.00,"$11,142.00",0
11/03/2025,Semi-monthly residence,,,"-$1,600.00","$47,090.00",0
05/10/2025,R3nt fee,,,-$800.00,"$26,510.00",1
06/13/2025,Service 5th monthly,,,"-$1,400.00","$26,256.00",0
12/30/2024,Spot payment,,,"-$1,000.00","$28,120.00",0
05/02/2025,RENT_INVOICE_001,,,$650.00,"$36,147.00",1
01/18/2025,Real Estate Solutions,,,-$900.00,"$22,440.00",1
12/23/2025,Real Estate Solutions,,,-$300.00,"$17,217.00",0
10/16/2024,Housing Associates,,,$975.00,"$46,901.00",1
12/09/2024,Tenancy payment,,,-$450.00,"$28,873.00",0
07/15/2025,Besides rent - insurance,,,-$50.00,"$1,423.00",0
06/11/2025,Complex fee for residential unit,,,"-$2,225.00","$26,182.00",1
08/29/2025,Crib fee,,,-$300.00,"$25,312.00",0
06/17/2024,Lease charge for residential unit,,,"-$1,850.00","$16,633.00",1
07/11/2025,Rent payment ,,,$700.00,"$31,926.00",1
01/09/2024,Rent with included services,,,"$2,775.00","$32,137.00",1
04/11/2025,Service Monthly anniversary,,,-$125.00,"$10,188.00",0
05/11/2024,HOA fee incl. services,,,"-$1,000.00","$40,488.00",0
01/09/2024,Rent payment ,,,"-$1,050.00","$10,277.00",1
05/24/2024,Monthly on 15th,,,-$400.00,"$4,396.00",0
11/05/2025,Independent of rent - repair,,,"$2,100.00","$45,423.00",0
04/20/2024,Property remittance,,,-$500.00,"$30,835.00",0
10/30/2024,Domicile Solutions,,,-$600.00,"$19,846.00",0
01/17/2024,Recurring 1st week,,,"$1,650.00","$45,201.00",0
11/29/2025,Servise payment,,,$800.00,"$12,947.00",0
03/31/2024,Place remittance,,,"$1,525.00","$47,099.00",1
04/14/2025,My apartment payment,,,"-$2,375.00","$8,472.00",1
05/19/2025,Utilitie payment,,,-$100.00,"$49,838.00",0
02/14/2024,Recurring habitation expenditure,,,"-$2,050.00","$3,142.00",1
02/14/2025,Complex payment for residential unit,,,"$1,575.00","$40,182.00",1
07/23/2025,Service 15th auto,,,-$450.00,"$14,567.00",0
05/18/2025,SERVICE - MONTHLY,,,-$400.00,"$6,982.00",0
01/28/2025,Semi-monthly residence,,,"$1,000.00","$26,384.00",0
11/26/2025,SERVICE - MONTHLY,,,"-$2,400.00","$44,083.00",0
03/09/2025,Lease charge,,,-$150.00,"$18,292.00",0
05/25/2025,Dwelling disbursement plus fees,,,-$600.00,"$46,167.00",1
01/22/2024,Crib fee,,,-$700.00,"$49,908.00",1
01/18/2024,Unit payment,,,"-$1,200.00","$10,387.00",0
04/27/2024,Besides rent - insurance,,,-$75.00,"$13,985.00",0
11/23/2024,RENT - DO NOT DELETE,,,"-$2,000.00","$14,157.00",1
04/01/2024,Residential payment 1st of month,,,-$800.00,"$40,006.00",1
03/08/2024,Strata payment,,,-$900.00,"$21,297.00",1
06/26/2024,Digs payment,,,"-$1,750.00","$36,635.00",1
10/01/2025,Accommodation remittance including tax,,,"$1,400.00","$47,286.00",1
10/10/2025,Rent payment (primary residence),,,-$825.00,"$26,815.00",1
06/30/2025,Residential payment 1st of month,,,"-$2,550.00","$9,985.00",1
06/16/2025,Bi-weekly housing,,,"-$1,400.00","$46,705.00",0
04/13/2025,FEE - AUTO,,,-$850.00,"$23,862.00",0
11/21/2025,Rant remittance,,,-$700.00,"$14,290.00",1
09/25/2025,Lodgings remittance,,,$125.00,"$49,955.00",0
05/23/2024,Service fee + insurance,,,-$700.00,"$2,886.00",0
02/19/2025,RENT-RECURRING,,,"-$2,350.00","$32,373.00",1
05/08/2024,Service fee + insurance,,,-$300.00,"$44,568.00",0
01/26/2024,Payment on 1st of month,,,-$600.00,"$11,581.00",0
02/15/2025,Wire to Thompson,,,-$200.00,"$34,732.00",0
08/06/2025,Rent with included services,,,"-$2,275.00","$26,898.00",1
06/22/2024,Quarterly dwelling,,,"-$1,800.00","$36,243.00",0
04/19/2025,Premises Services (Unit 21C),,,"-$2,750.00","$23,373.00",1
05/06/2025,Separate from rent - deposit,,,-$450.00,"$25,915.00",0
01/26/2024,Digs payment,,,"-$1,200.00","$2,614.00",0
01/31/2024,Subscription Every 30 days,,,-$125.00,"$26,397.00",0
05/09/2025,Digs payment,,,"-$1,100.00","$24,100.00",0
12/25/2024,CHARGE - MONTHLY,,,"-$1,650.00","$3,580.00",0
10/29/2025,Unit fee for residential unit,,,-$700.00,"$18,679.00",1
06/19/2025,Residential payment Bi-weekly,,,"-$2,400.00","$4,263.00",1
10/19/2025,Recurring habitation expenditure,,,"-$2,975.00","$7,663.00",1
12/14/2024,Residence fee including amenities,,,"-$2,625.00","$3,367.00",1
10/08/2024,Mid-month transfer,,,-$50.00,"$23,585.00",0
07/04/2024,Bi-weekly housing (Unit 39A),,,"-$1,000.00","$12,019.00",1
01/14/2024,Rent-paymnt,,,"$1,300.00","$18,149.00",1
01/29/2025,Unit payment including maintenance,,,"-$1,100.00","$38,631.00",1
01/07/2025,End of month remittance,,,"-$1,800.00","$22,406.00",0
12/07/2025,Payment on 1st of month,,,$350.00,"$40,161.00",0
02/21/2025,HOA fee + insurance,,,-$75.00,"$33,305.00",0
01/05/2025,Dwelling disbursement plus fees,,,"-$1,825.00","$48,484.00",1
10/14/2024,Property remittance for residential unit,,,"-$2,850.00","$28,448.00",1
06/10/2025,First of month payment,,,-$350.00,"$37,802.00",0
11/08/2025,Residential payment 25th standing,,,"-$2,825.00","$28,295.00",1
08/09/2024,Separate from rent - deposit,,,-$400.00,"$2,920.00",0
04/29/2025,Lease fee,,,$50.00,"$20,053.00",0
06/11/2024,Rent..payment,,,"-$2,150.00","$44,049.00",1
11/03/2024,First of month payment,,,-$700.00,"$36,099.00",0
12/30/2024,My house monthly,,,"-$1,700.00","$48,233.00",1
09/02/2025,Payment to Wilson,,,"-$1,200.00","$13,915.00",1
06/25/2024,Membership Monthly anniversary,,,-$250.00,"$30,283.00",0
05/16/2025,Residential payment Calendar month,,,"-$3,000.00","$23,633.00",1
09/04/2024,Letting fee,,,-$875.00,"$37,640.00",1
04/22/2024,Unit remittance,,,"-$1,750.00","$13,123.00",0
11/15/2024,Transfer to Miller,,,"-$1,125.00","$45,812.00",1
08/17/2024,Rent(payment),,,"-$1,725.00","$48,287.00",1
04/24/2024,Real estate management fee,,,"-$2,950.00","$11,935.00",1
01/01/2025,Building Management,,,"-$2,100.00","$25,923.00",0
11/14/2025,Unit fee for residential unit,,,"-$2,600.00","$35,637.00",1
07/21/2025,Ren tpayment,,,"-$1,850.00","$6,259.00",1
10/09/2025,Utilitie payment,,,"-$1,600.00","$39,312.00",0
11/27/2024,Invoice: RESIDENCE,,,"-$1,650.00","$21,490.00",1
12/06/2025,Rent payment ,,,"-$2,075.00","$36,639.00",1
03/01/2025,Rent payment ,,,"-$2,250.00","$10,201.00",1
11/14/2025,Lease fee for residential unit,,,"-$1,875.00","$49,966.00",1
03/11/2025,Check #1234 for monthly (Unit 28A),,,"-$2,600.00","$34,499.00",1
02/05/2025,Premises Services,,,"-$1,600.00","$16,338.00",0
09/09/2025,RENT - DO NOT DELETE,,,$625.00,"$40,171.00",1
03/16/2024,Independent of rent - repair,,,-$75.00,"$22,622.00",0
05/08/2024,Residential payment Every 30 days,,,"-$2,125.00","$7,550.00",1
08/08/2024,Transfer to Miller,,,"-$2,650.00","$3,521.00",1
05/29/2025,Unit charge,,,-$400.00,"$25,202.00",0
02/14/2025,Recurring transfer to Smith,,,"-$1,150.00","$48,340.00",1
04/19/2024,Debit to Anderson,,,"-$1,875.00","$13,111.00",1
04/22/2024,Rent (missed auto),,,"-$2,950.00","$42,203.00",1
07/17/2024,SERVICE - AUTO,,,-$400.00,"$25,412.00",0
03/27/2024,RENT PAYMENT (MONTHLY),,,"-$3,025.00","$45,446.00",1
11/24/2024,Recurring habitation expenditure,,,"$2,950.00","$31,651.00",1
02/03/2025,Residential payment 25th standing,,,-$875.00,"$11,598.00",1
03/13/2025,Premises maintenance remittance,,,-$800.00,"$41,537.00",1
06/09/2024,Unit 7B monthly,,,"-$1,475.00","$5,949.00",1
03/29/2025,Building Management,,,-$700.00,"$2,763.00",0
05/20/2024,Crib fee,,,-$800.00,"$20,137.00",0
09/01/2025,Utilitie payment,,,-$500.00,"$18,967.00",0
02/22/2024,Wire to Thompson,,,"-$1,950.00","$35,127.00",0
07/27/2025,Rent payment (apartment),,,-$725.00,"$21,295.00",1
02/26/2024,Property Services LLC,,,"-$1,000.00","$4,095.00",0
10/26/2025,Rent (missed auto),,,-$700.00,"$14,481.00",1
02/21/2025,HOA fee incl. services,,,-$500.00,"$47,595.00",0
09/02/2024,Rent-pay ment,,,"-$2,550.00","$16,963.00",1
04/02/2025,Recurring transfer to Smith,,,"-$1,700.00","$19,403.00",1
03/02/2024,Remittance to Moore,,,-$950.00,"$44,092.00",0
01/05/2025,Rentt disbursement,,,-$800.00,"$45,901.00",1
11/19/2025,Unit disbursement for residential unit,,,"-$2,075.00","$1,592.00",1
07/04/2025,Crib fee,,,$875.00,"$49,383.00",1
09/06/2025,First of month payment,,,"-$1,000.00","$32,856.00",0
05/08/2025,Recurring transfer to Smith,,,-$50.00,"$46,793.00",0
02/21/2024,Residential payment 1st of month,,,"-$2,200.00","$18,628.00",1
01/29/2024,Maintenence payment,,,"-$2,250.00","$25,334.00",0
04/22/2024,RENT>>PAYMENT,,,-$900.00,"$43,112.00",1
01/05/2025,Real Estate Solutions,,,-$700.00,"$26,914.00",0
12/12/2024,Unit disbursement,,,"-$2,100.00","$16,487.00",0
04/01/2025,Utilitie payment,,,"-$1,000.00","$28,895.00",0
08/21/2025,Unit disbursement for residential unit,,,"-$1,125.00","$26,013.00",1
07/10/2025,Monthly payment to John,,,-$500.00,"$7,451.00",0
07/11/2025,RENT|AUTO,,,"-$2,400.00","$4,049.00",1
05/23/2024,Payment on 1st of month,,,"$1,675.00","$20,787.00",1
02/04/2025,SERVICE - RECURRING,,,-$700.00,"$20,454.00",0
03/14/2024,RENT-RECURRING,,,-$950.00,"$44,970.00",1
01/18/2025,Complex Services (Unit 39B),,,"-$2,825.00","$28,240.00",1
05/05/2025,Payment to Wilson,,,-$600.00,"$38,052.00",0
08/30/2025,Condo fee,,,-$50.00,"$16,160.00",0
01/29/2024,Transfer to Miller,,,"-$1,475.00","$46,226.00",1
12/18/2024,Lodgings remittance,,,"-$1,150.00","$43,195.00",1
05/09/2025,Residential payment Last day,,,"-$1,800.00","$5,221.00",1
09/27/2024,Recurring habitation expenditure,,,"-$2,950.00","$30,600.00",1
05/11/2024,Rental payment,,,"-$2,350.00","$2,338.00",1
07/03/2025,Complex management remittance,,,-$775.00,"$30,373.00",1
08/13/2025,Other than rent - tax,,,"-$1,400.00","$4,727.00",0
06/14/2024,Service 10th recurring,,,"-$1,550.00","$27,818.00",0
03/03/2025,Unit disbursement,,,"-$1,200.00","$1,616.00",0
03/19/2024,Additional to rent - fee,,,-$700.00,"$27,734.00",0
04/06/2024,Building Management,,,"-$1,850.00","$12,665.00",1
04/15/2024,Other than rent - tax,,,"-$1,600.00","$37,736.00",0
03/31/2024,Digs payment,,,"-$2,650.00","$39,354.00",1
02/05/2025,Lodgings remittance,,,-$700.00,"$43,139.00",1
05/26/2025,Remittance: DWELLING,,,"-$1,825.00","$46,587.00",1
04/27/2024,Complex payment for residential unit,,,"-$2,050.00","$16,864.00",1
04/26/2025,Abode payment plus insurance,,,"-$1,750.00","$3,975.00",1
12/06/2025,Utility fee + tax,,,-$900.00,"$20,389.00",0
06/12/2025,Servise payment,,,$450.00,"$16,362.00",0
06/05/2024,Rent payment (primary residence),,,"-$1,400.00","$10,535.00",1
12/16/2024,End of month remittance,,,"-$1,250.00","$5,375.00",0
05/20/2025,SERVICE - MONTHLY,,,-$200.00,"$3,445.00",0
12/13/2025,Digs payment,,,"-$3,050.00","$17,921.00",1
07/31/2024,Rent-pay ment,,,"-$1,550.00","$21,575.00",1
08/10/2024,Servise payment,,,-$50.00,"$40,178.00",0
06/17/2025,Maintenance fee incl. services,,,-$75.00,"$44,358.00",0
01/06/2025,CHARGE - MONTHLY,,,"-$1,800.00","$37,857.00",0
12/20/2025,Invoice: RESIDENCE,,,"-$1,350.00","$7,091.00",1
02/14/2025,Tenancy payment,,,-$250.00,"$13,590.00",0
04/08/2025,Recurring 1st week,,,"-$1,450.00","$1,734.00",0
11/08/2024,Periodic domicile remittance,,,"-$1,250.00","$41,417.00",1
03/03/2024,Rent payment ,,,"-$1,225.00","$21,220.00",1
04/06/2024,RENT: UNIT 304,,,"-$1,650.00","$20,433.00",1
06/08/2024,Utility fee + tax,,,-$350.00,"$25,107.00",0
12/15/2025,Premises fee with service charge,,,"-$2,100.00","$6,954.00",1
11/15/2025,R3nt fee,,,-$850.00,"$18,954.00",1
09/19/2025,RENT #2024-001,,,-$950.00,"$13,609.00",1
07/16/2024,Rent payment (primary residence),,,"-$1,625.00","$22,285.00",1
12/01/2025,Monthly housing and utilities bundle,,,"-$2,575.00","$5,986.00",1
01/28/2024,Habitation remittance with utilities,,,"-$1,950.00","$12,877.00",1
02/06/2024,Apartment payment + parking,,,"-$1,475.00","$26,008.00",1
08/20/2025,HOA fee incl. services,,,-$200.00,"$16,317.00",0
07/04/2025,Building payment for residential unit,,,-$800.00,"$36,505.00",1
09/15/2025,Accommodation remittance including tax,,,"-$1,450.00","$43,841.00",1
10/28/2024,Invoice #APT2024-001,,,"-$1,300.00","$18,705.00",1
07/14/2024,Remittance to Moore,,,"-$1,000.00","$16,606.00",0
08/01/2024,Non-rent housing expense,,,"$1,000.00","$17,672.00",0
06/03/2025,Rent payment (primary residence),,,"-$1,625.00","$48,674.00",1
01/27/2025,Residential payment 10th recurring,,,"-$2,800.00","$30,475.00",1
07/28/2024,Unit payment,,,"-$1,400.00","$37,663.00",0
09/15/2025,Quarterly dwelling,,,-$900.00,"$17,301.00",0
09/11/2025,CHARGE - RECURRING,,,-$450.00,"$31,823.00",0
12/02/2024,Building Management,,,-$125.00,"$1,296.00",0
08/29/2025,Ren tpayment,,,"-$1,525.00","$30,840.00",1
10/08/2024,Residential payment Every 30 days,,,"-$1,975.00","$29,418.00",1
04/05/2025,Pad payment,,,"-$1,400.00","$46,927.00",0
04/13/2025,Rent..payment,,,-$675.00,"$6,570.00",1
09/28/2025,Non-rent housing expense,,,"-$1,350.00","$18,085.00",0
04/15/2024,Lease fee,,,-$500.00,"$1,003.00",0
03/19/2024,Strata payment,,,-$700.00,"$26,189.00",0
11/09/2025,Premises Services,,,-$200.00,"$25,113.00",0
08/12/2025,Letting fee,,,$350.00,"$43,317.00",0
02/22/2025,Apart from rent - maintenance,,,-$300.00,"$9,894.00",0
07/01/2024,Subscripton payment,,,-$100.00,"$39,523.00",0
12/05/2024,RENT: UNIT 304,,,"-$1,600.00","$22,655.00",1
11/29/2025,RENT|AUTO,,,"-$1,775.00","$12,300.00",1
11/04/2024,Place remittance,,,-$100.00,"$17,342.00",0
08/09/2025,First of month payment,,,-$700.00,"$44,986.00",0
07/19/2024,Property payment,,,-$850.00,"$6,207.00",0
03/25/2025,Unit letting,,,"$1,700.00","$41,002.00",1
01/02/2024,Rent..payment,,,"-$2,600.00","$47,406.00",1
04/15/2025,Property fee,,,"-$1,350.00","$28,194.00",0
02/22/2024,Residential payment Every 30 days,,,"-$2,075.00","$45,564.00",1
08/04/2024,Maintenance fee + insurance,,,"-$1,000.00","$49,414.00",0
08/26/2024,Habitation remittance,,,"-$1,075.00","$29,819.00",1
03/31/2024,NOT rent - utilities,,,-$800.00,"$30,261.00",0
10/13/2024,CHARGE - RECURRING,,,"-$2,100.00","$26,436.00",0
02/05/2025,Rent payment (primary residence),,,-$800.00,"$37,324.00",1
05/22/2025,Facility Solutions,,,-$500.00,"$43,602.00",0
10/19/2024,RENT_INVOICE_001,,,"-$1,150.00","$13,468.00",1
04/15/2025,Utilitie payment,,,-$300.00,"$37,541.00",0
10/15/2024,Bi-weekly housing,,,"-$2,400.00","$24,245.00",0
11/11/2024,Flat fee,,,"-$1,350.00","$21,780.00",1
07/31/2024,Service fee + tax,,,"-$1,600.00","$43,162.00",0
08/07/2025,RENT - APT 5B,,,"-$2,100.00","$48,577.00",1
09/04/2024,Rent ;payment,,,"-$1,550.00","$22,858.00",1
01/09/2025,Wire to Thompson,,,-$250.00,"$27,975.00",0
02/02/2024,Utility fee + tax,,,-$350.00,"$38,396.00",0
03/12/2024,Lodging remittance,,,"$1,700.00","$44,625.00",1
03/07/2025,Domicile Solutions,,,"-$1,600.00","$27,155.00",0
03/23/2024,Check #1234 for monthly,,,-$450.00,"$30,348.00",0
02/15/2025,Other than rent - tax,,,-$400.00,"$7,095.00",0
06/07/2025,NOT rent - utilities,,,-$350.00,"$27,975.00",0
11/18/2025,HOA fee incl. services,,,-$150.00,"$25,436.00",0
01/12/2025,Rent payment (apartment),,,"-$3,000.00","$43,067.00",1
10/09/2024,Rent ;payment,,,"-$1,425.00","$12,827.00",1
05/23/2025,Rent payment (primary residence),,,-$650.00,"$32,534.00",1
09/30/2025,Lodgings remittance,,,"-$1,050.00","$24,236.00",1
08/09/2024,RENT|AUTO,,,"-$1,975.00","$32,755.00",1
04/06/2025,SERVICE - AUTO,,,"-$1,400.00","$49,053.00",0
06/20/2024,Remittance to Moore,,,-$400.00,"$22,450.00",0
10/15/2024,Quarterly dwelling,,,-$200.00,"$34,066.00",0
10/22/2025,Real Estate Solutions,,,-$100.00,"$46,854.00",0
02/27/2025,Lease fee,,,-$900.00,"$14,340.00",0
03/19/2024,Digs payment,,,"-$2,600.00","$18,533.00",0
11/21/2024,Tenancy payment,,,-$500.00,"$35,552.00",0
10/15/2025,Check #1234 for monthly,,,-$900.00,"$41,803.00",0
08/14/2025,Spot payment,,,$825.00,"$37,306.00",1
12/04/2024,Lease charge,,,-$125.00,"$41,686.00",0
08/08/2024,Tenancy payment,,,"-$2,975.00","$38,482.00",1
07/14/2025,RENT - APT 5B,,,$725.00,"$5,261.00",1
01/29/2025,Debit to Anderson,,,"-$1,600.00","$11,288.00",0
12/06/2025,Habitation remittance with utilities,,,"-$3,025.00","$16,870.00",1
08/24/2025,Rant fee,,,"-$1,200.00","$11,140.00",1
07/16/2024,ACH to Johnson LLC,,,-$400.00,"$17,348.00",0
12/06/2024,RENT_INVOICE_001,,,"-$1,825.00","$5,113.00",1
08/16/2024,Recurring transfer to Smith,,,-$400.00,"$35,919.00",0
11/18/2025,Rnet payment,,,"-$2,100.00","$20,862.00",1
11/23/2024,Separate from rent - deposit,,,-$300.00,"$20,895.00",0
07/25/2025,Rentt disbursement,,,"-$2,950.00","$41,230.00",1
12/15/2024,Residential Services,,,$400.00,"$49,086.00",0
01/24/2024,Rent payment ,,,"-$1,975.00","$7,113.00",1
03/01/2024,RENT|AUTO,,,"-$1,075.00","$9,781.00",1
02/18/2025,Unit letting,,,"-$2,575.00","$6,486.00",1
12/30/2024,Service Last day,,,"-$1,800.00","$38,255.00",0
05/29/2024,Zelle to Davis,,,"-$1,800.00","$47,426.00",0
01/04/2024,Apartment 12C fee,,,"-$1,425.00","$42,559.00",1
05/19/2025,Debit to Anderson,,,"-$1,200.00","$14,188.00",0
05/29/2024,Payment ref: HOUSING-,,,"-$1,600.00","$33,331.00",1
09/17/2024,RENT|AUTO,,,"-$2,200.00","$23,914.00",1
10/29/2024,Unit fee for residential unit,,,"-$1,800.00","$43,108.00",1
12/24/2025,Residential payment Quarterly,,,"-$2,625.00","$25,910.00",1
10/21/2024,Lodgings remittance,,,"-$1,250.00","$24,502.00",1
05/03/2025,End of month remittance,,,-$600.00,"$23,352.00",0
08/16/2025,Premises maintenance remittance,,,"-$2,650.00","$29,550.00",1
12/05/2025,Recurring transfer to Smith,,,-$125.00,"$24,227.00",0
05/17/2024,Unit Management,,,$900.00,"$30,019.00",0
12/21/2024,Apart from rent - maintenance,,,"-$1,600.00","$26,516.00",0
03/02/2025,Apartment payment + parking,,,"-$2,950.00","$7,402.00",1
07/23/2025,Building payment for residential unit,,,"-$2,450.00","$30,308.00",1
08/14/2025,Rent with included services,,,"-$2,550.00","$8,946.00",1
06/17/2025,Place remittance,,,-$450.00,"$48,071.00",0
11/11/2024,Recurring 1st week,,,-$125.00,"$48,911.00",0
01/05/2025,Building Management (Unit 16C),,,"$1,800.00","$27,793.00",1
08/08/2024,Maintenance fee incl. services,,,"-$1,950.00","$37,476.00",0
06/06/2025,Subscripton payment,,,"-$1,800.00","$22,740.00",0
12/06/2025,Service fee + insurance,,,"-$1,200.00","$11,410.00",0
07/03/2025,Residential payment Monthly anniversary,,,"-$1,000.00","$17,087.00",1
08/02/2024,Semi-monthly residence,,,"-$1,000.00","$48,676.00",0
11/28/2025,Subscription Last day,,,-$700.00,"$41,030.00",0
10/12/2024,Complex charge,,,-$900.00,"$38,652.00",0
08/11/2025,Excluding rent - HOA,,,-$100.00,"$6,318.00",0
11/26/2024,FEE - AUTO,,,"-$2,600.00","$33,017.00",0
07/04/2025,Maintenence payment,,,-$100.00,"$42,688.00",0
06/23/2025,Complex fee,,,-$700.00,"$43,723.00",0
09/23/2025,Unit payment including maintenance,,,"-$1,550.00","$41,181.00",1
12/30/2024,Utilitie payment,,,-$500.00,"$8,313.00",0
03/27/2025,Unit letting,,,-$300.00,"$4,265.00",0
12/25/2024,Rentt disbursement,,,-$700.00,"$13,561.00",1
03/28/2024,Ren tpayment,,,"-$3,025.00","$11,173.00",1
10/14/2024,500 Oak Ave payment,,,"-$1,600.00","$15,088.00",1
11/09/2025,HOA fee + insurance,,,-$700.00,"$35,072.00",0
03/22/2025,Utility fee + tax,,,"$1,800.00","$18,995.00",0
07/27/2024,Remittance to Moore,,,-$850.00,"$29,746.00",1
01/18/2025,Rent-pay ment,,,"$1,975.00","$32,848.00",1
12/20/2024,Building payment for residential unit,,,"-$2,050.00","$39,389.00",1
02/06/2025,Invoice #APT2024-001,,,"$2,400.00","$27,404.00",1
05/22/2025,Property management remittance,,,"$1,375.00","$20,589.00",1
04/19/2024,Lodgings remittance,,,"-$2,600.00","$49,423.00",1
05/28/2025,Unit fee for residential unit,,,"-$1,200.00","$24,423.00",1
10/26/2025,SERVICE - AUTO,,,-$300.00,"$30,752.00",0
11/23/2024,Tenancy payment,,,-$200.00,"$15,256.00",0
02/11/2025,Distinct from rent - service,,,-$350.00,"$30,216.00",0
05/07/2025,RENT: UNIT 304,,,"$3,050.00","$40,790.00",1
04/12/2025,Rent payment (primary residence),,,-$825.00,"$46,088.00",1
11/02/2024,Remittance to Moore,,,"-$1,600.00","$45,052.00",0
03/15/2025,Residential payment Semi-monthly,,,"-$2,775.00","$45,103.00",1
06/13/2025,Ren tpayment,,,"-$3,025.00","$30,159.00",1
12/24/2024,Building disbursement,,,"-$1,400.00","$24,700.00",0
11/06/2024,Maintenence payment,,,"-$1,800.00","$21,048.00",0
03/18/2025,Crib fee,,,"-$2,350.00","$27,904.00",1
05/24/2024,Rent(payment),,,"-$1,600.00","$4,523.00",1
02/18/2025,Service Every 30 days,,,-$400.00,"$24,589.00",0
04/22/2025,Recurring transfer to Smith,,,"-$1,750.00","$31,300.00",0
08/22/2024,Maintenence payment,,,-$300.00,"$44,205.00",0
12/11/2025,Lodgings remittance,,,-$200.00,"$33,799.00",0
02/14/2025,Transfer to Miller,,,$450.00,"$42,541.00",0
11/12/2024,Unit Management,,,-$450.00,"$15,024.00",0
06/04/2024,Debit to Anderson,,,"-$1,200.00","$37,220.00",0
11/21/2025,Rent/payment,,,"-$1,875.00","$20,753.00",1
01/05/2025,Membership 5th monthly,,,-$700.00,"$35,793.00",0
10/05/2025,Service fee + insurance,,,-$200.00,"$43,939.00",0
03/30/2025,Monthly payment to John,,,"-$1,950.00","$30,136.00",0
09/17/2024,Rent-paymnt,,,"-$3,025.00","$46,451.00",1
10/24/2024,Real estate management fee,,,"-$1,800.00","$3,735.00",1
05/26/2025,Residential payment 25th standing,,,"-$1,900.00","$2,664.00",1
09/15/2025,RENT: UNIT 304,,,-$600.00,"$41,355.00",1
11/05/2025,RENT: UNIT 304,,,"$2,200.00","$31,147.00",1
08/11/2025,Unit Management,,,-$700.00,"$35,668.00",0
11/17/2024,HOA fee incl. services,,,"-$1,850.00","$16,489.00",0
03/31/2025,Besides rent - insurance,,,-$500.00,"$32,903.00",0
01/11/2025,RENT_INVOICE_001,,,"-$2,650.00","$33,050.00",1
04/10/2025,For 303 Parkview,,,"-$2,775.00","$6,595.00",1
08/24/2024,RENT: UNIT 304,,,"-$1,400.00","$18,832.00",1
02/18/2024,Dwelling disbursement plus fees,,,"-$1,275.00","$41,270.00",1
03/18/2025,Rent payment (apartment),,,"-$1,450.00","$48,656.00",1
03/28/2025,Utilitie payment,,,-$350.00,"$47,110.00",0
11/11/2025,Payment ref: HOUSING-,,,"-$1,450.00","$29,636.00",1
07/28/2025,CHARGE - MONTHLY,,,"-$1,750.00","$44,869.00",0
08/30/2024,CHARGE - AUTO,,,-$350.00,"$10,272.00",0
03/15/2025,Service 5th monthly,,,$150.00,"$11,895.00",0
09/27/2024,Apartment payment + parking,,,"-$1,725.00","$6,413.00",1
08/22/2025,Rent payment (apartment),,,"-$2,850.00","$10,617.00",1
09/25/2025,CHARGE - RECURRING,,,-$800.00,"$18,881.00",0
01/16/2025,Servise payment,,,-$500.00,"$19,770.00",0
04/22/2024,Place remittance,,,"-$2,800.00","$26,037.00",1
07/11/2024,Letting fee,,,"-$1,350.00","$43,471.00",0
12/07/2025,Condo fee,,,"-$2,150.00","$7,535.00",1
05/23/2025,Subscription 20th periodic,,,-$850.00,"$35,224.00",0
07/22/2024,Payment to Wilson,,,-$900.00,"$12,074.00",1
02/02/2025,Lease obligation payment,,,"-$2,625.00","$26,879.00",1
04/24/2025,Membership 1st of month,,,"-$2,100.00","$32,664.00",0
04/21/2024,Subscription 15th auto,,,"-$1,850.00","$28,595.00",0
12/06/2025,CHARGE - MONTHLY,,,-$125.00,"$36,756.00",0
07/28/2025,Remittance to Moore,,,-$125.00,"$15,573.00",0
08/19/2024,RENT PAYMENT (MONTHLY),,,"-$1,950.00","$27,254.00",1
09/21/2025,Other than rent - tax,,,-$125.00,"$3,425.00",0
12/02/2025,Utilitie payment,,,-$600.00,"$38,298.00",0
08/01/2025,Rent/payment,,,"-$2,350.00","$9,564.00",1
11/08/2025,Membership Every 30 days,,,-$800.00,"$5,531.00",0
07/26/2025,Digs payment,,,-$600.00,"$26,641.00",0
01/12/2024,Excluding rent - HOA,,,$125.00,"$5,389.00",0
10/14/2025,Residential payment Every 30 days,,,"$1,100.00","$27,314.00",1
05/23/2024,Residential Services,,,-$700.00,"$30,851.00",1
10/09/2024,Lodgings remittance,,,"-$1,600.00","$25,120.00",0
05/30/2025,RENT - DO NOT DELETE,,,-$800.00,"$30,401.00",1
11/30/2024,RENT~MONTHLY,,,"$1,650.00","$25,732.00",1
12/07/2025,Rant fee,,,-$625.00,"$20,939.00",1
03/31/2024,Unit Management (Unit 6C),,,"-$1,750.00","$42,601.00",1
08/02/2025,Digs payment,,,-$450.00,"$30,739.00",0
05/19/2025,Residential payment 5th monthly,,,"-$2,350.00","$23,636.00",1
05/27/2025,NOT rent - utilities,,,"-$1,400.00","$46,786.00",0
01/05/2024,Property fee,,,-$350.00,"$42,588.00",0
08/01/2024,Housing Associates,,,"-$1,200.00","$30,723.00",0
04/13/2025,Separate from rent - deposit,,,"-$1,550.00","$22,272.00",0
11/23/2025,Service fee + tax,,,"-$1,800.00","$3,923.00",0
08/19/2024,Premises Services,,,"$2,250.00","$33,759.00",1
12/14/2024,Monthly payment to John,,,-$400.00,"$3,830.00",0
12/18/2025,CHARGE - AUTO,,,-$250.00,"$23,573.00",0
01/21/2024,FEE - MONTHLY,,,"-$3,000.00","$24,585.00",0
05/03/2025,Non-rent housing expense,,,"$2,400.00","$38,757.00",0
02/05/2025,Lease payment,,,-$500.00,"$28,415.00",0
04/17/2025,Premises Services,,,"-$1,950.00","$14,768.00",0
06/03/2025,Unit payment,,,-$250.00,"$17,896.00",0
06/25/2025,CHARGE - MONTHLY,,,-$700.00,"$40,155.00",0
10/27/2025,R3nt fee,,,-$825.00,"$27,854.00",1
02/04/2024,HOA fee + insurance,,,-$800.00,"$3,679.00",0
08/06/2025,Unit letting,,,"-$1,125.00","$31,699.00",1
03/30/2025,Premises maintenance remittance,,,-$775.00,"$24,435.00",1
05/13/2024,Unit letting,,,"-$1,225.00","$3,128.00",1
07/06/2025,Service Quarterly,,,-$400.00,"$45,853.00",0
02/23/2024,Rant remittance,,,"-$2,975.00","$25,843.00",1
02/14/2025,RENT - APT 5B,,,"$2,000.00","$17,946.00",1
11/27/2025,Residential payment Last day,,,"-$1,825.00","$29,681.00",1
11/26/2024,Maintenence payment,,,"-$1,750.00","$47,884.00",0
02/03/2024,Rent (missed auto),,,"-$1,600.00","$37,417.00",1
10/21/2024,Place remittance,,,-$450.00,"$38,922.00",0
09/19/2024,Real Estate Solutions,,,"-$1,150.00","$22,232.00",1
03/30/2025,Rent payment (primary residence),,,"-$1,100.00","$2,957.00",1
07/24/2025,CHARGE - AUTO,,,"-$1,000.00","$27,010.00",0
11/26/2025,Transfer to Miller,,,"-$1,075.00","$5,925.00",1
02/05/2024,Membership 5th monthly,,,$450.00,"$14,687.00",0
07/06/2025,RENT>>PAYMENT,,,"-$2,625.00","$35,039.00",1
07/26/2024,UTILITY - RECURRING,,,-$200.00,"$27,784.00",0
08/13/2025,RENT~MONTHLY,,,"-$3,025.00","$8,527.00",1
01/09/2024,Mid-month transfer,,,-$200.00,"$31,867.00",0
01/20/2024,Unit fee for residential unit,,,"-$1,300.00","$23,182.00",1
06/02/2024,Residential payment 10th recurring,,,"-$1,200.00","$33,053.00",1
10/31/2024,Building payment,,,-$100.00,"$41,600.00",0
11/05/2025,RENT: UNIT 304,,,-$750.00,"$9,625.00",1
11/23/2024,Utility fee + tax,,,"-$3,000.00","$19,073.00",0
02/22/2024,First of month payment,,,"$2,450.00","$23,390.00",1
07/09/2025,Service Monthly anniversary,,,"-$1,850.00","$33,336.00",0
08/31/2024,Rent with included services,,,"-$2,000.00","$1,685.00",1
02/20/2024,Maintenence payment,,,-$450.00,"$16,015.00",0
02/14/2025,Rent payment (primary residence),,,"-$2,800.00","$7,535.00",1
01/08/2024,Recurring transfer to Smith,,,-$125.00,"$32,679.00",0
01/29/2024,Habitation remittance with utilities,,,-$900.00,"$8,809.00",1
07/16/2025,Ren tpayment,,,"-$1,075.00","$10,790.00",1
01/04/2024,SERVICE - RECURRING,,,"-$1,400.00","$7,759.00",0
07/02/2025,Subscription Quarterly,,,-$450.00,"$14,828.00",0
03/26/2024,Wire to Thompson,,,-$50.00,"$31,113.00",0
12/13/2025,FEE - MONTHLY,,,-$400.00,"$16,612.00",0
06/11/2024,Property payment,,,"-$2,800.00","$5,593.00",0
11/03/2024,Premises fee with service charge,,,"-$2,225.00","$43,320.00",1
12/26/2025,Subscripton payment,,,-$200.00,"$13,535.00",0
07/21/2024,Maintenance fee + insurance,,,"-$1,600.00","$11,799.00",0
01/05/2025,Additional to rent - fee,,,-$600.00,"$15,601.00",0
06/09/2024,Accommodation remittance including tax,,,-$725.00,"$35,992.00",1
10/18/2025,Remittance to Moore,,,"-$2,050.00","$48,251.00",1
08/04/2025,Domicile Solutions (Unit 45B),,,"-$2,375.00","$9,352.00",1
06/20/2024,Excluding rent - HOA,,,-$150.00,"$3,166.00",0
02/26/2025,Rant remittance,,,-$800.00,"$48,043.00",1
10/06/2025,Membership 5th monthly,,,"-$1,450.00","$47,579.00",0
04/16/2025,Wire to Thompson,,,-$850.00,"$22,512.00",1
08/08/2025,Service 1st of month,,,"-$1,550.00","$41,001.00",0
08/10/2024,Residential payment Semi-monthly,,,"-$2,600.00","$21,065.00",1
06/10/2024,Crib fee,,,"-$1,450.00","$45,852.00",1
12/11/2025,Independent of rent - repair,,,-$100.00,"$40,002.00",0
06/21/2024,Mid-month transfer,,,"-$1,675.00","$16,484.00",1
11/28/2024,First of month payment,,,"-$3,000.00","$3,486.00",0
03/18/2025,Lease payment for residential unit,,,"-$2,050.00","$43,265.00",1
11/04/2024,Complex Services,,,-$900.00,"$22,291.00",0
09/23/2024,Utility fee incl. services,,,"-$1,450.00","$41,582.00",0
09/05/2025,Recurring 1st week,,,-$75.00,"$24,834.00",0
08/07/2025,Zelle to Davis,,,-$400.00,"$27,230.00",0
10/10/2024,Complex payment for residential unit,,,"-$2,975.00","$46,147.00",1
06/27/2024,Strata payment,,,-$300.00,"$34,485.00",0
08/14/2024,Quarterly dwelling,,,"-$1,550.00","$45,512.00",1
02/21/2024,Transfer to Miller,,,-$925.00,"$32,172.00",1
01/23/2024,Maintenance fee + tax,,,"-$1,450.00","$3,937.00",0
03/15/2024,Unit remittance,,,-$300.00,"$2,857.00",0
12/26/2025,Real Estate Solutions,,,-$450.00,"$39,519.00",0
10/11/2025,Subscription 1st of month,,,"$1,650.00","$26,773.00",0
03/13/2024,Domicile Solutions,,,-$200.00,"$6,741.00",0
11/24/2024,End of month remittance,,,"-$2,450.00","$6,972.00",1
12/19/2024,Residential payment 25th standing,,,"-$1,450.00","$17,641.00",1
09/23/2025,Rent-paymnt,,,-$950.00,"$21,582.00",1
05/23/2025,Subscription Last day,,,"-$2,600.00","$9,615.00",0
02/23/2025,Periodic 30th payment,,,"-$2,100.00","$5,878.00",0
03/18/2025,Debit to Anderson,,,-$50.00,"$29,561.00",0
11/16/2024,Recurring habitation expenditure,,,-$750.00,"$44,222.00",1
05/27/2025,CHARGE - AUTO,,,-$800.00,"$13,441.00",0
12/10/2025,Residential payment 1st of month,,,"-$2,550.00","$39,853.00",1
04/21/2024,My apartment payment,,,"-$2,050.00","$49,016.00",1
09/06/2025,123 Main St monthly,,,"-$2,650.00","$36,254.00",1
02/09/2024,Semi-monthly residence,,,$975.00,"$37,363.00",1
02/21/2025,Residential payment First Monday,,,"-$2,800.00","$45,895.00",1
03/06/2025,Subscription 1st of month,,,"-$3,000.00","$27,231.00",0
01/24/2025,Rent payment (apartment),,,-$700.00,"$11,229.00",1
06/09/2024,UTILITY - AUTO,,,-$400.00,"$31,022.00",0
12/26/2024,Rent payment ,,,"-$2,300.00","$48,476.00",1
06/30/2025,Mid-month transfer,,,"-$2,300.00","$39,272.00",1
04/15/2024,Maintenance fee + insurance,,,"-$1,600.00","$6,205.00",0
01/31/2025,Apart from rent - maintenance,,,-$75.00,"$34,757.00",0
04/05/2025,Building disbursement,,,-$900.00,"$20,944.00",0
03/17/2025,Monthly on 15th,,,"-$1,600.00","$14,580.00",0
09/11/2024,Membership 5th monthly,,,-$75.00,"$14,730.00",0
01/17/2024,Rentt disbursement,,,"-$1,900.00","$23,682.00",1
12/05/2024,Servise payment,,,-$300.00,"$32,595.00",0
01/19/2024,Residence fee including amenities,,,"-$1,975.00","$32,524.00",1
08/29/2025,R3nt fee,,,-$950.00,"$32,489.00",1
01/13/2024,RENT PAYMENT (MONTHLY),,,"-$1,500.00","$25,572.00",1
12/11/2024,Unit fee,,,$450.00,"$34,245.00",0
11/12/2025,Strata payment,,,"-$1,400.00","$27,310.00",1
08/30/2024,Condo fee,,,-$150.00,"$15,061.00",0
07/26/2024,Rent/payment,,,"-$1,625.00","$44,991.00",1
01/29/2024,Premises maintenance remittance,,,"-$1,625.00","$41,310.00",1
09/25/2025,Subscription 1st of month,,,"-$3,000.00","$43,193.00",0
11/17/2024,Subscription Last day,,,-$150.00,"$13,756.00",0
04/12/2024,Place remittance,,,"-$1,750.00","$22,450.00",0
02/27/2024,Debit to Anderson,,,"-$1,450.00","$19,806.00",0
01/16/2025,Lease payment for residential unit,,,"-$2,200.00","$6,165.00",1
06/15/2025,Letting fee,,,"-$2,600.00","$11,879.00",0
12/10/2024,Complex management remittance,,,"-$2,050.00","$8,520.00",1
08/10/2024,Condo fee,,,"-$2,650.00","$19,049.00",1
10/12/2025,HOA fee + tax,,,"-$1,100.00","$41,075.00",0
07/18/2025,FEE - RECURRING,,,"-$1,100.00","$18,008.00",0
09/14/2024,Unit letting,,,"-$1,300.00","$31,244.00",1
04/18/2025,Landlord services payment,,,$725.00,"$8,200.00",1
12/13/2025,Monthly on 15th,,,"$2,950.00","$8,964.00",1
11/16/2025,Letting fee,,,"-$1,900.00","$30,766.00",1
05/28/2025,Spot payment,,,-$900.00,"$41,346.00",1
11/18/2024,RENT-RECURRING,,,"-$1,100.00","$27,817.00",1
10/23/2024,Residential occupancy fee,,,"-$1,450.00","$7,110.00",1
03/12/2024,Tenancy payment,,,"-$2,750.00","$23,400.00",1
12/15/2025,Rentt disbursement,,,"-$1,700.00","$39,485.00",1
11/13/2024,Unit fee for residential unit,,,"-$2,600.00","$38,520.00",1
02/18/2024,CHARGE - RECURRING,,,-$125.00,"$31,066.00",0
03/11/2024,Abode disbursement,,,"-$1,550.00","$26,541.00",1
11/18/2024,Excluding rent - HOA,,,$800.00,"$40,298.00",0
02/25/2024,Other than rent - tax,,,-$50.00,"$30,473.00",0
09/21/2024,HOA fee + tax,,,"-$1,600.00","$7,982.00",0
02/06/2025,Rent(payment),,,"-$1,600.00","$42,292.00",1
11/03/2024,Periodic 30th payment,,,"-$1,250.00","$30,551.00",0
08/27/2024,Membership Every 30 days,,,"$2,400.00","$26,990.00",0
03/30/2024,Monthly housing and utilities bundle,,,$800.00,"$40,489.00",1
10/21/2025,Property remittance,,,"-$1,450.00","$26,460.00",0
01/22/2024,Building Management,,,-$400.00,"$40,285.00",0
07/28/2025,Lease charge,,,"-$1,400.00","$5,544.00",0
01/13/2024,SERVICE - RECURRING,,,$750.00,"$30,884.00",0
01/05/2024,Subscripton payment,,,-$900.00,"$15,543.00",0
11/16/2024,Rental payment,,,"-$1,350.00","$3,423.00",0
06/24/2025,Quarterly dwelling,,,-$100.00,"$28,729.00",0
02/07/2024,Monthly payment to John (Unit 6B),,,"-$1,650.00","$24,374.00",1
08/29/2025,Other than rent - tax,,,-$300.00,"$35,012.00",0
11/10/2025,Unit letting,,,-$450.00,"$38,194.00",0
05/06/2025,Rnet payment,,,"-$1,325.00","$1,082.00",1
11/14/2024,Accommodation remittance including tax,,,"-$2,975.00","$27,490.00",1
08/07/2024,Utilitie payment,,,"-$1,600.00","$16,424.00",0
04/10/2025,Premises Services,,,"-$2,075.00","$33,460.00",1
07/19/2024,Rent/payment,,,"-$2,800.00","$25,649.00",1
11/08/2025,Domicile Solutions,,,-$150.00,"$26,429.00",0
11/10/2025,Recurring 1st week,,,$100.00,"$18,922.00",0
05/07/2024,RENT~MONTHLY,,,"$1,975.00","$29,208.00",1
01/09/2025,Unit disbursement for residential unit,,,"-$2,375.00","$31,310.00",1
05/01/2024,RENT: UNIT 304,,,"-$1,925.00","$26,768.00",1
01/14/2025,R3nt fee,,,"-$1,675.00","$39,832.00",1
01/16/2024,Remittance to Moore,,,"-$1,800.00","$1,321.00",0
09/05/2025,Rent (missed auto),,,"-$1,125.00","$7,491.00",1
02/11/2025,Service Semi-monthly,,,-$500.00,"$43,496.00",0
12/03/2024,Monthly premises fee,,,"-$1,900.00","$44,700.00",1
04/23/2024,Monthly housing and utilities bundle,,,-$850.00,"$28,215.00",1
08/22/2025,Rent payment (apartment),,,"$1,550.00","$49,954.00",1
05/22/2024,Residential payment Calendar month,,,"-$1,400.00","$49,487.00",1
11/01/2025,Rent-pay ment,,,"-$1,675.00","$41,926.00",1
11/27/2025,Abode payment plus insurance,,,"-$1,975.00","$45,161.00",1
03/16/2024,Where I live payment,,,"-$2,550.00","$31,553.00",1
10/05/2025,Residential payment Calendar month,,,"-$1,850.00","$5,601.00",1
05/09/2024,Residential payment Monthly anniversary,,,"-$2,650.00","$10,155.00",1
02/24/2025,ACH to Johnson LLC,,,"-$1,950.00","$26,192.00",1
10/15/2025,Rent with included services,,,-$625.00,"$18,157.00",1
12/07/2025,Accommodation remittance including tax,,,"-$1,475.00","$21,766.00",1
02/27/2025,RENT-RECURRING,,,"-$1,500.00","$10,656.00",1
08/14/2025,Accommodation remittance including tax,,,"$1,425.00","$10,169.00",1
10/12/2025,RENT~MONTHLY,,,-$925.00,"$40,485.00",1
04/17/2025,Pad payment,,,"-$3,000.00","$11,840.00",1
11/16/2024,Domicile Solutions,,,"-$1,550.00","$35,094.00",1
09/11/2024,CHARGE - AUTO,,,"-$1,200.00","$8,611.00",0
11/12/2024,Rant remittance,,,"-$1,400.00","$2,593.00",1
11/24/2024,Condo fee,,,-$850.00,"$23,788.00",1
10/17/2025,Residential payment Every 30 days,,,"-$1,275.00","$40,960.00",1
06/24/2024,Residential payment Semi-monthly,,,-$925.00,"$48,823.00",1
02/03/2025,Service First Monday,,,-$125.00,"$27,007.00",0
01/24/2024,Zelle to Davis,,,-$450.00,"$1,439.00",0
09/29/2025,Lease fee for residential unit,,,"-$2,225.00","$38,437.00",1
09/08/2025,RENT~MONTHLY,,,"-$3,000.00","$5,420.00",1
09/17/2024,Rent (missed auto),,,-$800.00,"$45,263.00",1
02/04/2025,Residential payment First Monday,,,-$625.00,"$28,898.00",1
12/29/2024,Lease payment for residential unit,,,"-$2,050.00","$24,905.00",1
06/13/2024,Monthly payment to John,,,-$50.00,"$17,334.00",0
06/04/2025,Accommodation remittance including tax,,,"$1,250.00","$37,609.00",1
06/07/2025,Rent payment ,,,-$900.00,"$45,757.00",1
03/26/2024,Building Management (Unit 28B),,,"-$1,700.00","$13,051.00",1
04/28/2025,Habitation remittance,,,"-$2,200.00","$10,026.00",1
09/16/2024,UTILITY - RECURRING,,,-$200.00,"$14,719.00",0
11/30/2024,Domicile Solutions,,,-$450.00,"$47,489.00",0
01/19/2024,Residential payment 5th monthly,,,-$800.00,"$20,895.00",1
12/28/2025,Residential Services,,,-$200.00,"$14,749.00",0
01/11/2024,Service 10th recurring,,,-$300.00,"$43,873.00",0
01/03/2024,Rant remittance,,,"-$1,525.00","$42,926.00",1
07/21/2024,Service 25th standing,,,"-$2,100.00","$10,276.00",0
09/12/2025,Facility management disbursement,,,"-$1,925.00","$28,936.00",1
07/25/2025,Other than rent - tax,,,-$50.00,"$17,661.00",0
10/12/2024,Service 5th monthly,,,"-$1,950.00","$31,428.00",0
02/01/2024,Dwelling disbursement plus fees,,,"-$1,650.00","$7,543.00",1
11/02/2025,Residential Services,,,"-$2,100.00","$12,138.00",0
08/23/2025,Abode disbursement,,,-$950.00,"$2,190.00",1
09/22/2025,Spot payment,,,"-$1,350.00","$11,644.00",0
01/16/2025,Transfer to Miller,,,"$2,800.00","$22,258.00",0
04/11/2025,Dwelling disbursement plus fees,,,"$1,450.00","$49,507.00",1
12/17/2025,RENT #2024-001,,,"-$2,425.00","$23,273.00",1
09/02/2025,Unit disbursement for residential unit,,,$800.00,"$11,430.00",1
11/23/2024,Unit letting,,,-$200.00,"$37,186.00",0
02/15/2025,Premises maintenance remittance,,,"-$2,250.00","$2,224.00",1
01/21/2024,Real Estate Solutions,,,"-$2,850.00","$39,863.00",1
04/30/2024,CHARGE - MONTHLY,,,-$400.00,"$40,921.00",0
01/11/2025,Residential payment 25th standing,,,"-$1,650.00","$12,865.00",1
11/29/2024,Ren tpayment,,,"-$3,025.00","$30,158.00",1
09/05/2025,Utility fee + tax,,,$250.00,"$36,930.00",0
01/19/2024,Rent/payment,,,"-$1,775.00","$10,358.00",1
09/13/2024,Unit disbursement,,,-$100.00,"$38,354.00",0
06/27/2025,Letting fee,,,-$125.00,"$12,002.00",0
04/29/2024,Rant remittance,,,"-$2,000.00","$25,638.00",1
01/08/2024,Residential payment 15th auto,,,"-$1,575.00","$5,610.00",1
11/18/2025,Pad payment,,,"-$2,650.00","$15,895.00",1
12/04/2025,Residential payment First Monday,,,"$1,575.00","$49,527.00",1
09/09/2024,Rent(payment),,,"-$2,450.00","$39,954.00",1
04/22/2025,Property management remittance,,,"$1,900.00","$15,439.00",1
06/17/2025,Abode payment plus insurance,,,"-$2,600.00","$10,537.00",1
10/20/2025,Membership Bi-weekly,,,"-$1,000.00","$36,789.00",0
08/28/2024,Subscription First Monday,,,"-$3,000.00","$1,266.00",0
08/30/2024,Other than rent - tax,,,"-$1,600.00","$48,710.00",0
10/10/2024,Building payment,,,-$400.00,"$3,832.00",0
02/16/2025,Lodgings remittance,,,"-$1,750.00","$16,221.00",0
04/07/2025,UTILITY - AUTO,,,"-$1,550.00","$38,993.00",0
09/17/2025,Crib fee,,,"-$2,950.00","$40,712.00",1
01/07/2025,Flat fee,,,-$800.00,"$45,035.00",0
12/03/2024,Distinct from rent - service,,,-$100.00,"$15,292.00",0
11/24/2025,Periodic 30th payment,,,"-$2,250.00","$7,413.00",0
04/21/2025,Membership 5th monthly,,,"-$1,800.00","$2,673.00",0
05/18/2025,Digs payment,,,"-$2,000.00","$13,500.00",1
12/29/2025,Rental payment,,,$625.00,"$27,791.00",1
05/13/2024,Membership 25th standing,,,-$75.00,"$10,059.00",0
11/18/2024,Building Management,,,-$300.00,"$22,693.00",0
10/18/2024,Apartment payment + parking,,,"-$1,600.00","$13,345.00",1
05/11/2024,Facility Solutions,,,"-$1,675.00","$22,609.00",1
08/22/2025,Real Estate Solutions,,,"$1,875.00","$3,746.00",1
02/07/2024,Dwelling remittance,,,"-$2,400.00","$28,400.00",1
09/28/2024,Subscription Monthly anniversary,,,"-$1,400.00","$26,665.00",0
06/12/2024,Apartment 12C fee,,,"-$1,500.00","$42,606.00",1
05/04/2025,Monthly housing and utilities bundle,,,"-$2,100.00","$49,165.00",1
04/15/2024,Service 10th recurring,,,"-$1,200.00","$42,439.00",0
01/08/2025,Building fee for residential unit,,,"-$2,150.00","$17,274.00",1
09/19/2024,Building disbursement for residential unit,,,"-$1,800.00","$9,262.00",1
08/05/2024,Subscripton payment,,,-$50.00,"$36,319.00",0
08/09/2024,Debit to Anderson,,,$900.00,"$38,785.00",0
09/26/2024,Unit payment including maintenance,,,-$700.00,"$46,500.00",1
02/13/2025,Spot payment,,,"-$1,125.00","$37,884.00",1
07/07/2024,Residential payment 10th recurring,,,"-$1,050.00","$25,544.00",1
11/23/2025,Check #1234 for monthly,,,-$800.00,"$43,160.00",0
01/25/2024,Subscription 5th monthly,,,-$750.00,"$14,682.00",0
11/12/2024,HOA fee + insurance,,,"-$1,600.00","$8,504.00",0
07/05/2024,Servise payment,,,-$300.00,"$39,546.00",0
09/02/2025,Quarterly dwelling,,,"-$1,050.00","$23,097.00",1
01/26/2024,Rent payment ,,,"-$1,275.00","$4,647.00",1
05/28/2024,Crib fee,,,"-$2,275.00","$12,916.00",1
02/25/2024,Building disbursement,,,-$900.00,"$30,157.00",0
07/14/2025,Residential payment 1st of month,,,"-$1,925.00","$46,414.00",1
03/22/2024,Residential payment 10th recurring,,,"-$2,150.00","$20,079.00",1
03/01/2025,Maintenence payment,,,"-$1,000.00","$18,743.00",0
02/22/2025,Premises Services,,,-$700.00,"$43,384.00",0
09/28/2024,Other than rent - tax,,,"-$2,250.00","$37,052.00",0
12/12/2025,Facility Solutions,,,"-$1,200.00","$29,935.00",0
12/14/2025,Dwelling disbursement plus fees,,,"-$2,100.00","$31,025.00",1
03/20/2025,123 Main St monthly,,,"-$2,650.00","$11,037.00",1
06/07/2024,Unit fee,,,"-$1,100.00","$46,024.00",0
12/25/2025,Unit payment including maintenance,,,"-$1,500.00","$1,085.00",1
07/19/2024,UTILITY - AUTO,,,"-$1,000.00","$26,375.00",0
07/09/2025,Place remittance,,,"-$1,950.00","$31,929.00",0
10/13/2025,Building Management,,,"-$1,400.00","$12,416.00",0
05/16/2024,Flat fee,,,-$300.00,"$18,698.00",0
02/12/2025,Rant fee,,,"-$3,050.00","$41,422.00",1
07/23/2025,Building Management,,,-$50.00,"$1,076.00",0
05/12/2025,UTILITY - RECURRING,,,"-$2,250.00","$48,482.00",0
04/27/2025,RENT - APT 5B,,,"-$1,625.00","$36,911.00",1
03/29/2025,Condo fee,,,-$150.00,"$6,455.00",0
12/01/2024,Residential payment 5th monthly,,,$800.00,"$4,358.00",1
02/22/2024,CHARGE - AUTO,,,"-$1,250.00","$4,150.00",0
12/22/2024,Accommodation remittance including tax,,,"-$2,375.00","$42,072.00",1
12/21/2025,Apartment payment + parking,,,-$700.00,"$45,209.00",1
09/26/2025,Residential payment First Monday,,,"-$1,900.00","$32,022.00",1
10/25/2025,Additional to rent - fee,,,"-$1,800.00","$22,056.00",0
11/12/2024,Mid-month transfer,,,-$200.00,"$45,446.00",0
11/16/2025,Utility fee + insurance,,,-$100.00,"$48,107.00",0
03/27/2025,End of month remittance,,,"$1,800.00","$13,298.00",1
04/14/2025,Residential payment Semi-monthly,,,"-$1,475.00","$26,917.00",1
01/23/2025,Spot payment,,,-$600.00,"$35,746.00",0
12/17/2024,Non-rent housing expense,,,-$800.00,"$24,800.00",0
09/22/2025,Utilitie payment,,,-$350.00,"$34,784.00",0
08/04/2024,Residential payment Monthly anniversary,,,"-$1,800.00","$19,562.00",1
11/21/2025,Building payment for residential unit,,,"-$1,550.00","$41,448.00",1
08/02/2024,Real Estate Solutions,,,$300.00,"$49,276.00",0
04/09/2024,Residential payment 5th monthly,,,-$800.00,"$46,415.00",1
07/01/2025,Monthly on 15th,,,"-$2,650.00","$48,637.00",1
09/02/2025,Wire to Thompson,,,-$100.00,"$28,004.00",0
05/27/2025,Monthly housing and utilities bundle,,,"-$2,225.00","$46,428.00",1
02/10/2024,RENT PAYMENT (MONTHLY),,,"-$2,100.00","$41,383.00",1
11/09/2025,Subscription 1st of month,,,-$450.00,"$38,646.00",0
07/15/2025,SERVICE - MONTHLY,,,-$400.00,"$40,901.00",0
04/02/2025,Unit payment,,,"$1,450.00","$7,795.00",0
07/14/2025,Subscription Quarterly,,,"-$2,100.00","$13,003.00",0
12/10/2024,Place remittance,,,-$350.00,"$12,857.00",0
04/01/2025,CHARGE - AUTO,,,"-$1,000.00","$39,645.00",0
04/26/2025,Building payment,,,-$450.00,"$20,327.00",0
08/29/2024,Check #1234 for monthly,,,"$1,150.00","$14,961.00",1
01/04/2024,HOA fee + tax,,,$800.00,"$46,763.00",0
09/14/2024,Complex charge for residential unit,,,"-$2,650.00","$11,039.00",1
06/24/2025,Remittance to Moore,,,-$900.00,"$44,848.00",0
02/20/2025,Semi-monthly residence,,,-$100.00,"$27,349.00",0
12/23/2025,Lodging remittance,,,-$775.00,"$28,452.00",1
09/20/2025,Monthly payment to John,,,-$450.00,"$3,301.00",0
12/24/2025,My house monthly,,,"-$1,425.00","$29,835.00",1
10/28/2025,Rent-paymnt,,,-$900.00,"$43,513.00",1
10/18/2024,Bi-weekly housing,,,"-$2,075.00","$7,890.00",1
10/02/2025,For 303 Parkview,,,-$675.00,"$13,190.00",1
07/06/2025,Utilitie payment,,,-$600.00,"$20,582.00",0
09/29/2025,FEE - AUTO,,,-$600.00,"$22,371.00",0
03/22/2024,Letting fee,,,-$200.00,"$35,226.00",0
12/12/2024,Periodic domicile remittance,,,"-$2,650.00","$39,273.00",1
11/19/2024,RENT>>PAYMENT,,,"-$1,575.00","$47,841.00",1
06/28/2024,Lodgings remittance,,,"-$1,200.00","$3,359.00",0
06/06/2024,ACH to Johnson LLC,,,-$300.00,"$41,428.00",0
04/03/2024,Servise payment,,,$250.00,"$14,630.00",0
01/25/2025,Rental payment,,,$150.00,"$32,492.00",0
05/19/2024,Distinct from rent - service,,,"-$1,100.00","$49,416.00",0
01/30/2024,Servise payment,,,$50.00,"$30,414.00",0
10/02/2024,Rent payment ,,,-$675.00,"$36,189.00",1
08/15/2024,Payment on 1st of month,,,"-$1,875.00","$28,871.00",1
07/16/2024,Residential payment 10th recurring,,,"-$2,275.00","$3,395.00",1
09/17/2024,Building disbursement for residential unit,,,"-$2,600.00","$31,789.00",1
03/03/2024,Residential payment Monthly anniversary,,,"-$2,225.00","$44,856.00",1
06/23/2024,Place remittance,,,"-$2,200.00","$11,696.00",1
02/12/2024,Servise payment,,,-$450.00,"$27,905.00",0
08/15/2025,Rent-paymnt,,,-$750.00,"$28,234.00",1
07/25/2025,Tenancy payment,,,-$500.00,"$19,709.00",0
10/22/2025,Distinct from rent - service,,,$600.00,"$23,496.00",0
09/15/2025,Payment to Wilson,,,"-$1,000.00","$49,898.00",0
05/26/2025,Servise payment,,,-$200.00,"$5,623.00",0
10/17/2024,Flat fee,,,"-$1,900.00","$46,185.00",1
01/30/2024,Bi-weekly housing,,,-$700.00,"$41,302.00",0
11/16/2024,Pad payment,,,-$350.00,"$3,082.00",0
02/26/2025,Unit Management,,,"-$1,600.00","$9,439.00",0
08/18/2024,RENT - DO NOT DELETE,,,"-$3,050.00","$8,689.00",1
05/31/2025,Rent payment (primary residence),,,"-$1,150.00","$24,321.00",1
07/16/2025,Maintenance fee incl. services,,,$650.00,"$24,984.00",0
07/30/2024,Rent payment ,,,"-$1,775.00","$9,473.00",1
05/17/2025,Mid-month transfer,,,"$1,750.00","$24,974.00",0
11/06/2025,HOA fee incl. services,,,"-$1,400.00","$33,416.00",0
08/04/2025,Property payment,,,"-$1,750.00","$43,502.00",0
12/05/2025,Apartment payment + parking,,,"-$2,950.00","$20,684.00",1
10/20/2024,SERVICE - AUTO,,,-$500.00,"$9,584.00",0
05/26/2024,UTILITY - RECURRING,,,"-$1,000.00","$5,869.00",0
10/27/2025,Unit charge,,,"-$1,600.00","$20,619.00",0
05/18/2025,Remittance to Moore,,,"-$1,350.00","$44,569.00",0
04/29/2025,Accommodation remittance including tax,,,"-$1,575.00","$34,612.00",1
11/03/2024,Residential payment 15th auto,,,"-$1,825.00","$7,000.00",1
10/18/2024,RENT #2024-001,,,-$625.00,"$29,606.00",1
10/23/2024,Monthly housing and utilities bundle,,,"-$3,000.00","$47,959.00",1
07/18/2025,Residential payment 25th standing,,,"-$1,250.00","$21,773.00",1
12/25/2025,Invoice: RESIDENCE,,,"-$1,500.00","$43,952.00",1
06/06/2024,Property remittance for residential unit,,,-$600.00,"$39,950.00",1
04/26/2024,Remittance to Moore,,,"-$1,450.00","$47,533.00",1
04/29/2025,Zelle to Davis,,,"-$1,600.00","$46,344.00",0
04/17/2025,Rent payment (primary residence),,,-$825.00,"$20,028.00",1
04/28/2024,Rentt disbursement,,,-$625.00,"$46,600.00",1
05/29/2025,Accommodation disbursement,,,-$700.00,"$21,009.00",1
06/15/2024,Accommodation remittance including tax,,,-$800.00,"$35,622.00",1
08/15/2025,Property remittance for residential unit,,,"-$1,650.00","$8,668.00",1
11/23/2025,Pad payment,,,-$800.00,"$44,955.00",1
07/15/2024,Complex payment for residential unit,,,$975.00,"$16,302.00",1
10/03/2025,Unit fee,,,-$400.00,"$46,598.00",0
05/10/2025,Residential facility fee,,,"-$2,850.00","$8,546.00",1
10/24/2024,Periodic 30th payment,,,"-$1,350.00","$2,502.00",0
10/05/2024,Residential payment 20th periodic,,,"-$3,000.00","$33,315.00",1
09/19/2024,RENT~MONTHLY,,,"-$1,950.00","$47,894.00",1
04/09/2025,Unit remittance,,,-$500.00,"$10,963.00",0
03/18/2024,RENT - DO NOT DELETE,,,-$975.00,"$13,834.00",1
10/19/2025,Tenancy payment,,,-$100.00,"$49,781.00",0
11/19/2024,Rent ;payment,,,"$2,200.00","$38,573.00",1
07/29/2024,Housing Associates,,,"-$1,850.00","$19,411.00",0
09/03/2025,CHARGE - RECURRING,,,"-$1,600.00","$17,241.00",0
12/07/2025,Rent payment ,,,"-$2,350.00","$21,858.00",1
01/28/2024,Tenancy payment,,,"-$1,500.00","$13,969.00",1
07/05/2024,Zelle to Davis,,,"-$1,950.00","$33,172.00",1
10/19/2024,SERVICE - AUTO,,,"-$2,250.00","$48,986.00",0
08/14/2025,Rent payment ,,,"$2,600.00","$46,380.00",1
12/03/2025,Building disbursement for residential unit,,,"-$1,550.00","$8,377.00",1
09/27/2025,Rent(payment),,,"$2,050.00","$21,369.00",1
08/28/2024,Rent payment (apartment),,,"-$2,775.00","$33,049.00",1
02/09/2025,RENT - DO NOT DELETE,,,"-$1,075.00","$3,132.00",1
12/12/2025,Payment to Wilson,,,-$800.00,"$28,596.00",0
06/13/2025,Independent of rent - repair,,,"-$1,450.00","$6,789.00",0
02/09/2024,Rent payment ,,,"-$2,250.00","$12,053.00",1
05/07/2025,Unit disbursement,,,-$350.00,"$34,611.00",0
04/23/2024,Rent (missed auto),,,"-$1,500.00","$12,682.00",1
12/24/2025,Complex payment for residential unit,,,"-$1,900.00","$36,324.00",1
05/01/2024,Housing Associates,,,-$50.00,"$5,989.00",0
06/12/2025,Unit payment including maintenance,,,-$650.00,"$47,483.00",1
01/23/2025,Service 20th periodic,,,-$600.00,"$34,197.00",0
08/25/2024,Non-rent housing expense,,,-$350.00,"$45,345.00",0
10/09/2025,Maintenance fee + insurance,,,"-$1,400.00","$28,786.00",0
01/10/2024,Monthly payment to John,,,$900.00,"$43,174.00",1
06/04/2024,Rent payment ,,,"-$1,500.00","$39,472.00",1
09/30/2024,Utility fee incl. services,,,-$800.00,"$26,596.00",0
07/01/2025,Unit fee for residential unit,,,"-$3,000.00","$42,351.00",1
01/22/2024,Service Semi-monthly,,,"-$3,000.00","$45,759.00",0
02/03/2024,Tenancy payment,,,-$250.00,"$18,014.00",0
09/03/2024,Complex Services,,,"-$2,800.00","$49,857.00",1
04/19/2025,Recurring 1st week,,,"$2,400.00","$22,674.00",0
12/27/2025,End of month remittance,,,-$200.00,"$19,683.00",0
03/14/2025,Rental payment,,,$150.00,"$46,658.00",0
12/13/2025,Maintenance fee + insurance,,,-$150.00,"$1,508.00",0
04/24/2024,Rent payment (apartment),,,-$875.00,"$21,056.00",1
08/16/2025,Maintenance fee incl. services,,,-$450.00,"$45,181.00",0
02/23/2025,Rent-pay ment,,,"-$1,425.00","$48,990.00",1
04/03/2024,Utility fee + tax,,,-$100.00,"$7,779.00",0
11/30/2025,Rent (missed auto),,,"-$1,775.00","$5,908.00",1
02/11/2024,RENT>>PAYMENT,,,"-$1,700.00","$46,799.00",1
06/26/2024,Service fee + insurance,,,-$500.00,"$36,508.00",0
10/17/2025,Wire to Thompson,,,"-$2,400.00","$44,151.00",1
08/10/2025,Membership 5th monthly,,,"-$1,100.00","$22,345.00",0
10/07/2024,HOA fee + tax,,,-$100.00,"$48,760.00",0
06/21/2025,RENT~MONTHLY,,,-$800.00,"$19,192.00",1
01/03/2024,Rent payment (apartment),,,$900.00,"$8,815.00",1
11/03/2024,Residential payment 20th periodic,,,"-$1,575.00","$6,355.00",1
08/19/2025,RENT - DO NOT DELETE,,,-$800.00,"$20,885.00",1
11/05/2024,RENT~MONTHLY,,,"$1,400.00","$43,698.00",1
12/28/2025,Facility Solutions,,,-$900.00,"$48,710.00",0
04/14/2025,Facility Solutions,,,"-$1,200.00","$10,635.00",0
09/05/2024,Quarterly dwelling,,,"-$2,800.00","$37,084.00",0
06/18/2024,Rent payment (apartment),,,"-$2,950.00","$44,636.00",1
02/25/2025,Servise payment,,,"$1,200.00","$14,321.00",0
08/07/2025,Habitation remittance with utilities,,,"-$2,200.00","$27,378.00",1
04/21/2024,Rnet payment,,,-$625.00,"$49,825.00",1
01/10/2024,UTILITY - RECURRING,,,-$75.00,"$4,982.00",0
12/31/2025,Subscripton payment,,,"-$1,400.00","$47,288.00",0
08/07/2025,Residential payment Bi-weekly,,,"-$1,450.00","$39,919.00",1
11/19/2025,Unit payment including maintenance,,,"-$2,400.00","$27,828.00",1
09/22/2025,Rent payment ,,,"-$2,400.00","$18,630.00",1
02/08/2025,Unit remittance,,,-$700.00,"$19,099.00",0
09/04/2025,Strata payment,,,$975.00,"$18,789.00",1
05/03/2025,Letting fee,,,"-$1,750.00","$10,775.00",0
07/09/2024,Rent payment ,,,"$2,000.00","$15,795.00",1
08/09/2024,Building administration fee,,,"-$1,550.00","$25,328.00",1
08/16/2024,Domicile Solutions,,,-$75.00,"$17,902.00",0
01/25/2025,ACH to Johnson LLC,,,"-$1,725.00","$18,810.00",1
02/13/2025,Maintenence payment,,,"-$2,800.00","$42,476.00",0
03/04/2024,Ren tpayment,,,"-$1,375.00","$27,751.00",1
07/17/2024,Invoice #APT2024-001,,,"$1,425.00","$9,488.00",1
06/29/2025,Residential payment Every 30 days,,,"-$1,925.00","$35,054.00",1
04/21/2025,Accommodation disbursement,,,"-$2,375.00","$38,993.00",1
04/14/2024,Accommodation disbursement,,,"-$2,350.00","$46,411.00",1
05/25/2024,Maintenance fee + tax,,,-$250.00,"$13,944.00",0
08/26/2024,RENT - DO NOT DELETE,,,"-$1,000.00","$34,727.00",1
06/30/2025,Housing Associates,,,-$825.00,"$32,907.00",1
10/02/2024,Rent payment (primary residence),,,"-$1,000.00","$47,587.00",1
12/04/2025,HOA fee + insurance,,,"-$1,400.00","$43,765.00",0
10/29/2024,Property payment,,,-$400.00,"$10,442.00",0
01/11/2025,Rent payment (apartment),,,"-$2,775.00","$44,825.00",1
03/21/2025,Property Services LLC (Unit 10C),,,"-$2,225.00","$40,487.00",1
06/18/2025,Pad payment,,,$250.00,"$35,483.00",0
10/12/2025,RENT - APT 5B,,,"-$1,500.00","$40,792.00",1
11/24/2025,Service fee incl. services,,,"-$1,850.00","$11,812.00",0
08/31/2025,Place remittance,,,"$3,025.00","$24,776.00",1
11/28/2025,Monthly housing and utilities bundle,,,"-$1,100.00","$29,567.00",1
10/26/2025,Crib fee,,,-$75.00,"$20,507.00",0
03/03/2025,Other than rent - tax,,,"-$1,400.00","$17,162.00",0
07/26/2025,Spot payment,,,-$800.00,"$22,951.00",1
11/13/2024,Invoice: RESIDENCE,,,"-$1,925.00","$22,315.00",1
08/02/2025,Servise payment,,,-$800.00,"$28,173.00",0
09/02/2025,Accommodation remittance including tax,,,"-$1,800.00","$14,176.00",1
11/24/2024,Maintenence payment,,,-$700.00,"$43,789.00",0
07/22/2024,Recurring transfer to Smith,,,"-$1,000.00","$10,805.00",0
01/17/2024,Premises fee with service charge,,,"-$1,375.00","$15,512.00",1
12/25/2024,Rent..payment,,,"-$2,225.00","$13,182.00",1
07/28/2024,Complex Services,,,"-$2,975.00","$5,280.00",1
11/14/2025,Unit disbursement,,,-$650.00,"$35,039.00",0
02/09/2025,Utilitie payment,,,-$800.00,"$11,109.00",0
11/12/2024,Lease payment,,,"-$1,200.00","$13,956.00",0
06/10/2025,Property payment,,,"-$1,800.00","$29,229.00",0
09/23/2025,Accommodation remittance including tax,,,"-$1,375.00","$28,186.00",1
12/25/2025,Maintenance fee incl. services,,,"-$1,650.00","$33,167.00",0
10/05/2024,Rent payment (apartment),,,"$1,650.00","$14,985.00",1
07/06/2025,Rent payment (apartment),,,-$750.00,"$38,525.00",1
11/06/2025,Property remittance for residential unit,,,"-$1,800.00","$29,999.00",1
04/05/2025,Apart from rent - maintenance,,,"-$1,000.00","$16,492.00",0
10/07/2024,Payment to Wilson,,,"-$1,950.00","$41,564.00",0
05/30/2025,Periodic domicile remittance,,,"-$1,700.00","$3,954.00",1
10/14/2024,Complex fee,,,-$350.00,"$16,217.00",0
09/14/2024,Pad payment,,,-$950.00,"$7,692.00",0
02/02/2025,Transfer to Miller,,,"-$1,000.00","$36,776.00",0
08/02/2024,Building fee for residential unit,,,"-$2,150.00","$28,994.00",1
11/02/2024,Letting fee,,,"-$1,375.00","$29,920.00",1
04/15/2025,Apart from rent - maintenance,,,-$125.00,"$28,920.00",0
07/09/2024,End of month remittance,,,"-$1,500.00","$27,546.00",1
12/25/2024,Unit letting,,,"-$1,000.00","$42,843.00",0
02/13/2024,Rent (missed auto),,,-$950.00,"$15,523.00",1
08/09/2024,Property remittance for residential unit,,,"-$1,900.00","$15,642.00",1
11/19/2024,Utilitie payment,,,-$200.00,"$32,583.00",0
06/15/2025,Tenancy remittance,,,-$825.00,"$24,187.00",1
04/06/2024,Subscription 5th monthly,,,-$850.00,"$40,818.00",0
07/13/2024,Residential payment Quarterly,,,"-$1,800.00","$23,022.00",1
08/12/2025,Accommodation disbursement,,,"-$3,025.00","$6,340.00",1
11/07/2025,Independent of rent - repair,,,-$50.00,"$40,997.00",0
09/03/2025,RENT PAYMENT (MONTHLY),,,"-$2,800.00","$47,005.00",1
09/06/2025,Rent payment ,,,"-$2,975.00","$10,207.00",1
07/18/2024,Real Estate Solutions (Unit 9A),,,"-$3,000.00","$4,418.00",1
05/04/2025,RENT: UNIT 304,,,"-$2,425.00","$37,416.00",1
01/29/2025,Building Management,,,-$350.00,"$7,961.00",0
12/08/2025,Residential payment 10th recurring,,,"-$2,075.00","$43,576.00",1
03/01/2024,Residential payment Semi-monthly,,,"-$1,800.00","$33,137.00",1
06/21/2024,Unit 7B monthly,,,"-$2,050.00","$5,159.00",1
05/04/2024,Apartment payment + parking,,,"-$1,500.00","$15,526.00",1
03/01/2024,Real Estate Solutions,,,"-$2,625.00","$9,890.00",1
03/15/2025,Rant remittance,,,-$950.00,"$23,337.00",1
07/22/2025,Utility fee + tax,,,"-$1,400.00","$38,402.00",0
07/14/2025,Remittance to Moore,,,"-$1,250.00","$10,239.00",0
08/10/2024,Rnet payment,,,"-$2,550.00","$18,962.00",1
12/06/2025,RENT - APT 5B,,,"-$1,550.00","$27,677.00",1
07/08/2025,Rent ;payment,,,"-$2,350.00","$37,163.00",1
10/06/2024,Rent payment (primary residence),,,"-$1,550.00","$24,094.00",1
02/17/2025,Property management remittance,,,"-$2,550.00","$9,631.00",1
09/25/2024,Property remittance,,,"-$1,600.00","$42,790.00",0
08/08/2025,HOA fee + insurance,,,-$150.00,"$20,991.00",0
11/12/2025,Monthly housing and utilities bundle,,,"-$1,700.00","$43,633.00",1
03/17/2025,Bi-weekly housing,,,-$250.00,"$19,851.00",0
02/19/2025,Utilitie payment,,,"-$1,600.00","$7,273.00",0
10/19/2024,Distinct from rent - service,,,"-$1,800.00","$20,234.00",0
06/15/2025,Unit payment,,,$150.00,"$26,389.00",0
09/15/2025,RENT-RECURRING,,,-$800.00,"$26,358.00",1
07/07/2025,Unit payment for residential unit,,,"-$1,350.00","$9,354.00",1
02/13/2025,CHARGE - RECURRING,,,"-$1,950.00","$11,315.00",0
05/17/2025,FEE - MONTHLY,,,"-$1,850.00","$33,587.00",0
07/30/2024,Recurring habitation expenditure,,,"-$1,725.00","$14,308.00",1
06/04/2024,Property fee,,,"-$1,750.00","$35,241.00",0
09/06/2025,Unit charge,,,"$1,850.00","$4,707.00",0
06/02/2024,Real Estate Solutions,,,-$300.00,"$13,348.00",0
06/11/2025,Quarterly dwelling,,,"$1,800.00","$41,873.00",1
10/22/2024,Rent with included services,,,"-$1,075.00","$47,603.00",1
01/07/2024,Apartment payment + parking,,,"$3,000.00","$49,769.00",1
04/21/2024,Rent (missed auto),,,-$850.00,"$36,274.00",1
06/08/2025,Recurring 1st week,,,-$250.00,"$32,569.00",0
12/06/2025,RENT - APT 5B,,,"$1,050.00","$28,989.00",1
08/21/2024,Remittance: DWELLING,,,"-$3,050.00","$8,146.00",1
02/13/2024,RENT>>PAYMENT,,,"-$1,925.00","$11,657.00",1
12/18/2024,Membership Bi-weekly,,,-$700.00,"$24,699.00",0
04/07/2025,Subscription Monthly anniversary,,,-$150.00,"$20,694.00",0
07/19/2024,Rent-paymnt,,,"-$1,100.00","$13,168.00",1
10/16/2025,Building disbursement for residential unit,,,-$900.00,"$35,497.00",1
07/20/2025,Residential occupancy fee,,,"-$1,450.00","$16,099.00",1
06/07/2025,Residential payment 10th recurring,,,-$650.00,"$31,986.00",1
01/23/2025,Service Every 30 days,,,"$2,800.00","$20,610.00",0
12/24/2025,HOA fee + tax,,,"-$2,400.00","$5,735.00",0
02/03/2025,Pad payment,,,"-$1,300.00","$47,487.00",1
02/09/2025,Residential occupancy fee,,,"-$2,400.00","$6,387.00",1
09/26/2024,Payment on 1st of month,,,"-$1,950.00","$19,753.00",0
05/25/2024,Pad payment,,,-$600.00,"$31,235.00",0
10/04/2024,Service 15th auto,,,"-$1,600.00","$7,336.00",0
11/30/2025,RENT - DO NOT DELETE,,,"-$1,425.00","$39,052.00",1
06/17/2024,HOA fee + tax,,,-$750.00,"$42,496.00",0
08/19/2024,Domicile Solutions,,,"-$1,600.00","$36,568.00",0
07/18/2025,Utilitie payment,,,"-$1,000.00","$32,205.00",0
02/24/2024,Service Monthly anniversary,,,-$125.00,"$33,711.00",0
08/10/2024,Besides rent - insurance,,,"-$1,650.00","$3,951.00",0
08/07/2024,Periodic domicile remittance,,,"-$1,225.00","$22,069.00",1
07/24/2025,Semi-monthly residence,,,"-$2,250.00","$8,710.00",0
06/21/2025,Housing Associates,,,"-$1,200.00","$48,386.00",0
09/18/2024,Monthly payment to John,,,-$300.00,"$24,150.00",0
01/13/2024,Building Management,,,-$600.00,"$37,020.00",0
05/03/2024,RENT PAYMENT (MONTHLY),,,"-$2,775.00","$14,928.00",1
07/04/2025,Unit Management,,,-$350.00,"$18,132.00",0
09/05/2025,Bi-weekly housing (Unit 20C),,,"$1,900.00","$29,238.00",1
11/09/2025,R3nt fee,,,"-$1,975.00","$18,902.00",1
08/25/2024,Zelle to Davis,,,-$350.00,"$23,285.00",0
08/15/2025,UTILITY - MONTHLY,,,"$1,000.00","$29,376.00",0
04/10/2024,Payment to Wilson,,,"-$1,950.00","$31,650.00",0
04/30/2025,Rnet payment,,,"-$1,700.00","$15,779.00",1
09/15/2024,Utility fee + tax,,,-$700.00,"$24,686.00",0
08/09/2025,Service 10th recurring,,,"-$1,600.00","$13,932.00",0
08/01/2024,R3nt fee,,,"-$1,375.00","$33,541.00",1
05/15/2025,Property remittance for residential unit,,,"-$2,625.00","$24,993.00",1
01/04/2025,R3nt fee,,,-$825.00,"$21,224.00",1
05/12/2025,Domicile Solutions (Unit 23A),,,"$2,750.00","$43,752.00",1
07/02/2024,Independent of rent - repair,,,-$650.00,"$33,113.00",0
04/27/2024,Unit payment,,,-$850.00,"$7,964.00",0
11/11/2024,Letting fee,,,-$400.00,"$28,046.00",0
05/26/2025,Utility fee + insurance,,,"-$1,400.00","$48,587.00",0
04/09/2024,CHARGE - RECURRING,,,-$800.00,"$42,211.00",0
12/16/2024,Residential payment First Monday,,,"-$1,500.00","$2,753.00",1
04/10/2025,HOA fee + insurance,,,-$300.00,"$3,396.00",0
05/01/2024,Wire to Thompson,,,-$250.00,"$15,661.00",0
02/28/2024,Property fee for residential unit,,,"-$3,050.00","$11,369.00",1
01/06/2025,HOA fee + tax,,,"$1,800.00","$30,093.00",0
06/09/2024,Rent-paymnt,,,"-$2,200.00","$45,649.00",1
11/11/2024,Utility fee + insurance,,,-$900.00,"$48,851.00",0
01/05/2024,CHARGE - AUTO,,,-$450.00,"$36,129.00",0
03/05/2024,Mid-month transfer,,,"-$1,000.00","$14,137.00",0
05/27/2025,Lease fee,,,"-$1,400.00","$46,669.00",0
02/24/2025,Semi-monthly residence,,,"-$1,275.00","$33,112.00",1
05/19/2025,Maintenance fee incl. services,,,-$600.00,"$49,192.00",0
06/14/2025,Separate from rent - deposit,,,-$600.00,"$42,485.00",0
03/29/2025,Maintenence payment,,,-$500.00,"$16,637.00",0
03/29/2025,Subscription Calendar month,,,"-$1,100.00","$24,890.00",0
03/29/2025,Rent payment (apartment),,,-$700.00,"$45,513.00",1
11/18/2024,FEE - RECURRING,,,-$50.00,"$23,898.00",0
07/21/2025,UTILITY - RECURRING,,,"-$1,450.00","$14,023.00",0
02/16/2025,Lodgings remittance,,,"-$2,100.00","$20,853.00",0
12/14/2025,Residential payment Monthly anniversary,,,-$675.00,"$14,699.00",1
10/08/2024,Lease obligation payment,,,"-$1,925.00","$47,302.00",1
01/31/2024,Unit fee,,,-$150.00,"$35,928.00",0
10/08/2025,Digs payment,,,$250.00,"$31,623.00",0
10/25/2025,Separate from rent - deposit,,,-$700.00,"$9,945.00",0
07/20/2024,CHARGE - RECURRING,,,-$125.00,"$4,518.00",0
03/12/2024,ACH to Johnson LLC,,,"-$2,400.00","$32,649.00",0
11/29/2025,RENT_INVOICE_001,,,-$975.00,"$34,931.00",1
08/29/2025,CHARGE - AUTO,,,"-$1,800.00","$16,470.00",0
03/13/2025,Where I live payment,,,"-$1,350.00","$43,945.00",1
10/03/2024,Subscripton payment,,,"-$1,000.00","$2,502.00",0
11/15/2025,Servise payment,,,"-$2,250.00","$27,442.00",0
12/08/2024,Independent of rent - repair,,,-$75.00,"$46,848.00",0
06/12/2024,Digs payment,,,"-$1,900.00","$38,354.00",1
05/10/2024,Building Management (Unit 39C),,,"$3,050.00","$45,051.00",1
12/17/2025,Rant remittance,,,"-$1,475.00","$33,803.00",1
01/10/2024,Lease charge,,,-$50.00,"$3,940.00",0
10/18/2025,Unit payment,,,-$700.00,"$30,823.00",0
07/04/2025,Dwelling disbursement plus fees,,,"-$2,300.00","$34,573.00",1
01/11/2024,Complex Services,,,"-$1,875.00","$22,532.00",1
12/07/2025,Maintenance fee + insurance,,,"-$1,250.00","$41,261.00",0
07/12/2024,Ref: RES-UNIT-5B,,,"-$2,850.00","$44,464.00",1
09/19/2024,ACH to Johnson LLC,,,-$700.00,"$49,897.00",0
09/24/2024,Membership 1st of month,,,"$1,200.00","$49,656.00",0
01/25/2024,Wire to Thompson,,,-$775.00,"$25,362.00",1
01/06/2024,FEE - MONTHLY,,,-$700.00,"$9,139.00",0
06/11/2024,Quarterly dwelling,,,"-$1,100.00","$40,198.00",0
01/25/2025,Monthly payment to John,,,"-$1,600.00","$17,114.00",0
02/13/2025,Unit payment,,,"-$3,000.00","$24,148.00",0
03/02/2024,CHARGE - MONTHLY,,,"-$1,100.00","$42,153.00",0
08/08/2024,Quarterly dwelling,,,"-$1,650.00","$6,137.00",0
12/17/2025,Building administration fee,,,"-$2,575.00","$4,635.00",1
06/25/2025,UTILITY - AUTO,,,-$300.00,"$23,714.00",0
06/27/2025,Building Management,,,-$250.00,"$32,812.00",0
07/28/2024,Strata payment,,,-$150.00,"$42,817.00",0
08/30/2024,Tenancy payment,,,-$500.00,"$32,851.00",0
11/25/2025,Complex Services,,,"-$2,100.00","$39,461.00",1
04/10/2024,Lodgings remittance,,,-$500.00,"$28,446.00",0
12/10/2024,Residential payment Semi-monthly,,,-$725.00,"$34,639.00",1
08/11/2025,Rent payment (apartment),,,"-$1,750.00","$33,886.00",1
01/31/2025,End of month remittance,,,"-$1,650.00","$19,463.00",0
12/31/2025,RENT - APT 5B,,,"-$2,650.00","$17,731.00",1
02/20/2025,Utilitie payment,,,-$300.00,"$28,064.00",0
12/20/2024,Servise payment,,,-$500.00,"$6,098.00",0
06/03/2025,Rentt disbursement,,,"-$1,125.00","$22,609.00",1
04/02/2025,Subscripton payment,,,"-$1,800.00","$25,386.00",0
01/13/2025,Recurring 1st week (Unit 14C),,,"-$2,225.00","$49,277.00",1
05/09/2025,Pad payment,,,-$700.00,"$47,576.00",1
12/04/2024,FEE - AUTO,,,-$400.00,"$31,267.00",0
04/18/2024,Excluding rent - HOA,,,-$250.00,"$28,641.00",0
04/30/2024,Real Estate Solutions,,,"$1,400.00","$12,059.00",0
03/17/2025,Apart from rent - maintenance,,,-$50.00,"$11,149.00",0
05/17/2025,Invoice: RESIDENCE,,,"-$1,950.00","$5,112.00",1
01/11/2025,Membership Every 30 days,,,-$250.00,"$42,744.00",0
02/27/2024,Property payment for residential unit,,,"-$1,800.00","$19,991.00",1
12/30/2024,Maintenance fee + insurance,,,$700.00,"$28,784.00",0
07/27/2024,Lease fee for residential unit,,,"-$2,125.00","$37,732.00",1
01/08/2024,Unit charge,,,-$50.00,"$4,330.00",0
07/24/2024,ACH to Johnson LLC,,,-$500.00,"$37,644.00",0
06/11/2024,Recurring 1st week,,,"-$1,400.00","$26,622.00",0
02/17/2024,Servise payment,,,-$100.00,"$35,308.00",0
10/23/2025,Utility fee + tax,,,-$500.00,"$13,904.00",0
04/05/2024,Residential facility fee,,,"-$1,200.00","$19,680.00",1
02/03/2024,Rent with included services,,,"$1,425.00","$29,405.00",1
05/26/2025,Lodgings remittance,,,-$625.00,"$42,699.00",1
06/15/2025,Payment on 1st of month,,,-$100.00,"$35,616.00",0
10/17/2024,Membership First Monday,,,-$125.00,"$30,675.00",0
02/17/2025,Semi-monthly residence,,,-$350.00,"$49,440.00",0
07/10/2025,Complex Services,,,"-$1,250.00","$27,526.00",1
10/26/2024,Excluding rent - HOA,,,-$700.00,"$17,885.00",0
10/25/2025,Place remittance,,,-$200.00,"$29,448.00",0
09/02/2024,Additional to rent - fee,,,"-$2,800.00","$20,814.00",0
09/16/2025,Rental payment,,,-$600.00,"$21,051.00",0
01/28/2025,SERVICE - AUTO,,,"-$1,600.00","$22,432.00",0
03/23/2025,Excluding rent - HOA,,,-$250.00,"$11,000.00",0
08/20/2025,Subscripton payment,,,-$350.00,"$26,590.00",0
11/14/2025,Service Bi-weekly,,,-$125.00,"$10,116.00",0
09/05/2024,Apartment payment + parking,,,"-$1,575.00","$10,002.00",1
02/23/2024,Zelle to Davis (Unit 46C),,,"$1,500.00","$45,268.00",1
07/27/2024,Condo fee,,,"$1,700.00","$33,490.00",1
02/22/2024,Residential payment Monthly anniversary,,,"-$1,750.00","$45,989.00",1
11/22/2025,Subscripton payment,,,"$1,800.00","$25,368.00",0
05/29/2025,Unit payment,,,-$75.00,"$49,153.00",0
02/09/2025,Premises fee with service charge,,,"-$2,100.00","$40,430.00",1
08/07/2024,Service 15th auto,,,"-$2,100.00","$29,468.00",0
07/16/2024,FEE - MONTHLY,,,"-$1,100.00","$45,892.00",0
03/29/2025,Recurring 1st week,,,-$125.00,"$17,355.00",0
03/25/2024,Utility fee incl. services,,,"$1,000.00","$2,422.00",0
02/22/2025,Unit disbursement,,,-$300.00,"$36,869.00",0
02/20/2024,Crib fee,,,$350.00,"$13,176.00",0
03/09/2025,Besides rent - insurance,,,-$200.00,"$46,340.00",0
10/12/2024,Residential facility fee,,,"-$2,750.00","$3,657.00",1
05/17/2025,Landlord services payment,,,"-$1,075.00","$35,651.00",1
12/23/2024,Other than rent - tax,,,"-$1,400.00","$41,510.00",0
12/07/2024,RENT~MONTHLY,,,-$625.00,"$41,660.00",1
04/07/2024,Subscription Monthly anniversary,,,$250.00,"$13,696.00",0
11/15/2024,Residential payment 1st of month,,,"-$2,425.00","$49,628.00",1
05/06/2024,Residential Services,,,"-$1,100.00","$10,170.00",0
02/15/2025,Condo fee,,,"-$1,650.00","$14,183.00",1
04/22/2024,Building Management,,,-$300.00,"$19,574.00",0
03/25/2024,Premises fee with service charge,,,"-$1,625.00","$12,771.00",1
03/11/2025,Separate from rent - deposit,,,"-$1,350.00","$28,120.00",0
12/13/2024,Unit letting,,,-$150.00,"$23,175.00",0
03/07/2025,Rent payment ,,,-$725.00,"$32,003.00",1
05/27/2024,Rent payment (primary residence),,,-$900.00,"$24,346.00",1
07/17/2025,Separate from rent - deposit,,,"$2,250.00","$5,652.00",0
03/26/2024,Residence fee including amenities,,,"-$1,975.00","$40,244.00",1
07/03/2024,Residential payment 25th standing,,,"-$1,400.00","$46,630.00",1
01/18/2024,Habitation remittance with utilities,,,"-$1,600.00","$39,191.00",1
03/24/2024,CHARGE - RECURRING,,,-$900.00,"$39,121.00",0
07/11/2024,Check #1234 for monthly,,,"-$1,000.00","$12,576.00",0
11/30/2025,First of month payment,,,"-$1,000.00","$45,833.00",0
04/23/2024,Lodgings remittance,,,-$75.00,"$43,758.00",0
11/26/2024,Rent-pay ment,,,"-$2,550.00","$7,457.00",1
09/13/2025,Remittance to Moore,,,"-$1,825.00","$28,305.00",1
08/31/2024,Invoice: RESIDENCE,,,"-$1,850.00","$46,911.00",1
01/03/2024,Strata payment,,,"-$1,600.00","$18,271.00",1
04/06/2025,Residential payment 1st of month,,,"-$1,050.00","$1,702.00",1
03/27/2025,Periodic 30th payment,,,-$200.00,"$41,789.00",0
07/19/2025,RENT - DO NOT DELETE,,,"-$1,400.00","$7,064.00",1
10/19/2025,FEE - RECURRING,,,"-$1,950.00","$25,574.00",0
12/29/2024,Premises fee with service charge,,,"-$1,500.00","$46,969.00",1
02/28/2024,Habitation remittance with utilities,,,"-$2,950.00","$40,752.00",1
09/10/2024,Rant fee,,,"-$2,450.00","$25,627.00",1
10/21/2025,Distinct from rent - service,,,"-$1,600.00","$20,659.00",0
01/29/2025,Building fee for residential unit,,,"$1,825.00","$22,892.00",1
01/12/2025,Rent payment (apartment),,,"-$2,425.00","$1,439.00",1
02/05/2025,Monthly payment to John,,,-$900.00,"$28,877.00",0
10/30/2025,Residential payment 10th recurring,,,"-$2,200.00","$11,493.00",1
01/27/2024,Subscripton payment,,,"-$2,100.00","$2,308.00",0
01/28/2024,Residential payment Monthly anniversary,,,"-$1,475.00","$39,511.00",1
08/26/2025,Premises Services (Unit 36A),,,"-$2,200.00","$13,865.00",1
05/26/2025,Apartment payment + parking,,,"-$2,550.00","$44,799.00",1
04/21/2025,CHARGE - MONTHLY,,,-$100.00,"$9,790.00",0
06/02/2025,Check #1234 for monthly,,,-$125.00,"$43,994.00",0
11/09/2024,Independent of rent - repair,,,-$800.00,"$39,969.00",0
02/03/2025,Utility fee incl. services,,,"-$1,850.00","$8,872.00",0
01/12/2025,Rent payment (apartment),,,"-$3,025.00","$48,881.00",1
12/26/2024,Remittance: DWELLING,,,"-$1,800.00","$49,955.00",1
06/21/2025,Independent of rent - repair,,,-$250.00,"$9,566.00",0
05/16/2025,Rent (missed auto),,,"$2,625.00","$19,491.00",1
04/06/2025,Maintenance fee incl. services,,,"$1,600.00","$43,900.00",0
08/09/2024,Flat fee,,,-$600.00,"$9,139.00",0
12/25/2024,Residential occupancy fee,,,-$900.00,"$46,680.00",1
09/17/2024,Apart from rent - maintenance,,,"-$2,400.00","$6,835.00",0
08/22/2025,Digs payment,,,-$500.00,"$42,098.00",0
09/08/2024,Rent-paymnt,,,"-$2,775.00","$43,034.00",1
06/27/2025,End of month remittance,,,-$900.00,"$22,724.00",0
03/09/2025,Monthly housing and utilities bundle,,,"-$1,150.00","$36,970.00",1
09/16/2024,Non-rent housing expense,,,"-$1,250.00","$44,545.00",0
10/24/2024,Rant fee,,,"-$2,225.00","$11,826.00",1
05/20/2024,Tenancy payment,,,"-$2,275.00","$22,996.00",1
09/07/2024,Rental payment,,,"-$2,250.00","$43,216.00",1
11/19/2024,Lease fee for residential unit,,,"-$2,425.00","$37,866.00",1
04/14/2025,Unit charge for residential unit,,,"-$1,100.00","$42,991.00",1
07/30/2024,Lease charge,,,"-$1,750.00","$3,074.00",0
04/15/2025,Domicile Solutions (Unit 3C),,,"-$1,375.00","$25,455.00",1
10/21/2025,Property remittance,,,-$200.00,"$14,072.00",0
02/20/2025,Place remittance,,,"-$2,200.00","$36,199.00",1
11/28/2024,Premises Services,,,$350.00,"$43,153.00",0
09/29/2024,UTILITY - AUTO,,,"-$1,100.00","$39,863.00",0
09/23/2024,Maintenance fee + insurance,,,-$650.00,"$35,378.00",0
06/01/2025,Crib fee,,,"-$2,150.00","$41,792.00",1
08/07/2024,Residential payment Monthly anniversary,,,"-$2,975.00","$22,034.00",1
06/25/2025,Lease charge for residential unit,,,-$800.00,"$47,965.00",1
02/08/2024,FEE - RECURRING,,,-$500.00,"$28,003.00",0
12/04/2025,Wire to Thompson,,,-$400.00,"$22,190.00",0
03/02/2025,Service 1st of month,,,-$125.00,"$17,427.00",0
09/29/2025,Servise payment,,,-$150.00,"$1,259.00",0
03/26/2024,Servise payment,,,-$400.00,"$5,067.00",0
09/22/2024,NOT rent - utilities,,,-$75.00,"$17,373.00",0
02/22/2024,Rent payment (primary residence),,,-$975.00,"$9,746.00",1
09/22/2024,Residence fee including amenities,,,"$1,200.00","$11,843.00",1
10/10/2025,Property Services LLC,,,"-$2,600.00","$40,804.00",0
03/22/2025,Periodic 30th payment,,,$100.00,"$23,005.00",0
05/04/2024,Monthly on 15th,,,-$250.00,"$1,808.00",0
06/14/2025,Unit charge for residential unit,,,"-$1,775.00","$21,938.00",1
03/25/2025,Residence fee including amenities,,,"-$1,875.00","$38,081.00",1
12/21/2025,Building fee for residential unit,,,"-$2,975.00","$39,331.00",1
10/20/2025,Dwelling disbursement plus fees,,,"-$1,300.00","$40,819.00",1
05/30/2025,Check #1234 for monthly,,,-$850.00,"$34,635.00",0
12/11/2025,Servise payment,,,"-$1,250.00","$11,081.00",0
05/03/2024,RENT - APT 5B,,,-$975.00,"$3,815.00",1
02/22/2024,Abode payment plus insurance,,,"-$1,650.00","$33,977.00",1
02/16/2025,Building fee,,,"-$2,800.00","$13,230.00",0
09/10/2024,Premises fee with service charge,,,"$1,800.00","$28,285.00",1
10/06/2024,Utility fee + insurance,,,-$250.00,"$37,683.00",0
04/07/2024,Domicile disbursement,,,"-$2,600.00","$15,269.00",1
01/02/2025,Rent payment (apartment),,,"-$1,225.00","$36,595.00",1
01/13/2024,Servise payment,,,$350.00,"$32,235.00",0
10/06/2025,Mid-month transfer (Unit 9B),,,"-$1,450.00","$36,186.00",1
03/27/2025,Subscripton payment,,,-$900.00,"$9,822.00",0
10/29/2025,Residential payment Quarterly,,,"-$3,050.00","$47,273.00",1
12/26/2025,Lease fee,,,"-$2,800.00","$33,716.00",0
05/17/2024,Building Management,,,"-$1,800.00","$46,098.00",0
01/21/2024,Zelle to Davis,,,"-$1,800.00","$45,119.00",1
05/28/2024,Building Management,,,-$150.00,"$23,698.00",0
03/07/2024,Distinct from rent - service,,,"-$1,400.00","$32,810.00",0
12/27/2025,Maintenence payment,,,-$200.00,"$37,132.00",0
06/07/2025,Unit letting,,,"-$1,325.00","$31,108.00",1
06/12/2025,Semi-monthly residence,,,-$75.00,"$16,220.00",0
04/12/2025,Servise payment,,,-$100.00,"$38,933.00",0
03/13/2024,RENT-RECURRING,,,"-$3,050.00","$6,300.00",1
11/22/2024,Recurring 1st week,,,-$750.00,"$31,754.00",1
05/22/2025,Rent payment ,,,"$2,850.00","$20,499.00",1
11/05/2025,Pad payment,,,"-$1,850.00","$34,067.00",0
12/22/2025,Service 10th recurring,,,-$300.00,"$22,322.00",0
03/15/2024,Maintenance fee incl. services,,,-$350.00,"$12,227.00",0
01/14/2025,Flat fee,,,-$925.00,"$13,381.00",1
12/01/2024,Habitation remittance with utilities,,,"-$1,600.00","$14,642.00",1
04/22/2024,Service Every 30 days,,,-$50.00,"$23,454.00",0
11/19/2025,Bi-weekly housing,,,"-$2,075.00","$24,296.00",1
12/09/2024,Rent (missed auto),,,-$875.00,"$10,329.00",1
08/30/2024,Residential Services,,,"-$2,450.00","$31,547.00",1
12/27/2025,Periodic 30th payment,,,"-$1,400.00","$34,813.00",1
03/27/2025,500 Oak Ave payment,,,"-$2,975.00","$21,133.00",1
11/29/2025,FEE - MONTHLY,,,"-$1,250.00","$21,786.00",0
09/07/2024,Subscripton payment,,,"-$1,650.00","$14,490.00",0
04/17/2024,RENT|AUTO,,,"-$2,625.00","$16,776.00",1
03/18/2025,Ren tpayment,,,"-$3,000.00","$2,726.00",1
08/28/2024,RENT|AUTO,,,"-$1,000.00","$16,955.00",1
10/31/2024,Flat fee,,,$100.00,"$9,453.00",0
05/27/2025,ACH to Johnson LLC,,,-$700.00,"$3,984.00",1
06/14/2025,Residential Services (Unit 41C),,,"-$2,450.00","$42,440.00",1
07/07/2024,Rent (missed auto),,,"-$3,050.00","$1,704.00",1
11/11/2025,Tenancy remittance,,,"-$1,525.00","$44,535.00",1
09/18/2024,Zelle to Davis,,,-$400.00,"$27,958.00",0
03/08/2024,UTILITY - RECURRING,,,-$650.00,"$8,243.00",0
05/04/2024,Real Estate Solutions,,,"-$2,300.00","$4,101.00",1
05/30/2024,Service fee incl. services,,,-$300.00,"$46,380.00",0
05/13/2024,HOA fee + insurance,,,-$100.00,"$40,315.00",0
07/21/2025,Subscription Calendar month,,,-$900.00,"$25,318.00",0
08/10/2024,Condo fee,,,-$825.00,"$40,745.00",1
06/29/2025,Residential payment 15th auto,,,"-$2,225.00","$34,205.00",1
08/18/2024,Real Estate Solutions,,,-$125.00,"$49,448.00",0
06/06/2025,UTILITY - AUTO,,,-$800.00,"$8,436.00",0
05/25/2025,Residential payment Semi-monthly,,,"-$1,950.00","$3,624.00",1
10/03/2025,Residence fee including amenities,,,"-$1,875.00","$34,423.00",1
09/26/2025,Premises Services,,,-$125.00,"$22,318.00",0
11/08/2025,Unit remittance for residential unit,,,$750.00,"$21,032.00",1
08/29/2024,Condo fee,,,-$900.00,"$3,037.00",1
08/21/2024,Unit letting,,,-$750.00,"$42,607.00",0
12/29/2024,Unit Management,,,"-$1,200.00","$23,699.00",1
11/29/2025,Maintenance fee + tax,,,$450.00,"$3,360.00",0
06/12/2025,Subscripton payment,,,$800.00,"$35,447.00",0
10/21/2025,Rent ;payment,,,"-$1,050.00","$3,050.00",1
04/11/2025,Rent..payment,,,-$650.00,"$41,537.00",1
05/21/2025,Utilitie payment,,,-$125.00,"$7,923.00",0
01/10/2025,Utility fee + insurance,,,-$125.00,"$46,485.00",0
07/19/2025,Independent of rent - repair,,,-$100.00,"$18,918.00",0
03/19/2025,My apartment payment,,,"-$1,675.00","$17,958.00",1
04/26/2025,End of month remittance,,,-$50.00,"$31,552.00",0
08/24/2024,Property Services LLC,,,-$750.00,"$15,688.00",1
04/19/2025,Remittance to Moore,,,"-$2,150.00","$41,210.00",1
11/04/2025,UTILITY - MONTHLY,,,"-$1,800.00","$15,914.00",0
04/20/2025,Rent payment (apartment),,,"-$2,650.00","$18,112.00",1
08/10/2025,Building Management,,,-$50.00,"$7,899.00",0
03/01/2024,Invoice #APT2024-001,,,"-$1,625.00","$6,487.00",1
12/31/2024,Maintenance fee + tax,,,"-$1,000.00","$25,065.00",0
05/01/2025,Lodging remittance,,,"$1,525.00","$31,165.00",1
07/21/2024,Servise payment,,,-$500.00,"$31,736.00",0
01/30/2024,Membership Monthly anniversary,,,-$450.00,"$6,990.00",0
07/29/2024,Property management remittance,,,"-$1,500.00","$8,441.00",1
10/17/2025,Building administration fee,,,-$675.00,"$49,300.00",1
10/27/2025,Letting fee,,,-$75.00,"$5,940.00",0
09/28/2024,Bi-weekly housing,,,-$700.00,"$17,013.00",0
07/23/2024,Crib fee,,,-$150.00,"$9,106.00",0
04/21/2024,Membership 25th standing,,,"-$1,600.00","$18,703.00",0
02/27/2025,Rant fee,,,"-$2,800.00","$22,590.00",1
08/02/2024,Additional to rent - fee,,,"-$1,200.00","$9,339.00",0
03/02/2024,Rental payment,,,"-$1,600.00","$21,378.00",0
07/06/2024,Rentt disbursement,,,"-$1,350.00","$39,873.00",1
12/22/2024,Spot payment,,,"-$1,350.00","$12,232.00",1
12/10/2024,Remittance: DWELLING,,,"-$1,700.00","$47,928.00",1
08/22/2025,Premises fee with service charge,,,"-$1,350.00","$20,312.00",1
01/01/2025,Recurring 1st week,,,"-$2,425.00","$19,695.00",1
08/02/2025,Complex charge,,,-$75.00,"$4,464.00",0
03/21/2025,Apartment 12C fee,,,"$2,850.00","$26,570.00",1
07/13/2025,Independent of rent - repair,,,-$500.00,"$33,560.00",0
08/30/2025,Semi-monthly residence,,,"-$1,200.00","$20,022.00",0
01/22/2024,Lodgings remittance,,,"-$1,550.00","$11,299.00",0
09/16/2024,FEE - AUTO,,,-$250.00,"$29,451.00",0
08/10/2025,RENT>>PAYMENT,,,"-$1,425.00","$49,704.00",1
04/24/2025,Premises Services,,,-$150.00,"$44,806.00",0
12/24/2025,Rent payment ,,,-$975.00,"$15,261.00",1
01/15/2025,Accommodation disbursement,,,"-$3,000.00","$42,590.00",1
09/30/2024,Membership First Monday,,,"-$1,400.00","$16,911.00",0
04/02/2024,Subscripton payment,,,"-$1,400.00","$48,573.00",0
12/10/2024,Membership 20th periodic,,,-$500.00,"$30,911.00",0
06/26/2024,Rent payment ,,,-$975.00,"$19,867.00",1
03/25/2025,Rent-pay ment,,,"-$1,425.00","$45,746.00",1
01/25/2024,Domicile Solutions,,,-$250.00,"$9,476.00",0
01/31/2025,Residential Services,,,-$350.00,"$19,138.00",0
10/11/2024,R3nt fee,,,"-$1,750.00","$11,706.00",1
08/24/2024,Tenancy payment,,,$50.00,"$47,356.00",0
06/28/2025,Rentt disbursement,,,-$775.00,"$20,133.00",1
08/24/2025,Lease charge,,,$150.00,"$28,525.00",0
05/08/2025,Servise payment,,,-$250.00,"$18,366.00",0
08/22/2024,RENT~MONTHLY,,,"-$1,325.00","$35,080.00",1
09/14/2025,Rent payment (apartment),,,"-$2,975.00","$23,591.00",1
02/12/2024,Building administration fee,,,-$675.00,"$11,822.00",1
09/20/2024,Payment on 1st of month,,,"$2,625.00","$38,306.00",1
12/17/2024,Facility Solutions,,,-$100.00,"$17,293.00",0
01/27/2024,Unit payment for residential unit,,,"-$2,850.00","$5,292.00",1
08/15/2024,End of month remittance,,,"-$1,400.00","$41,809.00",0
08/26/2024,Rent payment ,,,-$925.00,"$13,633.00",1
03/28/2024,Maintenence payment,,,-$75.00,"$45,850.00",0
11/16/2025,Membership 25th standing,,,"-$1,800.00","$35,438.00",0
02/25/2025,Letting fee,,,-$700.00,"$10,879.00",1
01/29/2024,Crib fee,,,"-$2,350.00","$8,945.00",1
12/21/2024,Domicile Solutions,,,"-$1,800.00","$3,477.00",0
08/28/2024,Periodic 30th payment,,,"$2,625.00","$8,535.00",1
01/04/2025,Apart from rent - maintenance,,,"-$1,350.00","$37,097.00",0
03/20/2025,RENT>>PAYMENT,,,"-$1,600.00","$1,772.00",1
10/13/2024,Accommodation disbursement,,,-$600.00,"$41,977.00",1
05/20/2025,HOA fee + insurance,,,-$450.00,"$1,320.00",0
08/11/2025,Maintenence payment,,,"-$2,250.00","$17,259.00",0
02/26/2025,HOA fee + tax,,,"$2,100.00","$7,840.00",0
10/21/2024,Rentt disbursement,,,-$750.00,"$15,808.00",1
11/09/2025,Unit fee,,,-$350.00,"$32,915.00",0
09/24/2024,Maintenance fee incl. services,,,$250.00,"$7,987.00",0
01/21/2025,NOT rent - utilities,,,-$800.00,"$45,041.00",0
07/31/2025,Spot payment,,,-$500.00,"$41,671.00",0
03/29/2024,Invoice #APT2024-001,,,"$2,225.00","$19,985.00",1
05/31/2025,Rent payment ,,,"-$3,025.00","$21,776.00",1
04/10/2025,Rent payment ,,,"-$1,250.00","$8,177.00",1
09/29/2024,Lease charge,,,-$150.00,"$17,177.00",0
07/13/2025,Building Management,,,-$50.00,"$39,612.00",0
02/02/2025,Lease charge for residential unit,,,"-$2,250.00","$39,004.00",1
03/18/2025,RENT>>PAYMENT,,,"-$1,050.00","$15,455.00",1
04/25/2025,Residential payment 25th standing,,,"-$2,350.00","$26,519.00",1
07/08/2024,Service 10th recurring,,,"-$1,750.00","$34,157.00",0
08/24/2025,Transfer to Miller,,,-$150.00,"$26,451.00",0
01/21/2024,Unit Management,,,-$50.00,"$33,185.00",0
02/21/2025,Monthly housing and utilities bundle,,,"-$1,300.00","$18,607.00",1
09/08/2024,RENT-RECURRING,,,"-$1,725.00","$34,789.00",1
03/20/2025,Maintenence payment,,,"-$1,600.00","$30,085.00",0
01/29/2024,Utilitie payment,,,"-$2,400.00","$25,728.00",0
10/11/2024,Rant remittance,,,"$2,200.00","$19,204.00",1
11/07/2025,Rent payment (primary residence),,,"-$1,625.00","$29,683.00",1
11/07/2025,R3nt fee,,,"$1,500.00","$31,043.00",1
07/09/2024,FEE - RECURRING,,,-$900.00,"$49,434.00",0
09/18/2024,Membership Calendar month,,,-$700.00,"$20,036.00",0
11/10/2024,Wire to Thompson,,,-$900.00,"$42,141.00",0
09/13/2024,123 Main St monthly,,,"-$2,625.00","$14,581.00",1
12/03/2025,Tenancy payment,,,"-$1,350.00","$38,764.00",0
05/05/2024,Unit payment for residential unit,,,-$675.00,"$9,055.00",1
05/21/2024,Monthly housing and utilities bundle,,,"$1,650.00","$17,945.00",1
03/05/2025,Independent of rent - repair,,,-$100.00,"$18,427.00",0
04/20/2025,Unit payment including maintenance,,,"-$1,900.00","$28,373.00",1
08/13/2025,Abode disbursement,,,"-$1,950.00","$43,788.00",1
05/18/2025,Membership Calendar month,,,-$800.00,"$25,408.00",0
03/19/2025,Building payment,,,-$900.00,"$24,120.00",0
01/09/2024,Spot payment,,,"-$1,725.00","$21,371.00",1
11/24/2024,Subscription 5th monthly,,,"-$3,000.00","$35,039.00",0
06/25/2025,Unit Management,,,"-$1,000.00","$24,631.00",0
10/09/2024,Monthly payment to John,,,"-$2,800.00","$3,660.00",0
09/13/2025,Periodic 30th payment,,,"-$1,200.00","$43,293.00",0
12/03/2025,Recurring transfer to Smith,,,-$600.00,"$28,189.00",0
07/26/2024,Digs payment,,,-$200.00,"$17,198.00",0
07/17/2024,Housing allocation payment,,,"-$2,975.00","$2,298.00",1
04/21/2024,Residential payment Monthly anniversary,,,"-$2,600.00","$27,246.00",1
09/14/2024,Flat fee,,,-$450.00,"$9,744.00",0
12/30/2024,Housing Associates,,,-$125.00,"$28,005.00",0
09/16/2024,Lease charge,,,$250.00,"$38,478.00",0
10/27/2025,Spot payment,,,-$825.00,"$27,045.00",1
09/24/2025,Besides rent - insurance,,,-$250.00,"$38,694.00",0
12/28/2025,CHARGE - AUTO,,,"$2,800.00","$22,431.00",0
02/17/2024,Utility fee incl. services,,,"$2,100.00","$21,088.00",0
03/07/2025,Servise payment,,,"-$2,800.00","$29,286.00",0
04/29/2024,Apart from rent - maintenance,,,"-$2,400.00","$40,728.00",0
04/02/2024,RENT - APT 5B,,,"-$1,125.00","$40,761.00",1
11/26/2025,Rent(payment),,,"-$1,725.00","$13,312.00",1
06/11/2024,Debit to Anderson,,,-$125.00,"$42,742.00",0
08/08/2025,Place I stay remittance,,,"-$1,875.00","$20,971.00",1
03/03/2025,Service fee + tax,,,-$125.00,"$15,225.00",0
09/08/2025,Monthly on 15th,,,"-$2,575.00","$48,958.00",1
01/27/2025,Lodging remittance,,,"$2,750.00","$1,949.00",1
02/24/2024,Habitation remittance with utilities,,,"-$1,800.00","$19,600.00",1
11/19/2025,Wire to Thompson (Unit 19C),,,"-$1,625.00","$23,709.00",1
05/14/2025,Monthly payment to John,,,"$1,325.00","$34,783.00",1
08/21/2025,Accommodation remittance including tax,,,"-$2,200.00","$18,683.00",1
11/05/2024,Residential payment 15th auto,,,$800.00,"$1,788.00",1
05/10/2025,Unit Management,,,-$200.00,"$46,184.00",0
05/12/2024,Rent-paymnt,,,"-$2,375.00","$24,238.00",1
09/20/2024,Non-rent housing expense,,,"-$1,850.00","$15,761.00",0
11/24/2024,Unit disbursement,,,-$400.00,"$26,535.00",0
03/14/2025,Semi-monthly residence,,,-$300.00,"$38,820.00",0
09/13/2025,Building Management,,,"-$1,050.00","$43,052.00",1
07/31/2024,RENT - DO NOT DELETE,,,"-$1,500.00","$11,328.00",1
09/25/2025,FEE - AUTO,,,-$200.00,"$32,008.00",0
08/08/2024,Rent(payment),,,-$825.00,"$40,562.00",1
08/14/2024,Rent payment ,,,$925.00,"$23,717.00",1
08/03/2025,Habitation remittance with utilities,,,"-$1,775.00","$6,736.00",1
07/04/2024,First of month payment,,,-$100.00,"$12,617.00",0
12/24/2025,Building disbursement for residential unit,,,-$800.00,"$19,094.00",1
07/13/2024,Complex payment,,,-$600.00,"$11,509.00",0
08/25/2025,Debit to Anderson,,,$200.00,"$47,369.00",0
10/08/2025,Recurring habitation expenditure,,,"-$1,275.00","$33,782.00",1
11/22/2024,Complex Services (Unit 41C),,,"-$2,300.00","$32,614.00",1
02/27/2024,Rent with included services,,,"-$1,400.00","$15,289.00",1
01/15/2024,Residential occupancy fee,,,-$775.00,"$10,208.00",1
06/10/2025,Subscripton payment,,,"$1,800.00","$22,673.00",0
02/16/2025,Property remittance,,,-$125.00,"$21,254.00",0
10/31/2025,Remittance to Moore,,,-$350.00,"$15,432.00",0
12/29/2025,Housing Associates,,,"-$2,150.00","$5,263.00",1
10/30/2024,Servise payment,,,"-$1,750.00","$21,550.00",0
06/11/2025,Lease fee for residential unit,,,"-$2,000.00","$24,525.00",1
08/16/2025,Separate from rent - deposit,,,"-$1,450.00","$30,340.00",0
06/06/2024,Periodic 30th payment,,,-$600.00,"$42,774.00",0
03/31/2024,Periodic domicile remittance,,,"-$1,225.00","$48,995.00",1
12/12/2024,Property payment,,,-$250.00,"$32,763.00",0
02/27/2025,ACH to Johnson LLC,,,"-$2,100.00","$4,762.00",0
09/25/2025,RENT - APT 5B,,,"-$2,750.00","$32,895.00",1
07/02/2024,Lodgings remittance,,,-$900.00,"$14,127.00",1
10/15/2025,Maintenence payment,,,-$250.00,"$42,809.00",0
02/03/2024,Monthly on 15th,,,-$400.00,"$37,503.00",0
01/27/2024,Separate from rent - deposit,,,"-$1,800.00","$13,985.00",0
07/12/2025,Rent payment ,,,"-$1,675.00","$46,025.00",1
02/21/2024,Residential payment First Monday,,,"-$2,575.00","$27,164.00",1
02/05/2025,Building fee,,,"$1,200.00","$1,319.00",0
08/03/2024,Strata payment,,,-$200.00,"$48,761.00",0
06/26/2025,Complex fee for residential unit,,,"-$1,775.00","$32,242.00",1
01/21/2025,Unit remittance for residential unit,,,"-$1,325.00","$49,130.00",1
05/14/2025,Remittance to Moore,,,"-$2,150.00","$40,697.00",1
04/29/2025,Residential payment Every 30 days,,,"-$1,575.00","$45,038.00",1
09/16/2024,Unit payment including maintenance,,,"-$2,125.00","$24,162.00",1
11/01/2024,Spot payment,,,"-$1,900.00","$25,800.00",1
06/21/2024,Strata payment,,,-$600.00,"$46,573.00",0
09/22/2025,Subscription 20th periodic,,,"-$1,600.00","$2,245.00",0
11/27/2025,Residential payment Monthly anniversary,,,"-$1,800.00","$28,999.00",1
03/03/2025,SERVICE - AUTO,,,-$400.00,"$36,404.00",0
12/13/2025,Residence fee including amenities,,,"-$2,775.00","$8,949.00",1
08/16/2025,Maintenence payment,,,-$900.00,"$9,861.00",0
05/20/2025,Residential payment Semi-monthly,,,"-$1,500.00","$1,154.00",1
11/20/2025,RENT PAYMENT (MONTHLY),,,-$600.00,"$7,278.00",1
07/03/2024,Payment on 1st of month,,,-$150.00,"$10,955.00",0
03/15/2024,Residential payment 15th auto,,,"-$1,925.00","$20,076.00",1
08/30/2025,Tenancy payment,,,"-$1,275.00","$17,017.00",1
07/16/2025,Unit letting,,,"-$2,375.00","$8,366.00",1
09/29/2025,Unit payment for residential unit,,,"-$1,400.00","$30,917.00",1
10/12/2025,Unit payment,,,-$50.00,"$44,001.00",0
04/19/2025,Building disbursement for residential unit,,,"$1,325.00","$21,244.00",1
09/20/2024,Residential payment Monthly anniversary,,,"-$2,625.00","$5,766.00",1
10/18/2024,Maintenence payment,,,-$700.00,"$42,048.00",0
12/07/2025,Letting fee,,,"-$1,125.00","$13,214.00",1
09/17/2024,Lodging remittance,,,"-$2,550.00","$36,737.00",1
10/16/2024,Accommodation remittance including tax,,,-$925.00,"$11,992.00",1
01/24/2025,Monthly housing and utilities bundle,,,-$650.00,"$47,542.00",1
07/01/2024,ACH to Johnson LLC,,,"-$1,100.00","$30,548.00",1
06/13/2024,Unit fee,,,-$950.00,"$31,626.00",0
10/24/2024,Semi-monthly residence,,,"-$1,950.00","$2,741.00",0
03/26/2024,Rent payment (apartment),,,-$900.00,"$31,689.00",1
05/18/2024,Service 1st of month,,,"-$1,350.00","$17,815.00",0
03/18/2025,Rent payment ,,,"-$1,225.00","$38,576.00",1
03/26/2024,Additional to rent - fee,,,-$250.00,"$45,152.00",0
01/04/2025,Rant fee,,,"-$2,600.00","$4,974.00",1
01/29/2024,Additional to rent - fee,,,-$50.00,"$11,735.00",0
02/26/2025,Service First Monday,,,-$300.00,"$29,584.00",0
09/16/2025,NOT rent - utilities,,,"-$1,200.00","$2,552.00",0
02/06/2025,Remittance to Moore,,,-$75.00,"$22,098.00",0
01/08/2024,Semi-monthly residence,,,-$200.00,"$39,990.00",0
09/05/2024,Membership 10th recurring,,,-$200.00,"$46,193.00",0
05/13/2024,Abode disbursement,,,-$825.00,"$13,666.00",1
01/29/2024,Besides rent - insurance,,,-$600.00,"$41,498.00",0
01/07/2025,My house monthly,,,-$775.00,"$5,334.00",1
10/15/2025,Maintenence payment,,,-$900.00,"$31,204.00",0
11/15/2025,Property payment for residential unit,,,"-$2,300.00","$34,437.00",1
07/18/2024,Utility fee + tax,,,-$350.00,"$44,269.00",0
11/11/2024,Abode payment plus insurance,,,-$825.00,"$44,099.00",1
08/14/2025,Dwelling remittance,,,-$950.00,"$22,972.00",1
05/26/2025,Subscripton payment,,,$800.00,"$39,303.00",0
05/12/2024,Housing Associates,,,-$750.00,"$7,196.00",0
03/08/2025,Unit charge,,,-$900.00,"$3,629.00",0
06/05/2024,Abode payment plus insurance,,,-$650.00,"$23,938.00",1
11/08/2024,Rent payment ,,,"-$2,275.00","$22,141.00",1
06/01/2024,Real estate management fee,,,"-$2,975.00","$35,349.00",1
08/29/2024,Lease charge,,,"$2,250.00","$41,592.00",0
08/08/2024,Habitation remittance with utilities,,,"-$2,350.00","$17,707.00",1
09/19/2025,Complex Services,,,"-$2,075.00","$35,636.00",1
01/28/2025,Remittance to Moore,,,"-$2,250.00","$37,519.00",0
11/22/2024,R3nt fee,,,"-$1,825.00","$40,505.00",1
07/20/2025,R3nt fee,,,"-$2,275.00","$11,192.00",1
09/11/2024,Complex charge,,,-$300.00,"$26,587.00",0
02/27/2024,RENT-RECURRING,,,"-$2,075.00","$4,873.00",1
09/25/2024,Apartment payment + parking,,,-$850.00,"$13,861.00",1
12/06/2025,Subscription 10th recurring,,,-$250.00,"$35,614.00",0
07/05/2024,SERVICE - RECURRING,,,"-$1,550.00","$24,794.00",0
10/30/2025,Residential payment 15th auto,,,"$1,550.00","$6,508.00",1
04/17/2024,Rent payment (primary residence),,,"-$3,000.00","$38,200.00",1
05/04/2025,Service fee + tax,,,"-$1,800.00","$12,772.00",0
01/22/2025,Check #1234 for monthly,,,-$950.00,"$27,730.00",0
05/17/2025,Service fee + insurance,,,-$600.00,"$33,840.00",0
06/26/2024,First of month payment,,,-$250.00,"$41,748.00",0
01/18/2025,Utilitie payment,,,-$500.00,"$31,455.00",0
05/02/2024,Payment on 1st of month,,,-$100.00,"$19,216.00",0
08/05/2025,Monthly on 15th,,,"-$2,250.00","$37,549.00",0
09/23/2024,Complex payment for residential unit,,,-$800.00,"$7,015.00",1
09/14/2024,Rent payment (primary residence),,,"-$1,475.00","$45,600.00",1
06/21/2024,Unit fee,,,"-$1,550.00","$1,868.00",0
03/06/2025,Subscripton payment,,,-$125.00,"$39,989.00",0
09/05/2024,Maintenence payment,,,"-$1,100.00","$5,185.00",0
09/04/2025,Service Quarterly,,,-$600.00,"$18,449.00",0
03/26/2024,Unit payment,,,"-$1,250.00","$10,095.00",0
03/24/2024,Rent payment ,,,"-$1,500.00","$32,496.00",1
07/25/2025,Residential payment Semi-monthly,,,"-$2,825.00","$34,517.00",1
10/16/2025,Monthly premises fee,,,-$800.00,"$6,239.00",1
12/19/2025,Maintenance fee + tax,,,"-$2,250.00","$25,951.00",0
06/01/2025,SERVICE - MONTHLY,,,-$75.00,"$19,236.00",0
05/19/2024,Monthly payment to John,,,"-$1,800.00","$12,113.00",0
12/23/2025,RENT-RECURRING,,,-$850.00,"$12,118.00",1
09/05/2025,Maintenence payment,,,-$800.00,"$46,713.00",0
08/06/2024,CHARGE - AUTO,,,"-$1,600.00","$2,881.00",0
11/17/2024,Apart from rent - maintenance,,,-$900.00,"$36,038.00",0
02/03/2025,Rent payment ,,,"-$2,400.00","$7,534.00",1
01/12/2025,Pad payment,,,"-$1,600.00","$1,291.00",1
08/23/2024,Digs payment,,,-$450.00,"$2,665.00",0
06/27/2025,Property remittance for residential unit,,,"-$1,975.00","$41,462.00",1
08/04/2024,Lease payment,,,"-$2,400.00","$6,366.00",0
03/30/2024,123 Main St monthly,,,"-$1,625.00","$44,469.00",1
01/23/2025,Building fee for residential unit,,,"-$1,000.00","$9,562.00",1
12/19/2024,Letting fee,,,"-$1,000.00","$42,497.00",0
11/25/2024,Rent payment ,,,"-$1,725.00","$43,002.00",1
04/26/2025,Rent/payment,,,"-$3,000.00","$30,311.00",1
11/29/2025,Subscription Monthly anniversary,,,-$800.00,"$17,515.00",0
06/07/2024,Complex fee,,,$200.00,"$49,789.00",0
03/05/2025,Apart from rent - maintenance,,,"-$2,400.00","$12,134.00",0
05/06/2025,Crib fee,,,"-$1,300.00","$45,934.00",1
12/01/2024,SERVICE - AUTO,,,-$600.00,"$39,325.00",0
05/25/2024,Accommodation disbursement,,,"-$2,600.00","$29,682.00",1
03/01/2024,Place remittance,,,-$850.00,"$6,383.00",1
10/16/2024,Apartment 12C fee,,,"-$1,775.00","$15,508.00",1
03/11/2024,Servise payment,,,"-$1,600.00","$17,230.00",0
06/13/2024,HOA fee + tax,,,"-$2,100.00","$2,426.00",0
03/01/2024,Lodgings remittance,,,-$50.00,"$18,266.00",0
03/19/2024,Domicile Solutions,,,-$900.00,"$10,432.00",0
10/28/2025,Property payment for residential unit,,,"-$1,325.00","$3,691.00",1
04/14/2024,Utilitie payment,,,"-$1,950.00","$17,070.00",0
11/24/2025,Complex Services,,,"-$1,650.00","$43,605.00",1
09/12/2024,Separate from rent - deposit,,,-$75.00,"$42,317.00",0
03/30/2024,Quarterly dwelling,,,-$725.00,"$5,378.00",1
08/17/2025,Residential Services,,,"$2,125.00","$31,394.00",1
09/02/2024,FEE - RECURRING,,,-$600.00,"$22,680.00",0
08/01/2024,Complex Services (Unit 22C),,,"-$1,525.00","$49,436.00",1
04/20/2024,Residential payment 10th recurring,,,"-$2,000.00","$21,652.00",1
07/29/2024,Recurring transfer to Smith,,,"-$1,200.00","$13,592.00",0
07/12/2024,Residence fee including amenities,,,"-$1,350.00","$5,576.00",1
11/01/2025,Flat fee,,,-$50.00,"$17,410.00",0
03/18/2025,Invoice #APT2024-001,,,-$675.00,"$48,009.00",1
11/23/2024,Residence fee including amenities,,,"-$1,650.00","$32,294.00",1
06/09/2024,Quarterly dwelling,,,-$700.00,"$17,035.00",0
11/07/2025,Recurring 1st week,,,"-$1,400.00","$39,216.00",0
02/24/2024,Additional to rent - fee,,,-$900.00,"$44,692.00",0
06/10/2024,End of month remittance,,,"-$1,900.00","$30,750.00",1
04/24/2024,Unit Management,,,-$200.00,"$37,656.00",0
08/28/2025,Accommodation remittance including tax,,,"-$1,700.00","$6,410.00",1
11/25/2025,Utilitie payment,,,"-$1,400.00","$26,793.00",0
11/01/2024,Additional to rent - fee,,,-$150.00,"$2,977.00",0
03/15/2024,Subscription 10th recurring,,,-$150.00,"$49,327.00",0
05/22/2025,Flat fee,,,-$350.00,"$5,530.00",0
05/14/2025,Flat fee,,,"-$1,650.00","$3,850.00",0
03/09/2025,Rent payment (apartment),,,"-$1,700.00","$33,997.00",1
02/28/2024,Rent (missed auto),,,-$875.00,"$47,601.00",1
10/12/2025,Rent payment (primary residence),,,"-$2,050.00","$7,936.00",1
04/10/2024,Remittance to Moore,,,-$50.00,"$9,356.00",0
01/29/2025,RENT_INVOICE_001,,,"-$2,400.00","$32,968.00",1
10/22/2024,Service fee + tax,,,"-$1,200.00","$33,907.00",0
04/02/2024,Service Quarterly,,,-$700.00,"$34,298.00",0
12/21/2024,Lease payment for residential unit,,,-$950.00,"$28,255.00",1
03/23/2024,CHARGE - AUTO,,,"$1,400.00","$38,071.00",0
03/06/2025,Residential payment 15th auto,,,"-$1,950.00","$1,927.00",1
08/05/2025,FEE - MONTHLY,,,-$850.00,"$39,470.00",0
03/01/2025,Service 10th recurring,,,$350.00,"$34,473.00",0
01/17/2025,Property fee for residential unit,,,-$900.00,"$10,523.00",1
08/04/2025,Other than rent - tax,,,"-$1,200.00","$26,417.00",0
07/20/2025,Lease fee,,,"-$1,400.00","$40,748.00",0
07/21/2024,Residential Services,,,"-$1,250.00","$4,339.00",0
12/26/2025,Premises Services,,,"-$1,850.00","$48,957.00",0
03/08/2025,Transfer to Miller (Unit 8A),,,"-$2,400.00","$48,086.00",1
04/23/2024,Rent payment ,,,"-$1,000.00","$33,925.00",1
09/06/2024,NOT rent - utilities,,,"-$1,000.00","$26,448.00",0
03/06/2025,Rentt disbursement,,,"-$1,300.00","$23,826.00",1
04/26/2025,First of month payment,,,-$500.00,"$41,654.00",0
06/19/2024,Maintenence payment,,,"-$1,650.00","$47,526.00",0
08/10/2024,RENT PAYMENT (MONTHLY),,,"-$2,375.00","$9,353.00",1
06/20/2025,Building Management,,,$400.00,"$14,567.00",0
05/10/2024,Service fee + insurance,,,"-$2,800.00","$10,912.00",0
09/05/2024,RENT|AUTO,,,-$675.00,"$45,079.00",1
06/01/2025,HOA fee + tax,,,-$100.00,"$43,561.00",0
12/28/2025,Periodic domicile remittance,,,"-$2,550.00","$40,511.00",1
08/02/2024,Unit payment including maintenance,,,"-$1,975.00","$43,659.00",1
05/06/2025,ACH to Johnson LLC,,,"-$1,800.00","$22,388.00",0
12/10/2024,Zelle to Davis,,,-$900.00,"$44,767.00",0
02/01/2024,CHARGE - RECURRING,,,-$250.00,"$44,666.00",0
11/06/2025,Recurring 1st week (Unit 22A),,,"-$2,250.00","$7,431.00",1
02/18/2024,SERVICE - MONTHLY,,,-$500.00,"$5,036.00",0
03/09/2024,Bi-weekly housing,,,-$600.00,"$41,801.00",0
07/08/2025,Maintenance fee + tax,,,"-$1,600.00","$33,950.00",0
01/05/2024,Residential payment 5th monthly,,,"-$1,700.00","$31,592.00",1
05/23/2025,Apart from rent - maintenance,,,-$100.00,"$27,752.00",0
03/27/2025,Additional to rent - fee,,,$150.00,"$9,773.00",0
04/21/2024,FEE - AUTO,,,-$350.00,"$2,553.00",0
07/30/2025,Building payment for residential unit,,,"-$3,000.00","$49,803.00",1
11/23/2024,Separate from rent - deposit,,,"$1,450.00","$36,130.00",0
12/17/2024,Utility fee incl. services,,,-$75.00,"$6,924.00",0
08/31/2025,Property fee,,,-$800.00,"$14,650.00",0
08/28/2025,Subscripton payment,,,-$50.00,"$19,663.00",0
06/06/2024,Monthly housing and utilities bundle,,,"-$2,125.00","$22,442.00",1
02/23/2025,500 Oak Ave payment,,,"-$2,450.00","$29,727.00",1
01/01/2024,Monthly housing and utilities bundle,,,"-$1,425.00","$36,987.00",1
03/09/2024,Mid-month transfer,,,"-$2,125.00","$29,089.00",1
03/29/2025,Monthly payment to John (Unit 29A),,,"-$1,650.00","$25,597.00",1
03/06/2025,Independent of rent - repair,,,-$650.00,"$44,211.00",0
05/17/2025,SERVICE - AUTO,,,-$700.00,"$18,081.00",0
04/06/2025,Transfer to Miller,,,-$100.00,"$1,369.00",0
10/04/2024,Membership Bi-weekly,,,"$1,200.00","$48,099.00",0
12/28/2024,Strata payment,,,"-$2,150.00","$11,540.00",1
08/05/2024,Membership 10th recurring,,,-$200.00,"$9,374.00",0
10/05/2024,Membership Monthly anniversary,,,-$75.00,"$34,795.00",0
11/09/2024,Premises maintenance remittance,,,"-$1,675.00","$21,675.00",1
01/14/2024,ACH to Johnson LLC,,,"$1,400.00","$3,288.00",0
08/02/2024,Flat fee,,,$350.00,"$47,471.00",0
10/07/2025,Lease fee for residential unit,,,"-$1,625.00","$38,516.00",1
08/10/2025,Monthly housing and utilities bundle,,,"-$2,850.00","$14,806.00",1
08/11/2025,Pad payment,,,"-$1,975.00","$15,354.00",1
04/21/2024,Monthly payment to John,,,"-$1,150.00","$43,909.00",1
01/02/2025,Residence fee including amenities,,,-$900.00,"$13,865.00",1
09/07/2025,Unit payment,,,"-$1,400.00","$19,526.00",0
07/04/2024,Lease payment for residential unit,,,"-$2,950.00","$15,959.00",1
09/09/2024,Spot payment,,,"$2,275.00","$26,505.00",1
02/07/2024,Service Last day,,,"-$1,000.00","$5,655.00",0
11/13/2024,Residential facility fee,,,"-$3,050.00","$31,827.00",1
06/30/2025,Rent payment (primary residence),,,"-$1,300.00","$34,458.00",1
02/21/2025,Recurring 1st week,,,"-$1,400.00","$30,341.00",1
07/03/2024,Property fee for residential unit,,,"-$1,500.00","$1,289.00",1
05/05/2024,Building fee,,,"-$1,750.00","$15,631.00",0
03/20/2024,RENT|AUTO,,,"-$2,050.00","$30,430.00",1
04/08/2025,Apart from rent - maintenance,,,-$150.00,"$44,574.00",0
02/04/2024,RENT - APT 5B,,,"$1,150.00","$30,092.00",1
03/24/2025,Real Estate Solutions,,,"$1,000.00","$16,612.00",0
08/02/2024,Rent payment (primary residence),,,"-$2,275.00","$8,259.00",1
09/29/2024,Rent-paymnt,,,"-$1,275.00","$31,496.00",1
07/12/2024,Residential payment 20th periodic,,,"-$3,025.00","$17,958.00",1
04/07/2024,Maintenance fee + insurance,,,-$300.00,"$24,294.00",0
11/03/2024,Membership 20th periodic,,,"$1,000.00","$22,177.00",0
03/05/2025,Accommodation remittance including tax,,,"-$2,950.00","$35,119.00",1
04/16/2024,Utilitie payment,,,-$125.00,"$17,361.00",0
07/10/2025,RENT: UNIT 304,,,"-$1,775.00","$49,236.00",1
05/21/2025,Subscription Quarterly,,,-$75.00,"$35,868.00",0
09/15/2025,Strata payment,,,"-$1,300.00","$15,636.00",1
03/20/2025,Unit fee,,,-$200.00,"$29,070.00",0
09/11/2024,Residential payment 20th periodic,,,"-$1,875.00","$16,797.00",1
07/07/2025,Digs payment,,,"$1,700.00","$24,564.00",1
10/12/2024,Rent-paymnt,,,-$750.00,"$23,101.00",1
06/27/2025,Service Quarterly,,,"-$2,800.00","$42,932.00",0
06/19/2024,Residential payment Quarterly,,,"-$1,125.00","$8,215.00",1
06/13/2024,Subscripton payment,,,"$1,400.00","$17,445.00",0
03/03/2025,Servise payment,,,-$250.00,"$45,861.00",0
10/29/2025,Membership First Monday,,,-$800.00,"$28,080.00",0
08/07/2025,Residential payment 15th auto,,,"-$1,000.00","$48,441.00",1
04/02/2024,Servise payment,,,-$650.00,"$26,674.00",0
12/22/2024,Premises Services (Unit 47A),,,"-$2,600.00","$25,120.00",1
03/06/2024,SERVICE - RECURRING,,,"-$1,200.00","$16,665.00",0
09/24/2024,Rnet payment,,,"-$1,450.00","$2,834.00",1
06/11/2024,Unit letting,,,"-$2,375.00","$20,841.00",1
11/11/2024,Residential payment Semi-monthly,,,"-$2,825.00","$7,570.00",1
05/30/2025,Unit letting,,,"-$1,350.00","$49,440.00",0
03/02/2024,Lodgings remittance,,,"-$1,200.00","$26,292.00",0
10/02/2025,Building Management,,,"-$2,600.00","$36,275.00",0
08/03/2024,Periodic domicile remittance,,,"-$1,900.00","$35,122.00",1
02/08/2025,Besides rent - insurance,,,-$600.00,"$16,996.00",0
07/21/2025,Recurring transfer to Smith (Unit 11C),,,"-$1,925.00","$1,935.00",1
07/31/2024,R3nt fee,,,"-$1,700.00","$19,611.00",1
10/15/2024,Crib fee,,,$100.00,"$17,654.00",0
11/27/2025,Abode disbursement,,,-$700.00,"$16,392.00",1
03/17/2025,Mid-month transfer,,,-$150.00,"$21,850.00",0
03/15/2024,Monthly payment to John,,,"-$1,200.00","$25,796.00",0
06/15/2024,RENT_INVOICE_001,,,-$800.00,"$34,518.00",1
06/23/2025,NOT rent - utilities,,,-$600.00,"$49,985.00",0
11/06/2025,Rentt disbursement,,,"-$1,900.00","$39,740.00",1
10/14/2025,Where I live payment,,,"-$1,725.00","$42,563.00",1
01/23/2025,RENT PAYMENT (MONTHLY),,,"-$1,650.00","$2,566.00",1
02/02/2025,Maintenance fee + insurance,,,-$900.00,"$10,666.00",0
03/16/2025,Complex fee for residential unit,,,"-$1,525.00","$35,395.00",1
12/20/2024,Payment to Wilson,,,-$675.00,"$5,434.00",1
12/04/2025,Rent payment ,,,"-$2,600.00","$16,983.00",1
12/20/2024,Monthly housing and utilities bundle,,,"-$2,125.00","$17,553.00",1
08/27/2024,Service Quarterly,,,-$125.00,"$30,824.00",0
12/31/2024,End of month remittance,,,"-$2,800.00","$20,182.00",0
06/09/2024,Monthly premises fee,,,"-$2,650.00","$43,832.00",1
02/18/2024,Crib fee,,,"-$1,825.00","$29,867.00",1
07/14/2025,Periodic 30th payment,,,-$200.00,"$22,899.00",0
12/01/2024,Rent-paymnt,,,"-$1,425.00","$40,330.00",1
08/25/2024,RENT #2024-001,,,"-$1,400.00","$46,088.00",1
01/09/2025,Periodic domicile remittance,,,"-$2,400.00","$10,958.00",1
07/28/2025,Remittance to Moore (Unit 49C),,,"-$1,475.00","$24,250.00",1
08/03/2024,Pad payment,,,"-$2,800.00","$49,324.00",0
07/14/2024,Monthly payment to John,,,"-$1,500.00","$27,965.00",1
05/11/2024,Letting fee,,,"-$2,600.00","$22,803.00",1
10/05/2024,Residential payment Bi-weekly,,,"-$2,350.00","$2,817.00",1
04/30/2024,Digs payment,,,-$800.00,"$41,258.00",0
05/09/2025,Payment to Wilson,,,"-$1,500.00","$5,700.00",1
05/07/2024,Other than rent - tax,,,"-$1,550.00","$35,594.00",0
06/26/2025,Lease fee,,,-$250.00,"$40,247.00",0
02/18/2025,Unit payment,,,"-$1,950.00","$4,804.00",0
04/26/2025,Debit to Anderson,,,-$50.00,"$13,645.00",0
06/13/2025,Strata payment,,,"-$1,100.00","$45,458.00",0
01/05/2024,Complex charge,,,-$650.00,"$40,826.00",0
05/09/2025,Service 25th standing,,,-$700.00,"$37,629.00",0
08/10/2024,Residence fee including amenities,,,"-$2,075.00","$35,291.00",1
04/15/2025,Building payment for residential unit,,,"-$2,750.00","$16,997.00",1
01/29/2025,SERVICE - AUTO,,,"-$1,000.00","$1,748.00",0
10/01/2025,Ren tpayment,,,"-$1,500.00","$49,529.00",1
02/12/2024,Strata payment,,,"-$2,800.00","$16,514.00",0
12/22/2025,UTILITY - MONTHLY,,,-$350.00,"$48,173.00",0
04/11/2025,Membership 20th periodic,,,-$900.00,"$30,460.00",0
02/07/2024,Premises Services,,,"-$2,100.00","$5,446.00",0
01/08/2025,CHARGE - RECURRING,,,"-$1,400.00","$40,950.00",0
04/06/2024,Utilitie payment,,,-$250.00,"$23,486.00",0
07/29/2024,Membership Last day,,,-$750.00,"$49,877.00",0
10/27/2024,RENT~MONTHLY,,,"-$1,775.00","$19,213.00",1
02/02/2024,Rent payment (apartment),,,"-$1,200.00","$33,955.00",1
11/08/2025,Non-rent housing expense,,,-$700.00,"$7,610.00",0
11/23/2024,Lodgings remittance,,,-$300.00,"$5,596.00",0
02/02/2024,Bi-weekly housing,,,"-$2,825.00","$8,233.00",1
01/29/2025,Lease fee for residential unit,,,"-$1,300.00","$37,256.00",1
08/23/2025,RENT PAYMENT (MONTHLY),,,"-$2,450.00","$35,998.00",1
10/26/2025,Premises Services,,,"-$1,950.00","$35,722.00",0
04/12/2024,Maintenence payment,,,"-$1,200.00","$13,668.00",0
12/31/2025,Recurring 1st week,,,-$350.00,"$14,317.00",0
06/26/2025,Property fee for residential unit,,,"-$2,350.00","$9,077.00",1
09/29/2025,FEE - AUTO,,,-$125.00,"$1,313.00",0
10/05/2024,Ref: RES-UNIT-5B,,,"-$1,875.00","$16,626.00",1
02/22/2024,Rent (missed auto),,,-$775.00,"$40,797.00",1
06/11/2024,Strata payment,,,"-$2,800.00","$22,639.00",0
06/06/2024,Besides rent - insurance,,,-$350.00,"$32,812.00",0
01/18/2025,Invoice: RESIDENCE,,,"-$1,375.00","$22,083.00",1
04/01/2025,Maintenence payment,,,"-$1,000.00","$37,719.00",0
11/13/2025,Rent payment ,,,-$750.00,"$39,467.00",1
12/29/2024,Accommodation remittance including tax,,,-$775.00,"$33,477.00",1
05/03/2024,Digs payment,,,-$950.00,"$15,706.00",0
09/20/2024,Periodic domicile remittance,,,"$1,875.00","$4,858.00",1
10/27/2024,Abode disbursement,,,"-$2,125.00","$31,464.00",1
05/31/2024,NOT rent - utilities,,,"-$1,100.00","$38,726.00",0
04/15/2024,Besides rent - insurance,,,"-$1,650.00","$46,632.00",0
06/10/2024,Pad payment,,,-$50.00,"$36,897.00",0
05/13/2025,Residential payment Last day,,,"-$2,275.00","$12,006.00",1
02/05/2024,Real Estate Solutions,,,-$400.00,"$42,965.00",0
08/11/2025,123 Main St monthly,,,"-$1,675.00","$32,620.00",1
12/09/2024,Rent payment (primary residence),,,"$1,975.00","$34,578.00",1
10/31/2025,Residential facility fee,,,"-$2,150.00","$46,462.00",1
11/23/2024,Rent ;payment,,,"-$1,800.00","$13,109.00",1
03/07/2024,Monthly payment to John,,,"-$1,600.00","$7,133.00",0
06/07/2024,Rent..payment,,,-$775.00,"$29,536.00",1
11/26/2024,Monthly payment to John,,,-$450.00,"$19,200.00",0
10/04/2025,Residential payment 5th monthly,,,"-$2,150.00","$22,950.00",1
12/19/2025,Complex Services,,,-$875.00,"$1,788.00",1
07/21/2025,SERVICE - AUTO,,,-$75.00,"$13,241.00",0
08/16/2024,Lease payment for residential unit,,,"-$2,850.00","$24,389.00",1
01/16/2025,Check #1234 for monthly,,,"-$2,250.00","$49,173.00",0
11/12/2025,Lease fee,,,$50.00,"$41,822.00",0
02/06/2024,Strata payment,,,-$900.00,"$7,069.00",0
07/14/2024,Property remittance for residential unit,,,"-$1,250.00","$40,105.00",1
02/12/2025,Residential Services (Unit 25C),,,"-$1,250.00","$5,122.00",1
03/30/2024,Apart from rent - maintenance,,,-$800.00,"$39,340.00",0
05/01/2025,RENT #2024-001,,,"-$3,000.00","$12,315.00",1
07/21/2024,Bi-weekly housing,,,-$350.00,"$43,360.00",0
11/16/2025,Remittance: DWELLING,,,"-$2,075.00","$18,618.00",1
04/01/2024,Property fee,,,$100.00,"$29,280.00",0
09/11/2024,Debit to Anderson,,,-$150.00,"$30,468.00",0
11/23/2025,Letting fee,,,-$950.00,"$8,087.00",1
08/19/2025,Rant fee,,,"-$2,850.00","$37,408.00",1
09/09/2024,Other than rent - tax,,,"$1,200.00","$43,459.00",0
05/19/2024,RENT|AUTO,,,-$975.00,"$40,418.00",1
01/09/2024,Rent-pay ment,,,-$650.00,"$39,847.00",1
12/03/2024,RENT|AUTO,,,-$800.00,"$2,053.00",1
08/09/2024,Periodic 30th payment (Unit 3C),,,-$900.00,"$47,543.00",1
12/15/2024,Residential payment Bi-weekly,,,"-$2,150.00","$42,599.00",1
04/18/2024,Rant fee,,,-$975.00,"$38,250.00",1
03/04/2025,Debit to Anderson,,,"$1,650.00","$30,361.00",0
09/21/2024,Check #1234 for monthly,,,-$150.00,"$23,722.00",0
02/10/2025,Rnet payment,,,"-$2,250.00","$37,700.00",1
08/21/2025,Subscription Every 30 days,,,"-$1,250.00","$38,927.00",0
01/01/2024,ACH to Johnson LLC,,,"-$1,575.00","$46,013.00",1
05/22/2025,Utilitie payment,,,-$700.00,"$34,573.00",0
08/04/2024,Apartment 12C fee,,,"-$1,800.00","$33,853.00",1
10/24/2024,HOA fee + insurance,,,"-$1,950.00","$48,455.00",0
07/13/2024,Servise payment,,,-$150.00,"$10,682.00",0
07/19/2025,Subscription Last day,,,-$125.00,"$15,258.00",0
01/06/2025,Additional to rent - fee,,,"-$1,200.00","$1,873.00",0
05/31/2025,Transfer to Miller,,,-$400.00,"$15,368.00",0
10/04/2024,Maintenance fee + tax,,,"-$1,800.00","$38,001.00",0
08/26/2025,Residential Services,,,"-$1,875.00","$12,650.00",1
11/11/2025,Service Last day,,,-$800.00,"$16,728.00",0
07/05/2025,End of month remittance,,,-$200.00,"$17,666.00",0
06/29/2025,First of month payment,,,"-$1,850.00","$31,821.00",1
06/13/2024,Residential payment Monthly anniversary,,,"-$1,150.00","$30,776.00",1
03/23/2024,Utility fee + insurance,,,-$150.00,"$2,161.00",0
01/30/2025,Accommodation remittance including tax,,,"-$1,650.00","$24,904.00",1
10/11/2024,My apartment payment,,,"-$1,500.00","$49,692.00",1
07/09/2024,Residential payment Every 30 days,,,"-$1,000.00","$44,449.00",1
04/24/2025,UTILITY - RECURRING,,,$700.00,"$17,843.00",0
05/08/2025,Service fee + tax,,,-$750.00,"$37,130.00",0
06/05/2025,First of month payment,,,"-$2,775.00","$6,566.00",1
04/25/2025,Maintenence payment,,,"-$1,800.00","$49,953.00",0
05/25/2024,Zelle to Davis,,,"-$1,400.00","$9,777.00",0
05/11/2024,Lease fee,,,-$900.00,"$30,896.00",0
01/05/2025,Additional to rent - fee,,,-$950.00,"$35,155.00",0
07/10/2024,Quarterly dwelling,,,-$400.00,"$3,283.00",0
12/29/2025,Lease charge for residential unit,,,"-$1,500.00","$47,629.00",1
07/09/2025,FEE - MONTHLY,,,-$50.00,"$19,701.00",0
12/05/2024,Membership Quarterly,,,"-$1,400.00","$44,475.00",0
04/02/2025,Utilitie payment,,,$600.00,"$17,019.00",0
06/22/2025,Unit remittance for residential unit,,,$725.00,"$21,790.00",1
02/21/2025,Residential Services,,,"$1,800.00","$27,968.00",0
10/22/2025,Non-rent housing expense,,,"-$1,000.00","$29,476.00",0
02/28/2025,Rant fee,,,"-$1,500.00","$48,097.00",1
10/14/2025,Unit remittance,,,"-$2,800.00","$29,719.00",0
08/23/2024,Residential payment 25th standing,,,-$700.00,"$31,187.00",1
05/21/2025,Rent payment (primary residence),,,"-$1,125.00","$34,107.00",1
12/27/2024,Premises Services,,,"-$1,600.00","$38,368.00",0
12/25/2025,Rent payment (apartment),,,"-$1,075.00","$37,054.00",1
01/24/2024,Rant fee,,,"-$1,525.00","$27,725.00",1
09/02/2025,Wire to Thompson,,,"-$2,400.00","$23,295.00",0
09/16/2024,RENT - APT 5B,,,"-$3,025.00","$42,449.00",1
11/10/2025,Letting fee,,,"-$1,550.00","$32,702.00",1
10/06/2024,Wire to Thompson,,,"$1,700.00","$28,757.00",1
12/21/2025,Maintenance fee incl. services,,,$250.00,"$23,631.00",0
04/12/2025,Payment ref: HOUSING-,,,"-$1,100.00","$43,764.00",1
09/19/2024,Transfer to Miller,,,"-$2,125.00","$30,327.00",1
05/24/2025,Other than rent - tax,,,-$150.00,"$22,941.00",0
11/26/2024,Monthly on 15th,,,"-$3,000.00","$7,039.00",0
01/02/2024,Independent of rent - repair,,,-$100.00,"$12,949.00",0
02/26/2025,Apartment 12C fee,,,-$775.00,"$26,842.00",1
12/25/2025,Subscription Semi-monthly,,,-$350.00,"$6,904.00",0
05/02/2024,Servise payment,,,-$400.00,"$28,734.00",0
02/21/2024,Real Estate Solutions,,,"-$2,000.00","$10,463.00",1
11/29/2024,Spot payment,,,-$600.00,"$1,689.00",0
07/27/2025,Utilitie payment,,,"-$1,450.00","$20,499.00",0
01/30/2025,First of month payment,,,$700.00,"$5,717.00",0
11/27/2025,Building payment for residential unit,,,"-$1,375.00","$16,501.00",1
08/09/2025,Lease payment for residential unit,,,"-$1,775.00","$17,755.00",1
08/17/2025,RENT - APT 5B,,,"-$3,000.00","$40,659.00",1
02/06/2025,CHARGE - MONTHLY,,,"-$1,950.00","$10,508.00",0
02/25/2024,Unit charge for residential unit,,,"-$1,950.00","$34,450.00",1
12/30/2025,UTILITY - RECURRING,,,"-$1,350.00","$24,851.00",0
12/05/2025,Rent ;payment,,,"-$1,500.00","$11,491.00",1
10/05/2025,FEE - AUTO,,,"-$1,200.00","$46,676.00",0
12/08/2024,Lease charge for residential unit,,,"-$3,050.00","$3,420.00",1
04/01/2024,Membership Every 30 days,,,"-$1,600.00","$7,297.00",0
10/26/2024,Servise payment,,,"-$1,100.00","$15,214.00",0
08/05/2024,Residential payment Last day,,,"-$2,650.00","$18,158.00",1
01/21/2024,Transfer to Miller,,,-$700.00,"$19,817.00",0
01/03/2025,Rent payment ,,,"$1,150.00","$35,491.00",1
06/25/2024,Maintenence payment,,,-$100.00,"$28,110.00",0
04/29/2025,Rent payment (primary residence),,,"-$1,800.00","$11,167.00",1
12/10/2025,Unit remittance for residential unit,,,"-$2,800.00","$44,789.00",1
03/23/2025,End of month remittance,,,"-$1,150.00","$47,759.00",1
09/14/2025,Residential payment Monthly anniversary,,,"$1,450.00","$36,597.00",1
06/23/2025,Utility fee + insurance,,,$250.00,"$43,527.00",0
11/03/2024,Excluding rent - HOA,,,-$700.00,"$49,334.00",0
09/29/2024,Additional to rent - fee,,,"-$1,100.00","$17,081.00",0
01/11/2024,Residential payment 5th monthly,,,"-$2,800.00","$4,229.00",1
07/06/2025,Rent payment (primary residence),,,"-$1,650.00","$49,966.00",1
07/09/2025,Monthly payment to John,,,-$450.00,"$37,832.00",0
05/13/2025,Place remittance,,,-$350.00,"$39,552.00",0
04/02/2025,Place remittance,,,"-$2,825.00","$26,172.00",1
02/01/2025,Servise payment,,,-$300.00,"$30,011.00",0
08/10/2025,Besides rent - insurance,,,-$250.00,"$10,692.00",0
12/10/2025,Rent payment ,,,"-$2,550.00","$5,867.00",1
01/01/2024,Facility Solutions,,,-$400.00,"$33,685.00",0
10/22/2024,Residential payment 1st of month,,,"-$1,725.00","$19,991.00",1
11/23/2024,Residential payment 1st of month,,,"-$1,575.00","$28,309.00",1
10/01/2025,Rent payment (apartment),,,"-$3,025.00","$5,983.00",1
12/29/2024,Subscription First Monday,,,-$300.00,"$2,053.00",0
08/17/2025,Unit Management,,,-$100.00,"$48,231.00",0
02/02/2025,Rent payment ,,,"-$2,300.00","$35,339.00",1
11/02/2024,Pad payment,,,-$500.00,"$30,667.00",0
09/07/2024,For 303 Parkview,,,"-$1,550.00","$48,367.00",1
03/07/2024,Membership 15th auto,,,"-$2,400.00","$32,243.00",0
10/11/2024,Payment on 1st of month,,,"-$1,450.00","$34,765.00",0
03/31/2025,Unit charge,,,"-$2,800.00","$35,023.00",0
12/06/2024,Complex charge,,,-$150.00,"$3,653.00",0
03/02/2024,Unit payment for residential unit,,,"-$1,750.00","$8,425.00",1
08/23/2024,Property payment,,,"-$3,000.00","$15,687.00",0
11/06/2024,Subscription 20th periodic,,,-$150.00,"$31,759.00",0
05/17/2024,Transfer to Miller (Unit 4B),,,"-$1,725.00","$13,763.00",1
09/19/2025,Membership 25th standing,,,"$1,950.00","$11,251.00",0
12/21/2025,Complex management remittance,,,-$700.00,"$33,033.00",1
10/10/2025,Distinct from rent - service,,,-$150.00,"$13,474.00",0
03/11/2025,Premises Services,,,-$900.00,"$34,781.00",0
03/23/2025,RENT-RECURRING,,,-$700.00,"$38,315.00",1
05/30/2025,FEE - MONTHLY,,,-$75.00,"$24,841.00",0
03/30/2025,Rent(payment),,,"$1,925.00","$48,797.00",1
12/03/2025,Ref: RES-UNIT-5B,,,"-$1,425.00","$10,670.00",1
12/30/2024,Complex Services,,,-$200.00,"$2,028.00",0
09/28/2025,Unit charge,,,-$500.00,"$31,068.00",0
11/23/2024,Unit Management,,,"-$1,750.00","$47,968.00",0
11/17/2025,Complex Services,,,"-$1,000.00","$47,651.00",0
07/24/2024,Utility fee + insurance,,,-$250.00,"$42,068.00",0
05/25/2024,Besides rent - insurance,,,"-$1,600.00","$30,716.00",0
12/23/2024,Housing allocation payment,,,-$775.00,"$30,388.00",1
03/07/2024,Rent-pay ment,,,-$950.00,"$16,881.00",1
01/29/2024,SERVICE - RECURRING,,,"-$1,000.00","$38,300.00",0
04/24/2024,First of month payment,,,"-$1,600.00","$7,778.00",1
09/04/2024,Semi-monthly residence,,,-$700.00,"$35,680.00",0
06/27/2025,Residential Services,,,"$1,200.00","$14,381.00",0
06/12/2025,Subscription Last day,,,"-$1,950.00","$44,693.00",0
02/17/2024,Subscription First Monday,,,-$500.00,"$24,312.00",0
09/06/2024,Maintenence payment,,,-$650.00,"$49,827.00",0
05/07/2025,Subscription 10th recurring,,,-$50.00,"$46,117.00",0
01/27/2024,Habitation remittance with utilities,,,"-$1,800.00","$14,843.00",1
05/11/2025,Place remittance,,,-$500.00,"$4,045.00",0
06/05/2024,Check #1234 for monthly (Unit 19A),,,"-$1,800.00","$49,178.00",1
08/16/2025,Housing Associates,,,-$950.00,"$45,599.00",0
03/29/2024,Property payment for residential unit,,,"-$1,975.00","$43,461.00",1
01/18/2024,Subscripton payment,,,"-$1,800.00","$21,439.00",0
07/19/2025,Unit remittance,,,-$150.00,"$38,400.00",0
10/28/2025,Building fee for residential unit,,,"-$1,450.00","$23,825.00",1
11/25/2025,Payment on 1st of month,,,"-$2,775.00","$32,931.00",1
06/17/2024,Building disbursement for residential unit,,,"-$2,550.00","$35,339.00",1
08/29/2024,Building fee for residential unit,,,"-$1,250.00","$42,684.00",1
02/15/2025,Utilitie payment,,,-$75.00,"$14,875.00",0
10/06/2024,Rent ;payment,,,"-$2,850.00","$28,336.00",1
10/09/2025,Property Services LLC,,,-$125.00,"$25,672.00",0
03/24/2025,123 Main St monthly,,,"-$2,225.00","$1,911.00",1
02/11/2025,Residential payment Bi-weekly,,,"-$2,750.00","$2,167.00",1
10/03/2025,Unit letting,,,-$925.00,"$24,909.00",1
04/13/2024,Building disbursement for residential unit,,,"-$1,575.00","$11,057.00",1
03/25/2025,Debit to Anderson,,,-$500.00,"$29,925.00",0
08/30/2025,Unit letting,,,-$200.00,"$39,273.00",0
05/25/2025,Maintenence payment,,,-$900.00,"$4,927.00",0
05/02/2024,Besides rent - insurance,,,"-$1,800.00","$33,508.00",0
03/10/2025,Place I stay remittance,,,"$1,275.00","$6,405.00",1
09/15/2024,Separate from rent - deposit,,,"-$1,550.00","$7,867.00",0
07/08/2024,Other than rent - tax,,,-$500.00,"$42,475.00",0
09/05/2025,Residential payment Last day,,,"-$1,650.00","$44,244.00",1
08/12/2024,Residential payment Calendar month,,,"-$2,300.00","$39,989.00",1
03/14/2025,Domicile Solutions,,,-$250.00,"$30,113.00",0
08/31/2025,Building disbursement for residential unit,,,"-$1,250.00","$32,144.00",1
01/03/2024,Subscripton payment,,,-$400.00,"$29,610.00",0
10/03/2024,Wire to Thompson,,,-$700.00,"$13,535.00",0
06/07/2024,Building disbursement,,,"-$1,350.00","$29,196.00",0
03/31/2024,Payment to Wilson,,,"-$1,850.00","$1,582.00",1
10/06/2024,Membership Calendar month,,,-$500.00,"$23,234.00",0
01/11/2025,Rent payment (apartment),,,"-$2,550.00","$18,948.00",1
12/14/2025,Periodic domicile remittance,,,"-$2,350.00","$13,330.00",1
11/10/2024,Monthly premises fee,,,"-$1,375.00","$7,902.00",1
06/04/2024,Rent payment ,,,"-$2,225.00","$27,832.00",1
04/04/2025,Rent payment (apartment),,,"-$2,125.00","$41,265.00",1
06/02/2025,Utilitie payment,,,"-$1,400.00","$26,218.00",0
10/17/2025,Maintenence payment,,,"$1,400.00","$19,974.00",0
09/13/2025,Utility fee + tax,,,-$700.00,"$33,434.00",0
02/16/2025,Rent payment (primary residence),,,-$650.00,"$43,541.00",1
03/25/2025,Service fee + tax,,,"-$1,950.00","$47,737.00",0
04/19/2024,Rent payment (apartment),,,-$650.00,"$3,702.00",1
07/21/2025,Rent with included services,,,"-$1,325.00","$21,899.00",1
06/08/2025,Complex management remittance,,,"-$1,950.00","$1,742.00",1
09/12/2024,Rent payment (apartment),,,-$700.00,"$15,554.00",1
07/17/2024,Real Estate Solutions,,,-$350.00,"$16,792.00",0
07/11/2025,Subscription 25th standing,,,-$300.00,"$21,809.00",0
01/23/2024,Unit payment including maintenance,,,-$700.00,"$13,016.00",1
01/24/2025,Building fee for residential unit,,,"$1,900.00","$27,895.00",1
05/26/2024,Lease fee for residential unit,,,"-$2,850.00","$23,078.00",1
10/15/2025,Rent ;payment,,,"$1,125.00","$7,507.00",1
12/11/2024,Facility management disbursement,,,"-$1,050.00","$19,945.00",1
03/20/2024,Lease fee for residential unit,,,"$3,025.00","$2,157.00",1
05/19/2024,Utilitie payment,,,-$75.00,"$43,111.00",0
07/07/2024,CHARGE - AUTO,,,-$600.00,"$35,956.00",0
03/04/2025,Place remittance,,,"$2,000.00","$45,146.00",1
04/26/2024,Building Management,,,"-$2,375.00","$45,951.00",1
03/25/2024,Service Monthly anniversary,,,-$650.00,"$11,161.00",0
02/23/2024,Property fee for residential unit,,,"-$1,275.00","$32,612.00",1
10/09/2025,Payment on 1st of month,,,"-$2,400.00","$22,388.00",1
09/30/2025,Strata payment,,,"-$1,000.00","$12,025.00",0
08/21/2024,Flat fee,,,"-$1,350.00","$38,676.00",0
11/17/2025,Maintenance fee + insurance,,,"-$3,000.00","$45,300.00",0
07/17/2025,Dwelling disbursement plus fees,,,"-$2,400.00","$43,000.00",1
06/02/2025,Place remittance,,,"-$1,650.00","$30,787.00",1
02/28/2024,Rent payment (apartment),,,"-$2,975.00","$18,668.00",1
08/09/2024,Lease charge,,,-$300.00,"$42,846.00",0
10/25/2025,Periodic 30th payment,,,-$450.00,"$24,649.00",0
01/14/2024,RENT~MONTHLY,,,"-$2,200.00","$4,552.00",1
04/28/2024,Rent payment ,,,-$900.00,"$24,761.00",1
10/16/2024,Transfer to Miller (Unit 49B),,,"-$2,150.00","$2,204.00",1
02/19/2024,Complex management remittance,,,-$600.00,"$45,379.00",1
08/01/2024,Unit payment for residential unit,,,"$2,075.00","$26,114.00",1
12/04/2025,Tenancy payment,,,"-$1,950.00","$26,318.00",1
08/20/2024,Housing Associates,,,$125.00,"$11,234.00",0
04/17/2024,Invoice: RESIDENCE,,,-$875.00,"$39,147.00",1
11/20/2024,Other than rent - tax,,,-$75.00,"$44,638.00",0
01/30/2024,Pad payment,,,"-$1,750.00","$29,899.00",0
10/14/2025,Property remittance for residential unit,,,"-$1,450.00","$6,703.00",1
03/18/2025,Wire to Thompson,,,-$650.00,"$13,171.00",0
05/05/2025,Subscription 1st of month,,,-$700.00,"$12,044.00",0
08/18/2025,Zelle to Davis,,,-$500.00,"$19,844.00",0
11/11/2025,Unit fee for residential unit,,,"-$1,875.00","$23,094.00",1
06/03/2024,Remittance: DWELLING,,,"-$2,400.00","$8,996.00",1
06/23/2025,Distinct from rent - service,,,"-$1,600.00","$35,347.00",0
02/14/2025,RENT|AUTO,,,"-$1,400.00","$7,939.00",1
04/26/2024,Payment to Wilson,,,-$200.00,"$20,186.00",0
01/08/2025,CHARGE - RECURRING,,,"-$1,350.00","$49,566.00",0
09/27/2024,Semi-monthly residence,,,-$50.00,"$22,048.00",0
11/21/2024,Maintenance fee + insurance,,,-$650.00,"$43,567.00",0
05/19/2025,Rent payment ,,,"-$2,200.00","$14,519.00",1
04/26/2024,Residence disbursement,,,"-$2,225.00","$6,929.00",1
04/10/2025,Transfer to Miller,,,"-$2,450.00","$28,649.00",1
01/13/2024,Premises Services,,,-$100.00,"$49,223.00",0
10/24/2024,CHARGE - AUTO,,,-$75.00,"$37,238.00",0
10/24/2024,Facility management disbursement,,,"-$1,525.00","$46,121.00",1
11/06/2024,Residential payment Every 30 days,,,-$800.00,"$32,000.00",1
10/25/2024,HOA fee + tax,,,-$350.00,"$9,318.00",0
03/04/2024,Dwelling disbursement plus fees,,,"-$1,050.00","$28,703.00",1
02/13/2025,Complex Services,,,"-$1,600.00","$46,986.00",0
09/20/2025,Payment to Wilson,,,-$700.00,"$33,456.00",0
03/10/2025,Zelle to Davis,,,"-$2,100.00","$18,716.00",0
01/10/2024,Additional to rent - fee,,,"-$1,800.00","$46,287.00",0
05/02/2025,Residential payment Quarterly,,,-$925.00,"$20,044.00",1
09/04/2024,Utility fee + insurance,,,"-$1,200.00","$42,875.00",0
07/02/2025,Additional to rent - fee,,,-$800.00,"$37,531.00",0
01/15/2024,Recurring 1st week,,,"-$1,550.00","$33,657.00",1
08/31/2024,Transfer to Miller,,,"-$2,375.00","$40,517.00",1
02/05/2024,Residential Services,,,"-$1,000.00","$24,777.00",0
03/19/2024,Premises fee with service charge,,,"-$1,700.00","$1,268.00",1
04/30/2025,Dwelling remittance,,,"-$2,600.00","$37,504.00",1
10/02/2024,Maintenance fee + tax,,,"-$1,850.00","$23,944.00",0
08/07/2025,ACH to Johnson LLC,,,"-$1,000.00","$26,596.00",0
06/01/2025,Zelle to Davis,,,"-$1,600.00","$19,875.00",0
03/12/2025,Residential payment 5th monthly,,,-$900.00,"$18,655.00",1
12/07/2025,Rent..payment,,,"-$1,925.00","$34,606.00",1
06/06/2025,Residential payment Every 30 days,,,-$775.00,"$14,197.00",1
05/05/2024,Monthly on 15th,,,"-$2,300.00","$10,145.00",1
06/13/2024,ACH to Johnson LLC (Unit 25B),,,"-$2,375.00","$46,228.00",1
06/15/2025,RENT-RECURRING,,,-$975.00,"$31,178.00",1
09/24/2024,Place I stay remittance,,,"-$1,275.00","$33,411.00",1
05/27/2024,Payment on 1st of month,,,"-$2,400.00","$7,634.00",1
06/03/2024,Payment to Wilson,,,"-$1,450.00","$18,098.00",0
01/13/2025,Premises fee with service charge,,,-$900.00,"$19,840.00",1
12/16/2024,Property management remittance,,,"-$2,975.00","$22,627.00",1
10/18/2025,RENT - APT 5B,,,"-$3,000.00","$49,443.00",1
05/21/2025,Service fee + insurance,,,-$400.00,"$14,818.00",0
08/22/2025,Unit remittance,,,-$300.00,"$28,674.00",0
05/10/2024,Tenancy payment,,,"-$1,450.00","$44,234.00",1
09/02/2024,Monthly housing and utilities bundle,,,-$900.00,"$13,302.00",1
11/23/2025,Bi-weekly housing,,,-$350.00,"$35,424.00",0
12/29/2025,Utilitie payment,,,-$200.00,"$9,264.00",0
08/21/2024,RENT - APT 5B,,,"-$2,825.00","$35,322.00",1
12/21/2025,CHARGE - MONTHLY,,,"-$1,400.00","$7,869.00",0
05/06/2025,500 Oak Ave payment,,,"-$1,900.00","$35,024.00",1
05/06/2025,Residence fee including amenities,,,"-$1,400.00","$49,536.00",1
05/23/2024,Unit fee for residential unit,,,"-$2,550.00","$40,063.00",1
04/02/2025,Abode disbursement,,,"$1,400.00","$36,615.00",1
10/03/2024,Servise payment,,,"-$2,250.00","$43,599.00",0
08/24/2024,Tenancy payment,,,-$300.00,"$44,984.00",0
08/11/2025,Wire to Thompson,,,-$400.00,"$3,042.00",0
05/14/2025,UTILITY - MONTHLY,,,$450.00,"$22,096.00",0
07/28/2024,Residential payment Bi-weekly,,,-$900.00,"$2,797.00",1
08/01/2025,Rent with included services,,,"-$2,600.00","$9,931.00",1
05/18/2025,Distinct from rent - service,,,-$200.00,"$49,255.00",0
08/12/2024,Additional to rent - fee,,,-$700.00,"$16,391.00",0
02/04/2024,Rent payment ,,,"-$1,975.00","$33,336.00",1
10/22/2025,RENT-RECURRING,,,"-$1,325.00","$38,556.00",1
03/17/2025,Residence fee including amenities,,,"-$3,000.00","$15,432.00",1
09/01/2025,Zelle to Davis,,,"-$1,350.00","$16,097.00",1
05/19/2025,HOA fee + tax,,,-$250.00,"$14,841.00",0
02/28/2025,For 303 Parkview,,,"-$2,975.00","$1,954.00",1
01/14/2025,Letting fee,,,-$950.00,"$18,714.00",0
12/10/2025,Remittance to Moore,,,$700.00,"$16,979.00",0
01/03/2025,RENT_INVOICE_001,,,$775.00,"$9,808.00",1
12/09/2024,Rant remittance,,,"-$1,975.00","$8,841.00",1
01/25/2024,RENT PAYMENT (MONTHLY),,,-$800.00,"$36,961.00",1
08/27/2024,Building disbursement for residential unit,,,-$700.00,"$40,615.00",1
07/06/2025,FEE - RECURRING,,,$450.00,"$30,274.00",0
04/02/2025,Wire to Thompson (Unit 21B),,,$750.00,"$25,242.00",1
03/05/2025,Other than rent - tax,,,-$50.00,"$8,670.00",0
10/23/2025,Additional to rent - fee,,,"-$1,600.00","$3,322.00",0
03/14/2024,Payment to Wilson,,,-$850.00,"$23,879.00",1
01/31/2025,Monthly housing and utilities bundle,,,"-$2,950.00","$18,810.00",1
01/02/2025,Building payment,,,-$50.00,"$20,254.00",0
01/24/2024,Residential Services (Unit 23B),,,"-$2,275.00","$14,831.00",1
07/02/2025,FEE - MONTHLY,,,-$500.00,"$37,149.00",0
10/15/2024,Unit remittance for residential unit,,,"-$1,775.00","$6,449.00",1
06/27/2025,Invoice: RESIDENCE,,,"-$1,700.00","$34,236.00",1
06/23/2024,Residence fee including amenities,,,"-$1,950.00","$44,114.00",1
03/02/2024,Tenancy payment,,,-$500.00,"$21,203.00",0
04/21/2024,Unit payment for residential unit,,,"-$2,200.00","$17,824.00",1
10/09/2025,Rent payment (primary residence),,,"-$2,425.00","$48,299.00",1
07/12/2024,UTILITY - AUTO,,,-$75.00,"$11,243.00",0
05/04/2024,Unit letting,,,"-$2,350.00","$21,138.00",1
04/12/2024,Other than rent - tax,,,-$400.00,"$19,537.00",0
10/21/2025,Place remittance,,,-$200.00,"$44,534.00",0
07/08/2024,Place remittance,,,-$800.00,"$16,864.00",1
10/09/2025,First of month payment,,,$350.00,"$40,039.00",0
08/15/2025,Rent payment (apartment),,,"-$1,800.00","$18,442.00",1
06/26/2025,Subscription Semi-monthly,,,-$50.00,"$21,285.00",0
12/13/2024,FEE - RECURRING,,,-$300.00,"$11,136.00",0
07/27/2025,Subscripton payment,,,"-$2,400.00","$32,353.00",0
11/13/2025,HOA fee + insurance,,,-$350.00,"$14,485.00",0
06/27/2025,Transfer to Miller,,,-$350.00,"$37,890.00",0
07/04/2025,Rent payment (primary residence),,,"-$1,150.00","$21,094.00",1
03/21/2025,CHARGE - RECURRING,,,-$600.00,"$6,348.00",0
09/07/2025,Real Estate Solutions (Unit 17A),,,"-$1,800.00","$41,056.00",1
04/25/2024,Rent payment (apartment),,,"-$2,350.00","$24,267.00",1
04/03/2025,Unit disbursement,,,-$50.00,"$29,578.00",0
08/28/2025,Unit payment including maintenance,,,"-$2,350.00","$19,184.00",1
05/03/2025,Service Calendar month,,,"-$2,250.00","$31,675.00",0
05/18/2024,Residential payment Every 30 days,,,-$600.00,"$19,487.00",1
09/24/2025,Payment on 1st of month,,,"-$1,600.00","$22,017.00",0
11/27/2024,Housing Associates,,,"-$1,800.00","$18,505.00",0
12/31/2024,Building disbursement,,,"$1,800.00","$45,113.00",0
08/03/2024,Property Services LLC,,,-$350.00,"$22,886.00",0
08/01/2025,RENT - DO NOT DELETE,,,-$675.00,"$49,085.00",1
05/13/2024,Spot payment,,,-$150.00,"$45,056.00",0
03/02/2024,Membership Bi-weekly,,,-$350.00,"$49,193.00",0
02/16/2025,Residential Services,,,-$700.00,"$42,695.00",0
04/20/2025,Rent payment (primary residence),,,"-$1,600.00","$40,325.00",1
07/20/2024,Utility fee + tax,,,-$900.00,"$7,724.00",0
12/29/2024,Facility Solutions,,,-$800.00,"$19,231.00",0
04/18/2024,Other than rent - tax,,,"-$1,400.00","$26,532.00",0
11/27/2025,Rent payment (primary residence),,,-$675.00,"$23,485.00",1
12/18/2024,Building administration fee,,,-$850.00,"$32,223.00",1
05/06/2025,Apartment payment + parking,,,"-$1,300.00","$4,019.00",1
06/20/2025,Residential facility fee,,,"-$1,700.00","$14,664.00",1
11/02/2024,Periodic 30th payment,,,-$700.00,"$19,265.00",0
04/10/2024,Tenancy payment,,,-$600.00,"$41,029.00",0
04/30/2024,Apartment payment + parking,,,"-$3,000.00","$18,225.00",1
09/10/2024,Abode disbursement,,,"-$2,775.00","$40,292.00",1
09/26/2024,Rent payment (primary residence),,,"-$3,000.00","$6,381.00",1
01/29/2024,RENT - DO NOT DELETE,,,"$2,950.00","$40,501.00",1
03/18/2025,Maintenance fee + tax,,,$250.00,"$13,378.00",0
05/08/2025,Building fee for residential unit,,,"-$1,300.00","$26,225.00",1
04/30/2025,Rant remittance,,,"-$1,700.00","$22,266.00",1
09/06/2024,Monthly premises fee,,,"-$2,275.00","$45,812.00",1
04/09/2025,Tenancy payment,,,"-$1,925.00","$22,627.00",1
07/21/2024,Building Management,,,"-$1,600.00","$43,902.00",0
11/22/2025,Servise payment,,,"-$2,800.00","$47,360.00",0
08/26/2025,FEE - AUTO,,,-$100.00,"$29,586.00",0
06/18/2024,Condo fee,,,-$350.00,"$41,407.00",0
02/23/2024,Building Management,,,"-$1,300.00","$41,660.00",1
11/17/2024,First of month payment,,,"-$1,750.00","$5,869.00",0
05/24/2024,Tenancy remittance,,,"-$1,500.00","$1,521.00",1
04/14/2024,Lodgings remittance,,,"-$1,600.00","$46,119.00",0
04/12/2025,Monthly premises fee,,,"-$2,100.00","$7,533.00",1
09/27/2025,Property payment,,,"-$3,000.00","$14,698.00",0
11/08/2025,Dwelling remittance,,,"-$1,800.00","$26,930.00",1
08/18/2024,Service 5th monthly,,,-$750.00,"$47,912.00",0
11/11/2025,Dwelling disbursement plus fees,,,"-$2,975.00","$30,557.00",1
02/28/2025,Subscription Monthly anniversary,,,-$950.00,"$46,888.00",0
08/06/2024,Besides rent - insurance,,,"-$1,600.00","$3,902.00",0
01/06/2024,My apartment payment,,,"-$2,975.00","$6,029.00",1
06/12/2024,Residential payment Quarterly,,,"$1,500.00","$28,258.00",1
08/01/2024,Flat fee,,,"-$1,600.00","$27,401.00",1
06/24/2024,Residential payment 25th standing,,,-$850.00,"$36,552.00",1
10/10/2024,RENT: UNIT 304,,,-$900.00,"$3,027.00",1
11/06/2024,Unit charge for residential unit,,,"$1,725.00","$47,381.00",1
08/08/2025,Residential payment Semi-monthly,,,"-$2,050.00","$10,902.00",1
02/19/2025,Service fee incl. services,,,$350.00,"$33,400.00",0
09/13/2025,NOT rent - utilities,,,-$450.00,"$22,776.00",0
06/02/2024,Property payment,,,-$50.00,"$21,290.00",0
09/24/2024,Subscripton payment,,,"-$1,400.00","$46,367.00",0
04/22/2024,Subscripton payment,,,-$450.00,"$49,413.00",0
05/25/2025,Rant fee,,,-$950.00,"$7,365.00",1
02/26/2024,Unit payment,,,-$100.00,"$22,647.00",0
05/16/2025,Wire to Thompson,,,-$600.00,"$22,371.00",0
09/25/2024,Remittance to Moore (Unit 20B),,,"$1,150.00","$18,077.00",1
02/18/2025,Rent payment (apartment),,,-$700.00,"$46,873.00",1
02/14/2024,Periodic 30th payment,,,-$125.00,"$44,117.00",0
06/30/2024,Other than rent - tax,,,"-$1,600.00","$20,222.00",0
09/17/2024,Apartment 12C fee,,,"-$2,550.00","$1,365.00",1
01/26/2025,Utility fee + insurance,,,"-$2,100.00","$18,345.00",0
03/12/2025,Lease fee for residential unit,,,"-$1,075.00","$43,634.00",1
02/04/2025,Non-rent housing expense,,,-$75.00,"$31,080.00",0
11/26/2024,Remittance: DWELLING,,,"-$2,050.00","$30,960.00",1
04/23/2024,Utilitie payment,,,$50.00,"$37,280.00",0
07/02/2024,Flat fee,,,-$500.00,"$41,968.00",0
05/09/2025,NOT rent - utilities,,,-$700.00,"$7,051.00",0
06/30/2024,Digs payment,,,"-$1,700.00","$17,970.00",1
01/11/2024,Residential payment Semi-monthly,,,"-$1,050.00","$30,653.00",1
01/07/2025,Abode payment plus insurance,,,"-$1,425.00","$31,399.00",1
12/05/2025,Complex Services,,,-$750.00,"$39,272.00",0
10/20/2024,HOA fee incl. services,,,"-$1,200.00","$6,937.00",0
11/18/2025,Ren tpayment,,,"-$1,925.00","$15,167.00",1
04/08/2024,Utilitie payment,,,-$150.00,"$3,522.00",0
02/17/2025,RENT PAYMENT (MONTHLY),,,-$775.00,"$30,994.00",1
08/19/2024,Residential payment 25th standing,,,"-$1,900.00","$9,077.00",1
03/24/2025,UTILITY - RECURRING,,,"-$3,000.00","$23,755.00",0
07/16/2024,Unit fee,,,-$150.00,"$25,622.00",0
07/11/2024,Service Monthly anniversary,,,"-$1,750.00","$24,565.00",0
07/16/2025,Residential payment 1st of month,,,"-$2,000.00","$41,142.00",1
07/26/2025,CHARGE - MONTHLY,,,"-$1,800.00","$7,350.00",0
10/13/2025,RENT: UNIT 304,,,-$700.00,"$29,640.00",1
11/26/2024,Strata payment,,,$400.00,"$16,784.00",0
01/28/2024,Rent (missed auto),,,"-$2,050.00","$21,524.00",1
01/02/2024,Subscripton payment,,,-$75.00,"$45,776.00",0
04/26/2025,Unit payment for residential unit,,,"-$1,650.00","$41,016.00",1
10/12/2025,RENT_INVOICE_001,,,"-$2,775.00","$31,794.00",1
05/09/2024,Rent payment (apartment),,,"-$2,950.00","$30,848.00",1
09/26/2024,Complex payment,,,-$50.00,"$22,013.00",0
05/01/2024,RENT|AUTO,,,"-$1,775.00","$32,601.00",1
07/09/2025,Letting fee,,,"-$2,800.00","$21,149.00",1
01/26/2025,Wire to Thompson,,,-$675.00,"$21,626.00",1
07/07/2024,Residence disbursement,,,"-$2,800.00","$25,234.00",1
04/29/2024,Wire to Thompson (Unit 6A),,,"-$2,300.00","$45,072.00",1
01/14/2024,Utilitie payment,,,-$250.00,"$46,326.00",0
06/27/2025,Residence fee including amenities,,,"-$2,550.00","$7,067.00",1
04/14/2024,Recurring 1st week,,,-$50.00,"$3,733.00",0
01/17/2025,Residential Services,,,"-$1,400.00","$15,173.00",0
04/29/2025,Rent payment (apartment),,,"-$1,125.00","$39,267.00",1
04/03/2025,Building Management,,,"-$1,600.00","$10,886.00",0
07/01/2024,UTILITY - RECURRING,,,-$75.00,"$3,973.00",0
03/23/2024,Periodic 30th payment,,,-$125.00,"$20,469.00",0
05/20/2024,Abode payment plus insurance,,,-$900.00,"$29,197.00",1
08/15/2025,Zelle to Davis,,,$700.00,"$23,933.00",0
03/27/2024,Habitation remittance with utilities,,,"$1,550.00","$37,170.00",1
01/11/2025,For 303 Parkview,,,"$3,000.00","$20,237.00",1
12/19/2025,Payment on 1st of month,,,-$125.00,"$38,941.00",0
02/24/2025,Servise payment,,,-$650.00,"$14,775.00",0
08/15/2024,Abode payment plus insurance,,,"-$1,400.00","$26,335.00",1
05/28/2024,Unit remittance for residential unit,,,"-$2,350.00","$2,589.00",1
09/08/2024,Subscripton payment,,,-$600.00,"$3,628.00",0
10/29/2025,Recurring transfer to Smith,,,-$200.00,"$34,176.00",0
03/12/2025,Complex Services,,,$50.00,"$32,819.00",0
06/26/2025,Unit 7B monthly,,,"-$2,575.00","$3,828.00",1
01/31/2024,End of month remittance,,,"-$1,400.00","$33,767.00",0
10/08/2025,Habitation remittance with utilities,,,"-$1,000.00","$26,963.00",1
04/16/2024,123 Main St monthly,,,"-$2,075.00","$35,563.00",1
06/01/2025,Residence fee including amenities,,,"$2,150.00","$26,376.00",1
01/15/2024,Property fee for residential unit,,,"-$2,650.00","$11,461.00",1
08/25/2025,First of month payment,,,-$200.00,"$18,449.00",0
11/26/2024,Letting fee,,,-$700.00,"$30,464.00",0
06/09/2024,Residence fee including amenities,,,"-$2,300.00","$15,217.00",1
02/12/2024,Strata payment,,,"-$1,350.00","$1,287.00",1
09/21/2024,Complex Services,,,-$800.00,"$18,807.00",0
07/16/2024,Semi-monthly residence,,,"$2,825.00","$31,006.00",1
01/31/2025,Abode disbursement,,,"-$1,300.00","$34,053.00",1
03/08/2025,Rent ;payment,,,"-$2,100.00","$42,940.00",1
10/12/2025,Service fee incl. services,,,-$50.00,"$1,564.00",0
03/31/2025,Crib fee,,,"-$1,725.00","$9,304.00",1
06/22/2025,Letting fee,,,-$400.00,"$21,973.00",0
07/07/2025,Service 5th monthly,,,"-$1,800.00","$6,100.00",0
06/20/2024,Subscription 5th monthly,,,-$450.00,"$32,488.00",0
09/15/2024,Periodic 30th payment,,,-$125.00,"$30,463.00",0
02/09/2024,Lease fee for residential unit,,,"-$2,125.00","$35,594.00",1
01/15/2024,Membership First Monday,,,-$350.00,"$1,888.00",0
12/06/2024,Rent payment (primary residence),,,"-$2,125.00","$40,314.00",1
06/07/2025,HOA fee + insurance,,,"-$1,750.00","$20,706.00",0
09/26/2024,Property remittance for residential unit,,,"-$1,975.00","$12,708.00",1
04/19/2025,Recurring 1st week,,,"-$1,500.00","$2,538.00",1
11/17/2024,Residential payment 20th periodic,,,-$925.00,"$29,723.00",1
07/24/2025,Rent payment (apartment),,,"$2,575.00","$41,379.00",1
07/26/2024,RENT>>PAYMENT,,,"-$2,625.00","$24,471.00",1
03/09/2025,HOA fee + tax,,,"-$1,400.00","$6,693.00",0
08/20/2024,Property payment for residential unit,,,"-$2,400.00","$4,395.00",1
07/24/2024,Non-rent housing expense,,,-$400.00,"$27,897.00",0
05/07/2025,Real Estate Solutions (Unit 26A),,,-$700.00,"$29,046.00",1
10/19/2024,UTILITY - AUTO,,,-$750.00,"$6,477.00",0
02/18/2024,Unit letting,,,"-$1,950.00","$39,854.00",1
11/12/2024,Building fee,,,-$950.00,"$35,008.00",0
02/13/2025,First of month payment,,,-$900.00,"$43,651.00",0
01/05/2024,Residential payment 25th standing,,,"-$1,225.00","$45,222.00",1
12/03/2025,Service 15th auto,,,-$900.00,"$8,143.00",0
02/10/2025,Property fee,,,"-$1,400.00","$30,323.00",0
10/04/2025,Crib fee,,,"-$1,900.00","$33,419.00",1
08/06/2024,Dwelling disbursement plus fees,,,-$625.00,"$2,471.00",1
10/03/2024,Building Management,,,-$700.00,"$21,323.00",0
11/18/2025,Excluding rent - HOA,,,$700.00,"$4,989.00",0
07/16/2024,Semi-monthly residence,,,-$900.00,"$6,353.00",0
01/16/2024,Real Estate Solutions,,,"-$1,400.00","$37,007.00",0
12/17/2024,Lease fee,,,-$450.00,"$4,888.00",0
03/12/2024,Maintenance fee + tax,,,"-$1,000.00","$11,793.00",0
02/20/2024,RENT: UNIT 304,,,"-$1,950.00","$2,341.00",1
10/04/2025,Residential payment 10th recurring,,,"-$2,425.00","$20,327.00",1
08/20/2024,Recurring 1st week,,,-$150.00,"$45,505.00",0
06/21/2025,Independent of rent - repair,,,"-$1,800.00","$4,525.00",0
04/28/2025,Subscription 10th recurring,,,"-$1,800.00","$18,953.00",0
06/02/2024,Servise payment,,,-$650.00,"$42,144.00",0
01/23/2024,Apartment 12C fee,,,"-$2,300.00","$12,386.00",1
08/15/2025,Tenancy payment,,,"-$1,950.00","$9,432.00",1
03/09/2025,Property payment for residential unit,,,"$2,350.00","$12,792.00",1
06/12/2025,Letting fee,,,-$450.00,"$38,550.00",0
01/05/2025,Rent-pay ment,,,"-$1,525.00","$23,986.00",1
12/24/2024,Service Quarterly,,,$300.00,"$19,037.00",0
04/23/2025,Abode payment plus insurance,,,-$675.00,"$15,185.00",1
09/02/2024,Pad payment,,,"-$1,625.00","$30,478.00",1
11/29/2024,HOA fee + tax,,,"-$1,250.00","$7,603.00",0
07/05/2024,Unit remittance for residential unit,,,"-$1,000.00","$17,779.00",1
05/22/2025,Membership Bi-weekly,,,-$250.00,"$30,866.00",0
05/14/2025,Tenancy remittance,,,"-$2,200.00","$43,291.00",1
10/15/2025,Rent payment ,,,"-$1,925.00","$27,520.00",1
09/18/2024,Rent/payment,,,"-$1,325.00","$30,688.00",1
01/04/2024,Residential payment First Monday,,,"-$2,550.00","$33,183.00",1
05/07/2025,Place remittance,,,"-$1,475.00","$34,889.00",1
05/21/2025,Service fee incl. services,,,"-$3,000.00","$13,790.00",0
08/02/2025,FEE - RECURRING,,,-$350.00,"$39,419.00",0
06/03/2025,Residential payment First Monday,,,"-$2,975.00","$27,199.00",1
09/11/2025,Facility management disbursement,,,"-$1,800.00","$48,415.00",1
06/18/2024,Other than rent - tax,,,-$800.00,"$49,561.00",0
04/11/2024,Building disbursement,,,"-$1,350.00","$43,441.00",0
08/10/2025,Service 15th auto,,,-$250.00,"$22,592.00",0
03/06/2024,HOA fee incl. services,,,-$125.00,"$42,317.00",0
05/25/2024,Tenancy remittance,,,-$600.00,"$35,625.00",1
11/11/2024,Maintenance fee incl. services,,,-$650.00,"$42,713.00",0
11/29/2024,Semi-monthly residence,,,"-$2,075.00","$46,886.00",1
12/04/2024,Residential payment First Monday,,,"-$2,000.00","$48,853.00",1
10/10/2025,Crib fee,,,$200.00,"$33,632.00",0
11/22/2025,CHARGE - MONTHLY,,,-$200.00,"$41,043.00",0
11/20/2024,ACH to Johnson LLC,,,"-$1,550.00","$14,527.00",0
05/17/2024,UTILITY - RECURRING,,,-$450.00,"$7,358.00",0
10/28/2025,Payment on 1st of month,,,"-$1,600.00","$8,539.00",0
11/06/2025,Monthly on 15th,,,"-$1,400.00","$43,706.00",0
06/29/2024,Service fee incl. services,,,"$3,000.00","$47,961.00",0
05/19/2025,Rent payment (apartment),,,-$850.00,"$15,976.00",1
06/24/2025,Lease payment,,,-$75.00,"$36,496.00",0
12/23/2024,Dwelling remittance,,,-$625.00,"$35,816.00",1
04/08/2025,Monthly payment to John,,,-$900.00,"$19,207.00",0
02/28/2025,Non-rent housing expense,,,"-$1,600.00","$31,088.00",0
01/10/2024,Subscription Every 30 days,,,-$75.00,"$1,096.00",0
01/02/2024,Residential payment Last day,,,"-$1,850.00","$46,507.00",1
04/17/2025,Property fee,,,-$500.00,"$48,521.00",0
08/25/2025,Premises fee with service charge,,,"-$1,600.00","$23,122.00",1
03/19/2025,Pad payment,,,-$625.00,"$4,572.00",1
03/12/2025,Servise payment,,,-$125.00,"$2,535.00",0
04/10/2024,FEE - MONTHLY,,,-$800.00,"$1,831.00",0
07/27/2024,Maintenence payment,,,-$200.00,"$33,161.00",0
10/12/2025,RENT-RECURRING,,,"-$1,150.00","$38,716.00",1
04/24/2024,Unit fee,,,-$750.00,"$8,979.00",0
09/10/2025,Residential Services,,,"-$3,000.00","$8,760.00",0
04/16/2025,Accommodation remittance including tax,,,"-$2,425.00","$45,219.00",1
04/16/2024,Rental payment,,,"-$2,125.00","$41,758.00",1
11/20/2025,Building Management,,,-$350.00,"$10,746.00",0
09/11/2025,RENT|AUTO,,,"-$1,400.00","$33,118.00",1
12/30/2025,Apart from rent - maintenance,,,"-$1,200.00","$17,774.00",0
04/11/2025,Property fee for residential unit,,,"-$2,625.00","$29,233.00",1
04/02/2025,Residential payment Bi-weekly,,,"-$1,225.00","$3,343.00",1
03/07/2024,FEE - RECURRING,,,-$450.00,"$8,579.00",0
08/09/2024,Unit remittance for residential unit,,,-$800.00,"$26,025.00",1
06/18/2025,Service 20th periodic,,,"-$2,800.00","$20,252.00",0
11/11/2024,Service Quarterly,,,"-$1,800.00","$22,368.00",0
08/04/2025,Payment on 1st of month (Unit 14C),,,$950.00,"$27,759.00",1
04/25/2025,Residential payment 5th monthly,,,"-$1,400.00","$41,059.00",1
01/08/2025,Habitation remittance,,,"-$1,475.00","$2,535.00",1
10/09/2024,Residential payment Semi-monthly,,,-$750.00,"$21,006.00",1
09/04/2025,Mid-month transfer,,,-$500.00,"$22,535.00",0
09/11/2025,Rent(payment),,,"-$1,525.00","$38,003.00",1
12/21/2025,Residence fee including amenities,,,"-$1,275.00","$36,055.00",1
01/22/2024,Unit payment including maintenance,,,-$775.00,"$35,251.00",1
10/25/2024,Unit charge for residential unit,,,"-$2,125.00","$26,476.00",1
04/15/2024,Rent payment (primary residence),,,"-$1,150.00","$1,128.00",1
04/25/2025,Monthly payment to John,,,-$450.00,"$23,586.00",0
10/13/2024,Residential payment 1st of month,,,"-$1,600.00","$32,753.00",1
12/19/2025,Other than rent - tax,,,-$750.00,"$24,953.00",0
06/16/2025,RENT: UNIT 304,,,"-$2,250.00","$40,902.00",1
07/01/2024,Maintenence payment,,,"$1,600.00","$28,482.00",0
10/22/2025,Subscription Semi-monthly,,,"-$1,400.00","$34,164.00",0
07/04/2024,Residential payment 5th monthly,,,"-$2,950.00","$9,931.00",1
08/25/2024,Quarterly dwelling,,,"$1,600.00","$30,036.00",0
12/15/2025,Utilitie payment,,,"-$1,200.00","$45,498.00",0
03/08/2025,Digs payment,,,"-$1,850.00","$46,490.00",1
09/19/2024,Lodgings remittance,,,-$100.00,"$8,680.00",0
11/16/2024,Habitation remittance with utilities,,,"-$2,425.00","$7,530.00",1
04/15/2024,Unit Management,,,-$500.00,"$17,280.00",0
07/28/2024,Rent payment ,,,"-$2,575.00","$16,873.00",1
04/18/2025,Complex fee for residential unit,,,"-$1,725.00","$48,013.00",1
05/30/2024,Payment to Wilson,,,-$925.00,"$49,638.00",1
08/12/2025,FEE - RECURRING,,,-$200.00,"$15,594.00",0
01/20/2024,Recurring 1st week,,,-$350.00,"$22,369.00",0
11/08/2024,Rentt disbursement,,,"-$1,600.00","$45,481.00",1
06/15/2025,Property payment for residential unit,,,"-$1,900.00","$12,776.00",1
04/07/2025,Invoice #APT2024-001,,,"-$1,250.00","$31,345.00",1
01/24/2025,Domicile disbursement,,,"-$1,850.00","$45,331.00",1
03/04/2025,Housing allocation payment,,,$875.00,"$25,462.00",1
03/06/2024,Housing allocation payment,,,"-$1,125.00","$15,092.00",1
04/07/2024,FEE - RECURRING,,,-$900.00,"$46,741.00",0
08/04/2024,Utilitie payment,,,$300.00,"$39,525.00",0
01/09/2024,Place remittance,,,-$450.00,"$39,228.00",0
06/29/2024,Rent..payment,,,"-$1,500.00","$22,633.00",1
12/05/2025,Servise payment,,,"-$1,800.00","$18,683.00",0
12/06/2024,Payment on 1st of month,,,-$450.00,"$12,077.00",0
01/13/2024,Crib fee,,,"-$1,350.00","$17,802.00",1
05/14/2024,Crib fee,,,"-$2,600.00","$5,926.00",0
02/15/2024,Membership Last day,,,"-$1,400.00","$40,244.00",0
12/14/2024,Housing Associates,,,"-$1,100.00","$5,627.00",0
05/29/2024,Membership Bi-weekly,,,"-$1,250.00","$25,461.00",0
04/18/2024,Servise payment,,,-$700.00,"$24,612.00",0
09/04/2025,Property remittance,,,-$200.00,"$39,094.00",0
09/20/2025,Unit remittance,,,-$250.00,"$36,802.00",0
11/24/2025,Residential payment Bi-weekly,,,"$2,650.00","$3,035.00",1
04/03/2024,RENT - APT 5B,,,"-$2,200.00","$49,794.00",1
07/28/2024,Rnet payment,,,"-$1,475.00","$34,265.00",1
07/25/2025,Maintenance fee + insurance,,,-$350.00,"$9,803.00",0
07/22/2024,Bi-weekly housing,,,"-$2,425.00","$14,920.00",1
03/15/2024,Rant fee,,,"-$2,550.00","$16,265.00",1
12/16/2025,Mid-month transfer,,,"-$1,400.00","$32,995.00",0
01/19/2025,Place remittance,,,"-$2,800.00","$3,159.00",0
06/22/2025,RENT~MONTHLY,,,"-$1,575.00","$6,996.00",1
04/17/2024,Building administration fee,,,"-$1,900.00","$21,261.00",1
01/08/2024,Debit to Anderson,,,-$850.00,"$8,426.00",0
01/18/2024,Complex charge,,,-$150.00,"$36,680.00",0
03/22/2024,Pad payment,,,"-$1,200.00","$2,592.00",1
04/29/2024,Unit remittance,,,"-$1,950.00","$38,121.00",0
01/10/2024,Digs payment,,,-$900.00,"$5,551.00",1
09/08/2025,Service fee + insurance,,,-$100.00,"$12,134.00",0
07/18/2024,Letting fee,,,-$825.00,"$3,096.00",1
01/31/2024,RENT|AUTO,,,-$900.00,"$5,898.00",1
02/01/2025,Utility fee incl. services,,,-$300.00,"$31,502.00",0
05/26/2024,SERVICE - MONTHLY,,,"-$1,800.00","$46,620.00",0
03/20/2025,Rant remittance,,,"-$1,825.00","$14,553.00",1
01/28/2024,Housing Associates,,,-$200.00,"$5,471.00",0
11/15/2024,RENT>>PAYMENT,,,"$1,575.00","$32,807.00",1
02/06/2024,RENT_INVOICE_001,,,-$850.00,"$15,505.00",1
01/31/2024,Condo fee,,,"-$1,300.00","$39,436.00",1
10/27/2024,Residential payment First Monday,,,"-$1,600.00","$14,207.00",1
08/03/2025,HOA fee + insurance,,,-$450.00,"$15,568.00",0
08/18/2024,Maintenance fee + insurance,,,-$350.00,"$39,538.00",0
05/31/2025,Monthly payment to John,,,-$50.00,"$26,680.00",0
11/29/2025,Property payment for residential unit,,,-$700.00,"$29,214.00",1
10/25/2025,Complex management remittance,,,"$1,800.00","$2,165.00",1
08/14/2025,Payment on 1st of month,,,"-$1,850.00","$45,270.00",1
02/01/2025,FEE - AUTO,,,"-$2,600.00","$43,310.00",0
05/23/2024,Monthly payment to John (Unit 23A),,,"$2,650.00","$1,456.00",1
01/17/2024,UTILITY - RECURRING,,,"-$1,750.00","$49,691.00",0
02/03/2025,RENT~MONTHLY,,,"-$2,400.00","$19,387.00",1
04/06/2024,SERVICE - AUTO,,,$150.00,"$42,110.00",0
07/19/2024,Subscripton payment,,,-$500.00,"$42,710.00",0
06/17/2024,Semi-monthly residence,,,$50.00,"$37,418.00",0
03/23/2024,SERVICE - RECURRING,,,-$450.00,"$20,356.00",0
09/15/2024,Debit to Anderson,,,"-$2,350.00","$39,144.00",1
10/29/2024,Unit charge,,,-$400.00,"$2,004.00",0
02/20/2024,Tenancy remittance,,,"-$2,150.00","$31,832.00",1
11/18/2024,Rent payment (primary residence),,,"-$1,125.00","$39,895.00",1
07/27/2024,Non-rent housing expense,,,-$75.00,"$38,060.00",0
09/24/2024,Lease charge for residential unit,,,-$950.00,"$44,582.00",1
03/28/2025,Periodic 30th payment,,,-$250.00,"$8,362.00",0
03/01/2024,Utilitie payment,,,"-$1,250.00","$14,248.00",0
07/11/2024,ACH to Johnson LLC,,,"-$1,225.00","$38,748.00",1
11/02/2024,Subscription First Monday,,,-$350.00,"$17,208.00",0
09/20/2025,Mid-month transfer,,,"-$1,200.00","$8,445.00",0
07/11/2024,Service fee incl. services,,,$600.00,"$2,723.00",0
08/22/2025,Rent payment (apartment),,,"$1,875.00","$9,953.00",1
01/26/2025,Payment to Wilson,,,"-$2,425.00","$37,372.00",1
01/26/2025,Semi-monthly residence,,,$75.00,"$4,799.00",0
10/26/2025,RENT #2024-001,,,"-$1,500.00","$11,173.00",1
04/24/2025,SERVICE - AUTO,,,"-$1,100.00","$42,198.00",0
04/19/2024,Complex Services,,,-$150.00,"$1,734.00",0
07/09/2024,Residential payment Quarterly,,,"-$2,825.00","$37,989.00",1
07/03/2025,Rant fee,,,"-$3,050.00","$23,864.00",1
06/26/2025,RENT>>PAYMENT,,,-$750.00,"$29,381.00",1
08/12/2024,SERVICE - MONTHLY,,,-$300.00,"$2,216.00",0
03/17/2025,Premises fee with service charge,,,"-$2,000.00","$46,130.00",1
08/18/2025,RENT: UNIT 304,,,-$650.00,"$33,086.00",1
08/15/2025,Rent payment (apartment),,,"-$1,875.00","$21,089.00",1
12/24/2025,Bi-weekly housing,,,$700.00,"$8,625.00",0
09/10/2024,Place remittance,,,-$700.00,"$21,000.00",0
04/29/2024,Rent..payment,,,"-$1,750.00","$28,827.00",1
09/05/2025,Service Semi-monthly,,,"-$1,400.00","$15,849.00",0
05/02/2025,Payment to Wilson,,,"-$2,350.00","$42,595.00",1
08/07/2025,Monthly housing and utilities bundle,,,"-$1,775.00","$22,046.00",1
09/28/2024,Accommodation disbursement,,,"-$1,625.00","$30,381.00",1
06/14/2025,Service fee + tax,,,"-$1,400.00","$46,558.00",0
10/18/2025,Unit payment including maintenance,,,-$750.00,"$42,108.00",1
08/20/2025,Lease obligation payment,,,"-$1,250.00","$16,580.00",1
09/03/2024,Besides rent - insurance,,,-$800.00,"$15,277.00",0
06/22/2025,Residential payment 15th auto,,,"-$1,600.00","$45,168.00",1
05/02/2024,SERVICE - RECURRING,,,"-$1,650.00","$12,178.00",0
03/31/2025,Building Management,,,"-$1,450.00","$19,387.00",1
12/23/2024,Subscripton payment,,,$400.00,"$13,713.00",0
10/29/2025,Complex management remittance,,,"-$2,650.00","$12,542.00",1
02/16/2025,Payment on 1st of month,,,"-$2,600.00","$18,598.00",0
07/15/2025,Check #1234 for monthly (Unit 43B),,,"-$2,450.00","$7,818.00",1
01/17/2025,Membership 1st of month,,,"-$1,000.00","$18,340.00",0
06/04/2025,Monthly housing and utilities bundle,,,"-$1,100.00","$27,355.00",1
07/23/2025,Lodgings remittance,,,"-$2,050.00","$18,190.00",1
02/04/2024,Membership Monthly anniversary,,,-$800.00,"$14,213.00",0
09/25/2024,Spot payment,,,-$900.00,"$30,584.00",1
06/04/2024,Digs payment,,,"-$2,550.00","$1,442.00",1
01/04/2024,Rent..payment,,,"-$2,575.00","$8,336.00",1
02/15/2025,Residential Services (Unit 12C),,,"-$2,375.00","$27,681.00",1
07/27/2024,RENT~MONTHLY,,,"-$1,075.00","$46,586.00",1
07/25/2025,Real estate management fee,,,"-$1,400.00","$46,113.00",1
02/04/2024,Residential payment 5th monthly,,,"-$1,375.00","$27,744.00",1
10/29/2025,Complex Services,,,"-$2,450.00","$1,874.00",1
06/07/2025,Rent payment (apartment),,,-$675.00,"$46,280.00",1
06/27/2025,Letting fee,,,-$450.00,"$6,772.00",0
05/07/2025,Lodgings remittance,,,"-$1,000.00","$40,949.00",0
09/08/2025,Habitation remittance with utilities,,,"$2,975.00","$4,792.00",1
07/07/2024,Rent..payment,,,"-$2,550.00","$38,497.00",1
09/12/2024,Digs payment,,,-$700.00,"$16,923.00",0
02/13/2024,Rent payment (apartment),,,"-$1,700.00","$45,506.00",1
12/14/2024,Rent payment (apartment),,,"$1,225.00","$46,548.00",1
05/25/2025,Tenancy payment,,,"-$1,400.00","$6,547.00",0
12/21/2025,Service Calendar month,,,"-$1,200.00","$20,323.00",0
04/17/2024,Service Calendar month,,,-$75.00,"$28,513.00",0
10/18/2024,Rental payment,,,"-$2,600.00","$15,029.00",1
07/11/2025,HOA fee incl. services,,,-$100.00,"$9,515.00",0
04/15/2025,Membership 1st of month,,,-$700.00,"$43,608.00",0
10/17/2025,Transfer to Miller,,,-$700.00,"$4,226.00",0
01/03/2025,Maintenence payment,,,-$100.00,"$17,450.00",0
03/01/2025,Rent payment (apartment),,,"-$1,425.00","$25,348.00",1
03/28/2024,Subscription Bi-weekly,,,-$500.00,"$32,566.00",0
06/21/2025,Unit remittance,,,"-$1,600.00","$16,316.00",0
03/16/2024,Crib fee,,,"-$1,000.00","$20,112.00",0
07/08/2025,SERVICE - MONTHLY,,,"-$1,600.00","$19,484.00",0
10/02/2024,Monthly payment to John (Unit 25B),,,-$725.00,"$32,417.00",1
09/24/2025,Unit charge for residential unit,,,"-$1,900.00","$16,345.00",1
02/24/2025,Wire to Thompson,,,"-$1,400.00","$34,287.00",0
11/07/2024,Payment to Wilson (Unit 11B),,,"-$2,750.00","$25,597.00",1
11/22/2024,UTILITY - AUTO,,,-$700.00,"$39,901.00",0
01/04/2024,SERVICE - AUTO,,,-$250.00,"$41,794.00",0
02/03/2024,Facility Solutions,,,-$500.00,"$3,805.00",0
02/17/2025,Property payment for residential unit,,,"-$1,850.00","$35,172.00",1
08/05/2024,Utility fee + tax,,,-$900.00,"$23,339.00",0
03/01/2024,FEE - RECURRING,,,-$900.00,"$19,602.00",0
02/22/2024,Letting fee,,,$675.00,"$8,630.00",1
11/21/2025,FEE - MONTHLY,,,-$100.00,"$46,410.00",0
10/27/2024,Real Estate Solutions,,,"-$2,300.00","$6,545.00",1
08/06/2024,Recurring 1st week,,,$600.00,"$22,505.00",0
12/06/2024,FEE - RECURRING,,,-$600.00,"$13,487.00",0
07/03/2024,Additional to rent - fee,,,-$250.00,"$11,315.00",0
09/14/2025,Subscripton payment,,,"-$1,400.00","$36,830.00",0
06/10/2025,Rent payment (primary residence),,,"-$2,650.00","$8,076.00",1
10/16/2025,Residential Services,,,-$300.00,"$18,045.00",0
04/17/2024,First of month payment,,,"-$3,000.00","$30,503.00",0
06/17/2024,First of month payment,,,"-$1,300.00","$46,078.00",1
10/28/2024,ACH to Johnson LLC,,,"-$1,350.00","$47,725.00",0
12/04/2024,UTILITY - MONTHLY,,,"-$1,950.00","$37,504.00",0
05/14/2024,Subscription 1st of month,,,"-$1,800.00","$30,277.00",0
03/28/2025,Habitation remittance with utilities,,,-$900.00,"$16,475.00",1
05/12/2025,Separate from rent - deposit,,,-$900.00,"$44,019.00",0
05/11/2024,Rentt disbursement,,,"-$1,600.00","$15,294.00",1
03/22/2024,Condo fee,,,-$450.00,"$8,750.00",0
01/31/2024,RENT #2024-001,,,"-$1,750.00","$11,697.00",1
11/01/2024,Quarterly dwelling,,,"-$3,000.00","$38,448.00",0
05/03/2024,Housing Associates,,,-$600.00,"$35,138.00",0
06/02/2025,HOA fee incl. services,,,-$50.00,"$28,779.00",0
08/01/2025,Residential payment 20th periodic,,,"-$1,000.00","$22,204.00",1
09/30/2025,Recurring transfer to Smith,,,"-$1,650.00","$13,206.00",1
02/24/2024,Additional to rent - fee,,,-$400.00,"$32,484.00",0
03/06/2024,Property Services LLC,,,-$350.00,"$37,019.00",0
10/10/2024,Subscription First Monday,,,-$100.00,"$9,120.00",0
01/25/2025,Servise payment,,,$800.00,"$3,030.00",0
11/17/2024,Rent payment (apartment),,,-$900.00,"$43,384.00",1
07/01/2025,Independent of rent - repair,,,-$50.00,"$2,926.00",0
07/14/2024,Crib fee,,,"-$1,400.00","$22,122.00",1
04/07/2025,CHARGE - AUTO,,,-$400.00,"$17,045.00",0
05/05/2025,Rant fee,,,"-$2,625.00","$27,632.00",1
06/24/2025,Separate from rent - deposit,,,-$300.00,"$26,711.00",0
06/30/2025,Lease obligation payment,,,"-$1,325.00","$27,874.00",1
11/06/2024,Accommodation remittance including tax,,,"-$2,625.00","$40,979.00",1
02/16/2025,Building payment,,,"-$1,400.00","$21,499.00",0
02/07/2025,End of month remittance (Unit 17C),,,"-$1,750.00","$8,139.00",1
01/24/2025,Semi-monthly residence,,,"-$1,200.00","$46,916.00",0
06/27/2025,Dwelling disbursement plus fees,,,"-$2,575.00","$2,544.00",1
01/20/2024,Property fee for residential unit,,,"-$1,700.00","$24,258.00",1
06/21/2025,Separate from rent - deposit,,,-$850.00,"$15,318.00",0
04/01/2024,Ren tpayment,,,"-$1,100.00","$18,850.00",1
11/16/2024,Habitation remittance with utilities,,,"-$2,600.00","$10,528.00",1
03/09/2025,Tenancy payment,,,"-$1,800.00","$48,725.00",0
09/04/2024,Periodic 30th payment,,,"-$1,625.00","$37,137.00",1
09/19/2024,Subscripton payment,,,-$600.00,"$48,008.00",0
08/12/2025,RENT_INVOICE_001,,,-$775.00,"$1,910.00",1
03/20/2024,Tenancy payment,,,"-$2,375.00","$42,840.00",1
01/12/2025,SERVICE - RECURRING,,,"-$1,800.00","$24,724.00",0
03/15/2025,Servise payment,,,-$75.00,"$19,379.00",0
04/10/2025,HOA fee + insurance,,,-$400.00,"$40,452.00",0
12/23/2025,Residential payment Semi-monthly,,,-$950.00,"$22,885.00",1
12/13/2024,RENT #2024-001,,,"-$1,250.00","$29,165.00",1
06/29/2025,Unit payment including maintenance,,,-$675.00,"$34,500.00",1
09/11/2024,Rent-pay ment,,,"-$1,675.00","$5,783.00",1
09/20/2024,Rent-paymnt,,,"-$1,600.00","$49,184.00",1
01/19/2024,Unit remittance,,,"-$1,850.00","$21,661.00",0
03/03/2025,Utilitie payment,,,-$650.00,"$43,249.00",0
04/21/2024,End of month remittance,,,-$500.00,"$42,889.00",0
06/08/2024,Unit payment,,,"-$2,800.00","$21,275.00",0
09/02/2025,Rent (missed auto),,,"-$1,150.00","$21,998.00",1
11/19/2025,Premises Services,,,-$200.00,"$14,808.00",0
08/11/2025,Unit fee for residential unit,,,"-$2,450.00","$1,989.00",1
12/01/2025,Monthly payment to John,,,-$75.00,"$48,915.00",0
07/09/2024,Rentt disbursement,,,"-$1,925.00","$22,680.00",1
12/27/2025,Property payment,,,-$600.00,"$20,761.00",0
01/15/2025,Property payment,,,-$800.00,"$16,036.00",0
09/08/2025,Rental payment,,,"-$1,300.00","$45,698.00",1
03/22/2024,Membership Bi-weekly,,,-$500.00,"$35,783.00",0
06/26/2025,Residential payment 1st of month,,,"-$3,000.00","$48,581.00",1
09/10/2025,Rent payment ,,,-$600.00,"$37,861.00",1
01/05/2025,Maintenance fee + insurance,,,"-$1,800.00","$30,549.00",0
12/15/2024,SERVICE - AUTO,,,-$450.00,"$31,654.00",0
08/02/2024,Residential payment First Monday,,,"-$1,000.00","$34,264.00",1
12/31/2024,Flat fee,,,-$75.00,"$3,088.00",0
02/05/2024,Rent payment (apartment),,,"-$1,050.00","$39,366.00",1
04/18/2025,Residential payment 15th auto,,,"-$2,950.00","$18,019.00",1
05/06/2025,Membership 15th auto,,,"-$1,650.00","$17,737.00",0
01/14/2024,Service fee incl. services,,,-$125.00,"$36,482.00",0
05/03/2024,Domicile disbursement,,,"-$1,375.00","$12,783.00",1
02/08/2025,Dwelling disbursement plus fees,,,"-$1,125.00","$42,852.00",1
03/01/2025,Maintenance fee + insurance,,,-$100.00,"$38,561.00",0
12/20/2024,Property Services LLC,,,"-$1,050.00","$7,972.00",1
01/12/2024,Residence fee including amenities,,,"-$1,900.00","$35,399.00",1
07/01/2024,Periodic domicile remittance,,,"-$2,950.00","$33,262.00",1
03/12/2024,CHARGE - RECURRING,,,-$350.00,"$25,758.00",0
10/30/2024,Lodging remittance,,,-$975.00,"$14,910.00",1
11/03/2024,Building payment for residential unit,,,"-$1,575.00","$25,954.00",1
02/06/2025,Payment ref: HOUSING-,,,"$1,475.00","$35,626.00",1
03/15/2024,Unit Management (Unit 4B),,,"-$1,300.00","$44,299.00",1
04/27/2025,Utility fee incl. services,,,-$125.00,"$49,159.00",0
02/04/2025,Payment on 1st of month,,,-$700.00,"$25,272.00",0
01/08/2025,NOT rent - utilities,,,-$300.00,"$42,184.00",0
11/23/2024,Maintenance fee + insurance,,,"-$1,600.00","$2,358.00",0
05/09/2025,Strata payment,,,"-$1,950.00","$3,816.00",1
10/22/2024,Complex payment for residential unit,,,"-$1,350.00","$2,625.00",1
09/18/2025,SERVICE - MONTHLY,,,-$800.00,"$11,086.00",0
04/24/2025,Building payment,,,-$800.00,"$41,374.00",0
10/24/2024,Utilitie payment,,,-$700.00,"$6,286.00",0
04/27/2025,RENT PAYMENT (MONTHLY),,,"-$1,300.00","$23,869.00",1
04/01/2024,Rent payment ,,,"-$1,925.00","$2,912.00",1
09/21/2024,Crib fee,,,-$700.00,"$34,785.00",1
12/12/2025,Wire to Thompson,,,-$500.00,"$47,012.00",0
03/02/2024,Building disbursement for residential unit,,,"-$2,275.00","$7,548.00",1
03/31/2025,Complex management remittance,,,"-$2,550.00","$35,786.00",1
11/06/2025,RENT-RECURRING,,,"$2,075.00","$9,434.00",1
12/07/2024,Residential Services,,,"-$2,200.00","$30,622.00",1
02/08/2025,Strata payment,,,"-$2,100.00","$49,377.00",1
04/13/2024,Semi-monthly residence,,,-$300.00,"$21,372.00",0
07/16/2025,Digs payment,,,"$1,800.00","$23,465.00",0
11/21/2024,Rent payment (primary residence),,,"-$2,850.00","$42,948.00",1
05/08/2025,SERVICE - AUTO,,,"-$1,400.00","$26,280.00",0
08/17/2024,Rent..payment,,,"-$1,475.00","$2,974.00",1
09/28/2024,Monthly housing and utilities bundle,,,"-$1,800.00","$43,342.00",1
12/25/2024,Residence fee including amenities,,,"-$1,925.00","$4,798.00",1
05/14/2025,Subscription 10th recurring,,,"-$1,400.00","$24,684.00",0
12/04/2025,Service fee + tax,,,"-$1,000.00","$9,238.00",0
03/20/2025,First of month payment,,,-$850.00,"$48,787.00",1
02/11/2025,Periodic 30th payment,,,"-$3,000.00","$24,026.00",0
10/16/2025,Rental payment,,,"-$1,350.00","$14,423.00",1
09/12/2024,Lease charge,,,$75.00,"$33,687.00",0
09/22/2025,Service fee + insurance,,,"-$1,550.00","$28,813.00",0
01/31/2025,End of month remittance,,,"-$1,200.00","$2,349.00",0
10/19/2024,Excluding rent - HOA,,,"-$1,600.00","$35,620.00",0
11/05/2024,Letting fee,,,"-$1,300.00","$7,831.00",1
11/19/2025,Recurring 1st week,,,"-$1,650.00","$35,485.00",0
01/21/2025,Invoice: RESIDENCE,,,"-$1,325.00","$13,271.00",1
06/17/2025,Monthly on 15th,,,"-$1,200.00","$27,373.00",0
09/29/2024,Abode disbursement,,,"-$2,250.00","$31,645.00",1
12/15/2024,Servise payment,,,-$400.00,"$34,819.00",0
04/27/2024,Excluding rent - HOA,,,-$100.00,"$7,836.00",0
01/15/2025,Apartment payment + parking,,,"-$2,800.00","$43,100.00",1
01/30/2024,Maintenence payment,,,-$50.00,"$29,811.00",0
11/30/2025,Lease charge,,,-$75.00,"$36,040.00",0
06/14/2025,Transfer to Miller,,,"-$1,200.00","$30,893.00",0
02/17/2024,Besides rent - insurance,,,-$250.00,"$12,564.00",0
09/19/2024,Building fee for residential unit,,,"-$2,850.00","$2,013.00",1
01/08/2025,RENT #2024-001,,,-$975.00,"$24,124.00",1
02/21/2025,Payment to Wilson,,,"-$3,000.00","$3,136.00",0
10/26/2024,Premises fee with service charge,,,"-$1,500.00","$45,598.00",1
10/06/2025,Premises Services,,,"-$1,450.00","$19,463.00",1
11/21/2025,Payment ref: HOUSING-,,,"-$2,350.00","$29,995.00",1
12/15/2025,Property Services LLC,,,$600.00,"$13,755.00",0
08/27/2025,Ref: RES-UNIT-5B,,,"-$1,650.00","$17,541.00",1
06/22/2025,Housing allocation payment,,,-$700.00,"$11,484.00",1
08/02/2025,Unit payment including maintenance,,,"-$1,500.00","$26,497.00",1
07/23/2025,Utilitie payment,,,-$150.00,"$28,576.00",0
11/25/2024,Residential Services,,,"-$1,800.00","$9,486.00",0
06/21/2024,Semi-monthly residence,,,"$2,075.00","$3,867.00",1
07/21/2025,For 303 Parkview,,,-$600.00,"$37,156.00",1
01/08/2024,Monthly housing and utilities bundle,,,$650.00,"$30,888.00",1
07/13/2025,Residential payment Calendar month,,,"-$2,625.00","$48,484.00",1
02/22/2024,Residential payment 15th auto,,,-$675.00,"$36,546.00",1
03/10/2025,Lodgings remittance,,,"-$1,225.00","$39,687.00",1
01/22/2025,Service Last day,,,-$125.00,"$46,666.00",0
08/15/2025,Residential payment 1st of month,,,"-$2,200.00","$45,496.00",1
04/10/2025,Rent(payment),,,"-$1,300.00","$11,137.00",1
08/09/2024,Complex charge,,,-$400.00,"$26,588.00",0
07/26/2025,Crib fee,,,"-$2,825.00","$18,650.00",1
12/25/2024,Utility fee incl. services,,,-$150.00,"$16,712.00",0
01/06/2025,FEE - RECURRING,,,-$150.00,"$18,206.00",0
11/01/2025,Complex Services,,,"-$2,100.00","$40,313.00",0
12/24/2024,Lease fee for residential unit,,,"-$1,825.00","$42,696.00",1
08/24/2025,Rent payment (primary residence),,,"-$3,050.00","$4,742.00",1
03/07/2024,Apart from rent - maintenance,,,-$450.00,"$3,762.00",0
04/20/2025,Strata payment,,,-$950.00,"$18,252.00",1
03/13/2024,Pad payment,,,-$975.00,"$34,641.00",1
12/11/2024,Maintenence payment,,,"-$1,200.00","$17,873.00",0
02/15/2024,Lodgings remittance,,,"-$2,075.00","$34,866.00",1
12/20/2024,Utilitie payment,,,$900.00,"$4,657.00",0
12/30/2024,Rent payment ,,,$900.00,"$19,692.00",1
11/04/2025,Habitation remittance with utilities,,,"-$2,250.00","$44,096.00",1
12/04/2024,Property payment for residential unit,,,"-$2,150.00","$46,060.00",1
03/10/2025,UTILITY - MONTHLY,,,-$125.00,"$8,288.00",0
08/04/2024,Unit remittance for residential unit,,,"-$1,525.00","$43,304.00",1
05/10/2025,Utility fee + tax,,,-$750.00,"$43,655.00",0
05/22/2024,Building payment,,,"-$1,850.00","$32,001.00",0
06/12/2024,CHARGE - RECURRING,,,-$400.00,"$4,562.00",0
12/07/2024,Rent payment (apartment),,,"-$2,850.00","$41,499.00",1
11/21/2025,Facility management disbursement,,,"-$1,450.00","$21,145.00",1
06/01/2025,Where I live payment,,,"-$1,050.00","$11,281.00",1
01/16/2024,Lease fee for residential unit,,,"-$1,875.00","$29,358.00",1
05/28/2025,RENT-RECURRING,,,"-$1,875.00","$24,411.00",1
05/22/2024,Property remittance,,,"-$1,200.00","$36,429.00",0
01/26/2024,Subscripton payment,,,$600.00,"$32,257.00",0
11/04/2025,Rent payment (apartment),,,"-$2,350.00","$4,360.00",1
06/28/2024,Building payment for residential unit,,,"-$1,950.00","$17,339.00",1
10/19/2024,Rent payment (apartment),,,"-$1,825.00","$42,643.00",1
10/21/2024,Other than rent - tax,,,-$125.00,"$3,308.00",0
11/13/2025,Servise payment,,,-$250.00,"$22,945.00",0
03/08/2024,Pad payment,,,"-$1,900.00","$43,266.00",1
01/07/2025,Maintenance fee + insurance,,,"-$1,400.00","$35,373.00",0
11/12/2025,Semi-monthly residence,,,"-$1,100.00","$44,760.00",1
04/18/2025,Utilitie payment,,,-$950.00,"$25,735.00",0
12/14/2025,Maintenence payment,,,-$250.00,"$36,750.00",0
08/30/2025,Pad payment,,,"-$1,125.00","$17,927.00",1
12/01/2025,Rent payment (primary residence),,,"$2,400.00","$14,467.00",1
05/06/2025,Lease charge,,,"-$1,200.00","$28,388.00",0
02/04/2025,Residence fee including amenities,,,"-$2,625.00","$26,106.00",1
11/19/2024,Letting fee,,,"-$1,200.00","$41,521.00",0
10/11/2025,Unit charge,,,-$800.00,"$42,955.00",0
11/24/2024,ACH to Johnson LLC (Unit 27A),,,"-$1,850.00","$33,118.00",1
03/04/2024,Payment on 1st of month,,,"-$1,200.00","$23,020.00",0
07/04/2025,Subscripton payment,,,-$700.00,"$7,165.00",0
03/01/2025,Digs payment,,,-$775.00,"$30,558.00",1
04/21/2024,Rent ;payment,,,"-$1,450.00","$21,122.00",1
06/24/2024,Rent/payment,,,"-$1,550.00","$12,300.00",1
06/29/2024,RENT|AUTO,,,-$725.00,"$21,922.00",1
03/20/2024,Subscription Monthly anniversary,,,-$200.00,"$14,609.00",0
04/15/2024,Membership 20th periodic,,,-$150.00,"$9,768.00",0
12/18/2025,Zelle to Davis,,,-$125.00,"$3,182.00",0
06/21/2025,Rnet payment,,,"-$1,900.00","$32,758.00",1
08/25/2024,FEE - MONTHLY,,,-$250.00,"$12,892.00",0
08/01/2024,Real Estate Solutions,,,-$600.00,"$42,832.00",0
08/29/2025,RENT~MONTHLY,,,-$725.00,"$7,202.00",1
03/31/2024,Payment on 1st of month,,,-$300.00,"$7,246.00",0
05/13/2024,HOA fee incl. services,,,"-$1,650.00","$12,106.00",0
02/22/2024,Service fee incl. services,,,-$300.00,"$11,077.00",0
09/19/2024,My unit disbursement,,,"-$1,825.00","$27,581.00",1
04/28/2024,Residential payment Semi-monthly,,,-$600.00,"$43,993.00",1
04/29/2025,Complex fee for residential unit,,,"-$1,350.00","$33,231.00",1
01/18/2025,Rent payment (apartment),,,"-$1,425.00","$24,442.00",1
09/02/2024,Pad payment,,,"-$1,100.00","$14,755.00",0
10/31/2024,Unit letting,,,"-$1,400.00","$23,625.00",0
05/15/2025,Servise payment,,,-$250.00,"$41,877.00",0
02/19/2025,Monthly housing and utilities bundle,,,"-$3,000.00","$17,506.00",1
01/14/2025,Building Management,,,"-$2,100.00","$26,669.00",0
11/26/2024,Place remittance,,,"-$1,600.00","$43,305.00",0
11/26/2024,Unit letting,,,"-$1,400.00","$47,645.00",0
06/16/2024,Remittance to Moore (Unit 17A),,,-$600.00,"$46,232.00",1
08/10/2025,Residential occupancy fee,,,"-$2,150.00","$7,601.00",1
01/25/2025,Ren tpayment,,,"-$2,950.00","$6,957.00",1
05/30/2024,SERVICE - AUTO,,,"-$1,100.00","$37,292.00",0
11/26/2025,UTILITY - RECURRING,,,-$50.00,"$19,845.00",0
11/01/2024,Payment to Wilson,,,"-$1,650.00","$10,742.00",0
12/08/2025,Domicile disbursement,,,-$600.00,"$9,481.00",1
06/23/2025,Membership 10th recurring,,,-$200.00,"$5,022.00",0
08/03/2025,Quarterly dwelling,,,-$300.00,"$40,594.00",0
01/24/2025,Facility Solutions,,,"-$1,550.00","$46,634.00",0
02/21/2025,Subscripton payment,,,"-$2,800.00","$40,064.00",0
04/14/2025,Flat fee,,,$250.00,"$1,227.00",0
01/01/2024,Monthly housing and utilities bundle,,,-$775.00,"$16,563.00",1
02/26/2024,Zelle to Davis,,,-$125.00,"$31,794.00",0
03/07/2025,Housing allocation payment,,,"-$2,075.00","$20,102.00",1
09/04/2025,HOA fee incl. services,,,-$800.00,"$48,597.00",0
12/08/2025,Lease charge for residential unit,,,"-$1,050.00","$11,890.00",1
06/18/2024,Wire to Thompson,,,"-$1,425.00","$6,420.00",1
05/27/2025,Residential payment 25th standing,,,"-$1,225.00","$40,412.00",1
01/29/2025,Tenancy remittance,,,"$3,000.00","$3,776.00",1
10/11/2024,Wire to Thompson,,,"-$1,225.00","$11,147.00",1
01/13/2025,Unit payment,,,"-$1,000.00","$15,451.00",0
12/15/2025,Monthly housing and utilities bundle,,,"$1,575.00","$46,491.00",1
07/20/2024,Premises fee with service charge,,,"-$1,500.00","$13,894.00",1
07/20/2025,SERVICE - MONTHLY,,,"-$1,000.00","$39,175.00",0
10/01/2025,Semi-monthly residence,,,"-$1,450.00","$38,965.00",0
12/14/2024,Flat fee,,,"-$1,400.00","$13,135.00",0
05/03/2025,Wire to Thompson,,,"-$2,400.00","$28,614.00",0
07/24/2025,Rent payment (primary residence),,,"-$2,600.00","$30,909.00",1
04/22/2025,Maintenence payment,,,-$200.00,"$36,894.00",0
01/10/2025,Residential payment Last day,,,"-$1,800.00","$25,968.00",1
11/11/2025,RENT~MONTHLY,,,-$625.00,"$9,531.00",1
10/12/2025,Maintenance fee incl. services,,,-$125.00,"$5,069.00",0
12/29/2024,Servise payment,,,"-$1,800.00","$28,709.00",0
04/01/2025,Distinct from rent - service,,,$50.00,"$18,387.00",0
11/16/2024,Rental payment,,,"-$2,350.00","$28,806.00",1
06/23/2024,FEE - MONTHLY,,,"-$1,750.00","$48,609.00",0
05/23/2024,Residential payment Quarterly,,,$850.00,"$20,554.00",1
12/13/2025,Rent with included services,,,"-$2,350.00","$47,613.00",1
07/13/2024,Utilitie payment,,,"-$2,100.00","$43,634.00",0
09/25/2025,Residential payment Every 30 days,,,"-$1,825.00","$6,113.00",1
06/16/2024,Residential payment 10th recurring,,,"-$1,950.00","$19,463.00",1
07/16/2025,Separate from rent - deposit,,,-$800.00,"$20,036.00",0
06/16/2024,Crib fee,,,-$650.00,"$6,199.00",0
03/11/2024,Rant fee,,,"$1,100.00","$20,005.00",1
01/15/2025,Building fee for residential unit,,,"-$1,050.00","$34,375.00",1
11/10/2024,Utilitie payment,,,-$50.00,"$4,581.00",0
03/25/2025,Zelle to Davis,,,"-$1,700.00","$3,016.00",1
08/05/2025,Utility fee incl. services,,,-$700.00,"$6,609.00",0
03/16/2024,Residential occupancy fee,,,"-$1,525.00","$23,807.00",1
01/10/2024,Real Estate Solutions,,,"-$1,000.00","$3,549.00",0
03/01/2025,Residential Services,,,-$800.00,"$8,586.00",0
04/28/2024,Transfer to Miller,,,-$500.00,"$2,377.00",0
05/03/2024,Debit to Anderson,,,-$800.00,"$5,262.00",0
08/23/2024,Tenancy payment,,,-$125.00,"$6,195.00",0
06/27/2024,CHARGE - MONTHLY,,,-$350.00,"$13,635.00",0
04/24/2024,Check #1234 for monthly,,,"$1,800.00","$1,682.00",0
12/15/2025,SERVICE - RECURRING,,,-$500.00,"$3,361.00",0
07/23/2024,Non-rent housing expense,,,"-$2,250.00","$49,081.00",0
07/12/2025,Dwelling disbursement plus fees,,,"-$1,725.00","$2,310.00",1
02/05/2024,Subscripton payment,,,"-$1,450.00","$27,706.00",0
04/11/2024,Accommodation remittance including tax,,,"-$2,975.00","$39,717.00",1
12/23/2025,RENT - APT 5B,,,-$700.00,"$34,100.00",1
06/17/2024,RENT>>PAYMENT,,,"$2,200.00","$39,484.00",1
11/08/2025,Rent/payment,,,"-$1,300.00","$21,047.00",1
12/09/2024,Rent (missed auto),,,"-$1,100.00","$13,564.00",1
12/25/2025,Unit fee,,,-$150.00,"$12,384.00",0
09/05/2024,Spot payment,,,-$700.00,"$29,661.00",0
07/15/2025,ACH to Johnson LLC,,,$75.00,"$12,210.00",0
12/16/2025,RENT PAYMENT (MONTHLY),,,"-$1,525.00","$28,922.00",1
04/27/2025,Distinct from rent - service,,,-$300.00,"$34,265.00",0
01/12/2024,Rent payment (apartment),,,"$1,100.00","$33,985.00",1
10/10/2025,Complex charge for residential unit,,,"$1,300.00","$30,779.00",1
02/26/2024,Crib fee,,,"-$1,475.00","$47,561.00",1
10/20/2025,ACH to Johnson LLC,,,$800.00,"$39,642.00",0
04/29/2024,HOA fee incl. services,,,"$2,800.00","$28,425.00",0
04/23/2024,Service Calendar month,,,"-$1,200.00","$41,945.00",0
08/04/2025,Payment on 1st of month,,,"-$2,425.00","$15,178.00",1
01/22/2024,Subscripton payment,,,-$300.00,"$39,221.00",0
02/15/2024,Property fee,,,"-$1,800.00","$47,924.00",0
12/28/2024,Payment on 1st of month,,,-$50.00,"$4,189.00",0
07/15/2025,Residential Services,,,"-$1,250.00","$47,510.00",1
12/25/2024,Residential payment 25th standing,,,"-$2,100.00","$6,100.00",1
03/10/2024,FEE - MONTHLY,,,-$750.00,"$46,820.00",0
09/02/2025,Accommodation remittance including tax,,,-$775.00,"$39,093.00",1
10/07/2025,Spot payment,,,"-$1,700.00","$14,794.00",1
05/20/2025,Pad payment,,,-$50.00,"$7,139.00",0
03/29/2025,Periodic 30th payment,,,-$100.00,"$29,537.00",0
12/06/2024,Unit fee,,,"-$2,400.00","$14,046.00",0
12/06/2024,RENT_INVOICE_001,,,"-$1,075.00","$4,436.00",1
07/26/2025,Complex payment for residential unit,,,"-$2,950.00","$33,486.00",1
07/22/2025,Additional to rent - fee,,,-$600.00,"$14,328.00",0
03/17/2024,SERVICE - RECURRING,,,-$900.00,"$9,954.00",0
01/02/2024,Lodgings remittance,,,-$75.00,"$47,871.00",0
07/31/2024,Rent payment ,,,-$600.00,"$42,550.00",1
01/06/2024,Digs payment,,,"-$1,500.00","$27,543.00",1
09/03/2025,Monthly housing and utilities bundle,,,"-$3,025.00","$47,156.00",1
04/26/2024,CHARGE - MONTHLY,,,"-$1,950.00","$18,423.00",0
10/14/2024,Premises Services (Unit 43C),,,"-$1,900.00","$43,392.00",1
05/08/2024,Premises fee with service charge,,,"-$2,225.00","$2,222.00",1
10/02/2024,Utilitie payment,,,-$200.00,"$12,801.00",0
02/26/2025,Building disbursement,,,-$850.00,"$39,518.00",0
01/27/2025,Place remittance,,,-$600.00,"$41,944.00",0
07/15/2024,Premises fee with service charge,,,"-$1,550.00","$40,746.00",1
06/29/2025,Accommodation disbursement,,,"-$2,800.00","$27,910.00",1
10/16/2025,Building payment for residential unit,,,"-$1,425.00","$29,912.00",1
01/21/2025,Rent..payment,,,$800.00,"$5,059.00",1
03/24/2025,Lease payment,,,"-$1,600.00","$15,160.00",0
06/25/2025,Rent..payment,,,"-$1,525.00","$2,051.00",1
06/11/2024,Premises Services (Unit 32C),,,"-$1,725.00","$20,359.00",1
11/05/2025,ACH to Johnson LLC,,,"-$2,100.00","$49,178.00",0
06/19/2025,Residential payment Last day,,,-$700.00,"$28,996.00",1
06/01/2025,CHARGE - AUTO,,,-$200.00,"$25,216.00",0
01/04/2025,Place remittance,,,"-$1,400.00","$17,419.00",0
10/05/2025,Dwelling disbursement plus fees,,,"-$1,700.00","$38,634.00",1
07/17/2024,Digs payment,,,$350.00,"$26,562.00",0
06/19/2025,Where I live payment,,,"-$1,700.00","$3,854.00",1
09/11/2025,Rent/payment,,,"-$1,725.00","$37,431.00",1
03/19/2024,Complex payment for residential unit,,,-$675.00,"$40,382.00",1
09/24/2025,My apartment payment,,,"-$2,625.00","$2,499.00",1
01/02/2025,Accommodation disbursement,,,"-$1,450.00","$5,616.00",1
09/12/2025,Pad payment,,,"-$1,550.00","$6,699.00",1
07/23/2024,Rent-pay ment,,,"-$2,550.00","$33,207.00",1
05/28/2024,UTILITY - RECURRING,,,-$400.00,"$4,003.00",0
09/01/2025,Unit fee for residential unit,,,-$775.00,"$30,310.00",1
12/06/2024,Unit fee,,,"-$1,750.00","$42,748.00",0
12/31/2025,Transfer to Miller,,,-$600.00,"$26,496.00",0
10/02/2024,Payment to Wilson,,,-$850.00,"$7,104.00",1
08/17/2024,Property Services LLC,,,-$700.00,"$19,038.00",0
12/17/2025,Transfer to Miller,,,"-$2,800.00","$35,569.00",1
12/13/2025,Rent payment (primary residence),,,"-$2,425.00","$26,350.00",1
09/23/2024,RENT-RECURRING,,,-$600.00,"$17,706.00",1
09/01/2025,Unit payment for residential unit,,,-$700.00,"$39,546.00",1
12/01/2024,Rent payment (apartment),,,"$1,350.00","$43,911.00",1
05/09/2024,Besides rent - insurance,,,"-$1,800.00","$32,298.00",0
01/26/2025,Unit payment,,,$150.00,"$31,873.00",0
10/16/2024,Complex payment for residential unit,,,"-$2,250.00","$1,426.00",1
06/28/2025,Apartment payment + parking,,,"-$2,100.00","$43,262.00",1
12/16/2024,Transfer to Miller,,,-$600.00,"$30,771.00",0
09/14/2024,Building payment,,,-$50.00,"$42,542.00",0
09/11/2025,Rent payment (apartment),,,"-$1,850.00","$44,037.00",1
10/05/2025,Membership 10th recurring,,,-$75.00,"$3,203.00",0
09/20/2024,CHARGE - RECURRING,,,-$500.00,"$14,165.00",0
03/10/2024,Residential payment Every 30 days,,,"-$2,275.00","$40,759.00",1
04/01/2025,Lodging remittance,,,"-$2,650.00","$48,362.00",1
06/15/2025,Rent payment (primary residence),,,"-$2,575.00","$43,506.00",1
08/18/2024,Periodic 30th payment,,,"-$1,400.00","$47,976.00",0
07/16/2025,Building payment for residential unit,,,"-$1,250.00","$41,323.00",1
07/02/2025,Maintenence payment,,,-$700.00,"$48,448.00",0
07/06/2025,R3nt fee,,,"$1,350.00","$12,409.00",1
06/18/2024,Lease payment,,,"-$2,250.00","$13,683.00",0
07/03/2025,Semi-monthly residence,,,"-$1,950.00","$49,532.00",0
08/04/2024,Lease fee,,,-$100.00,"$33,456.00",0
03/05/2024,Recurring 1st week,,,"-$1,300.00","$8,691.00",1
03/11/2025,Non-rent housing expense,,,"-$1,950.00","$36,752.00",0
05/06/2025,CHARGE - MONTHLY,,,-$100.00,"$31,437.00",0
05/08/2024,Housing Associates,,,"-$2,825.00","$46,019.00",1
04/14/2024,Lease payment,,,-$100.00,"$38,406.00",0
04/16/2025,Maintenance fee + insurance,,,"-$1,200.00","$21,673.00",0
09/03/2025,Letting fee,,,"-$1,350.00","$15,595.00",1
09/01/2024,Payment to Wilson,,,-$150.00,"$7,283.00",0
12/20/2024,RENT|AUTO,,,"$1,225.00","$37,527.00",1
08/02/2025,Lease payment for residential unit,,,$900.00,"$30,553.00",1
03/21/2025,Rent payment (apartment),,,"-$2,150.00","$8,665.00",1
04/09/2024,R3nt fee,,,"-$1,650.00","$13,874.00",1
02/13/2025,RENT PAYMENT (MONTHLY),,,"$1,850.00","$15,608.00",1
09/07/2024,Quarterly dwelling,,,-$200.00,"$7,568.00",0
12/11/2024,Residential payment Every 30 days,,,"-$1,975.00","$40,043.00",1
10/26/2024,Crib fee,,,"-$1,900.00","$30,425.00",1
02/13/2024,Recurring 1st week,,,"-$2,100.00","$48,549.00",0
01/13/2025,Lodgings remittance,,,-$700.00,"$15,182.00",1
11/09/2024,Complex payment,,,-$600.00,"$34,791.00",0
03/23/2025,Digs payment,,,"$2,100.00","$21,440.00",1
08/16/2025,Tenancy payment,,,$50.00,"$13,713.00",0
02/26/2025,RENT - DO NOT DELETE,,,"-$2,975.00","$25,707.00",1
10/08/2024,My apartment payment,,,"-$1,150.00","$10,184.00",1
04/01/2024,Apartment payment + parking,,,"-$1,575.00","$14,924.00",1
02/21/2024,Independent of rent - repair,,,"-$1,200.00","$38,947.00",0
05/29/2025,Rent payment ,,,$925.00,"$15,125.00",1
08/29/2025,Rent with included services,,,"-$3,050.00","$3,682.00",1
01/12/2025,RENT_INVOICE_001,,,"-$1,850.00","$28,905.00",1
03/21/2025,Place remittance,,,-$775.00,"$16,563.00",1
11/13/2024,Rnet payment,,,-$650.00,"$46,677.00",1
03/06/2025,Tenancy payment,,,"-$1,550.00","$16,744.00",0
01/01/2024,Subscription First Monday,,,-$950.00,"$23,546.00",0
08/11/2025,Unit remittance,,,"-$2,400.00","$8,062.00",0
09/28/2025,Utilitie payment,,,"-$1,600.00","$20,188.00",0
05/16/2025,Habitation remittance with utilities,,,"-$2,975.00","$25,157.00",1
07/09/2025,HOA fee + tax,,,"-$1,400.00","$5,884.00",0
06/16/2025,Mid-month transfer,,,$100.00,"$44,360.00",0
03/02/2025,Building administration fee,,,"-$1,625.00","$24,849.00",1
11/01/2025,Domicile Solutions,,,"-$1,050.00","$39,233.00",1
02/04/2024,Service 25th standing,,,-$450.00,"$2,898.00",0
08/13/2024,Mid-month transfer,,,-$500.00,"$21,202.00",0
11/03/2024,Residential payment First Monday,,,-$750.00,"$37,134.00",1
11/26/2024,Unit disbursement,,,-$600.00,"$48,021.00",0
02/02/2024,CHARGE - AUTO,,,"-$3,000.00","$14,043.00",0
10/03/2025,123 Main St monthly,,,"-$2,950.00","$27,239.00",1
03/27/2025,Maintenance fee + tax,,,$100.00,"$22,775.00",0
06/27/2025,UTILITY - RECURRING,,,-$250.00,"$1,918.00",0
06/11/2025,Abode payment plus insurance,,,"-$2,975.00","$36,378.00",1
05/10/2025,Digs payment,,,"$1,600.00","$3,954.00",0
05/04/2025,Ref: RES-UNIT-5B,,,"-$2,375.00","$11,053.00",1
01/12/2025,Residential payment Monthly anniversary,,,"-$2,825.00","$46,074.00",1
06/15/2025,Unit fee,,,-$800.00,"$37,124.00",0
07/12/2024,Monthly payment to John,,,"$1,800.00","$1,934.00",1
02/28/2024,Utilitie payment,,,-$300.00,"$5,912.00",0
02/04/2024,Payment to Wilson,,,"-$1,000.00","$44,068.00",0
05/18/2024,Dwelling disbursement plus fees,,,"-$2,550.00","$48,522.00",1
11/25/2025,Building disbursement,,,-$450.00,"$26,243.00",0
11/26/2024,RENT-RECURRING,,,-$850.00,"$11,182.00",1
03/03/2024,Periodic 30th payment,,,-$75.00,"$8,940.00",0
05/29/2024,Tenancy payment,,,-$900.00,"$7,307.00",0
06/11/2025,Subscription 10th recurring,,,-$75.00,"$9,881.00",0
03/19/2024,Housing Associates,,,-$700.00,"$34,833.00",0
12/20/2025,RENT - APT 5B,,,-$600.00,"$47,504.00",1
08/12/2024,Residential payment 1st of month,,,-$975.00,"$26,004.00",1
01/12/2025,HOA fee incl. services,,,-$800.00,"$36,936.00",0
02/01/2025,Tenancy payment,,,"-$1,625.00","$26,760.00",1
06/28/2024,RENT - APT 5B,,,"-$2,400.00","$43,149.00",1
11/17/2024,Residential payment Bi-weekly,,,"-$2,950.00","$41,221.00",1
01/08/2024,Maintenance fee + tax,,,"-$1,000.00","$16,167.00",0
06/05/2024,Lease payment,,,-$650.00,"$33,142.00",0
04/23/2025,Quarterly dwelling (Unit 4B),,,"$2,950.00","$23,926.00",1
08/09/2025,Spot payment,,,-$100.00,"$37,163.00",0
08/30/2025,Property payment,,,-$200.00,"$42,085.00",0
05/23/2024,Facility Solutions,,,"-$1,650.00","$35,373.00",0
10/20/2025,Utility fee incl. services,,,"-$1,100.00","$43,175.00",0
06/25/2024,Unit disbursement,,,"-$1,800.00","$10,542.00",0
11/15/2024,Premises fee with service charge,,,"$2,550.00","$17,005.00",1
10/24/2024,Property fee for residential unit,,,"-$1,100.00","$15,331.00",1
05/21/2024,ACH to Johnson LLC (Unit 1A),,,-$925.00,"$28,806.00",1
11/10/2024,Remittance to Moore,,,-$300.00,"$45,426.00",0
01/15/2025,Unit remittance for residential unit,,,"$1,125.00","$2,542.00",1
03/13/2025,My house monthly,,,"-$3,025.00","$43,631.00",1
09/19/2025,Strata payment,,,-$800.00,"$45,030.00",0
10/25/2025,Utilitie payment,,,-$100.00,"$30,349.00",0
10/23/2024,HOA fee + insurance,,,-$200.00,"$13,451.00",0
08/01/2025,Rent payment ,,,-$775.00,"$7,944.00",1
05/26/2025,Property payment,,,-$750.00,"$10,439.00",0
01/09/2024,Servise payment,,,-$150.00,"$38,350.00",0
08/29/2024,Apartment payment + parking,,,"-$1,400.00","$20,958.00",1
08/05/2024,Habitation remittance,,,"-$2,125.00","$41,727.00",1
11/10/2024,HOA fee incl. services,,,-$950.00,"$35,540.00",0
03/10/2024,Utilitie payment,,,$500.00,"$9,413.00",0
08/19/2025,Housing allocation payment,,,"-$2,350.00","$25,179.00",1
01/11/2024,Remittance to Moore,,,-$150.00,"$48,441.00",0
12/13/2024,Maintenence payment,,,-$600.00,"$30,227.00",0
10/14/2024,Rent payment (apartment),,,"-$2,400.00","$35,023.00",1
12/31/2024,Premises fee with service charge,,,-$800.00,"$33,618.00",1
10/09/2025,Unit fee,,,"-$2,400.00","$34,355.00",0
06/23/2024,Quarterly dwelling,,,-$300.00,"$27,608.00",0
03/14/2025,Subscription 20th periodic,,,"-$1,200.00","$49,144.00",0
04/29/2024,Complex Services,,,-$100.00,"$49,485.00",0
03/27/2025,Maintenance fee + insurance,,,-$800.00,"$34,939.00",0
01/18/2025,Subscripton payment,,,-$300.00,"$42,550.00",0
10/17/2025,Place remittance,,,"-$2,550.00","$33,473.00",1
10/18/2024,Zelle to Davis,,,-$450.00,"$42,479.00",0
12/17/2024,HOA fee incl. services,,,-$50.00,"$48,132.00",0
05/02/2025,RENT - APT 5B,,,"-$1,650.00","$14,793.00",1
01/21/2024,Housing allocation payment,,,-$950.00,"$31,851.00",1
12/25/2024,Tenancy payment,,,"-$1,300.00","$24,421.00",1
04/03/2025,Maintenance fee + tax,,,-$500.00,"$42,056.00",0
11/30/2024,RENT: UNIT 304,,,"-$2,425.00","$35,851.00",1
03/17/2025,Property fee,,,-$400.00,"$18,672.00",0
03/24/2025,Lease charge for residential unit,,,"-$1,075.00","$9,335.00",1
10/08/2024,Facility management disbursement,,,"-$1,700.00","$30,989.00",1
01/20/2025,Unit fee for residential unit,,,-$950.00,"$28,484.00",1
09/29/2025,Rent payment ,,,"-$2,225.00","$4,600.00",1
06/13/2024,Residential payment Every 30 days,,,"-$3,000.00","$41,771.00",1
07/02/2024,Lease obligation payment,,,"-$2,100.00","$38,245.00",1
10/05/2025,First of month payment,,,-$450.00,"$18,860.00",0
05/09/2024,Payment to Wilson,,,"-$1,400.00","$49,673.00",0
02/04/2024,Rent..payment,,,"-$1,200.00","$25,595.00",1
02/17/2025,Maintenence payment,,,-$75.00,"$17,053.00",0
04/08/2024,RENT: UNIT 304,,,"-$2,250.00","$25,661.00",1
08/27/2025,Subscripton payment,,,-$50.00,"$16,358.00",0
10/04/2024,Rent with included services,,,"-$1,525.00","$33,457.00",1
10/20/2024,End of month remittance,,,"-$2,275.00","$10,398.00",1
09/16/2024,Maintenance fee incl. services,,,"-$1,950.00","$20,205.00",0
07/07/2025,Rnet payment,,,-$875.00,"$46,282.00",1
11/14/2025,CHARGE - MONTHLY,,,"-$1,000.00","$8,738.00",0
03/06/2024,RENT - APT 5B,,,"-$1,825.00","$39,045.00",1
07/31/2024,Flat fee,,,"-$1,225.00","$33,361.00",1
02/15/2024,End of month remittance,,,"-$1,000.00","$16,869.00",0
09/27/2024,Monthly on 15th,,,"-$2,800.00","$19,267.00",1
12/31/2025,Check #1234 for monthly,,,"-$1,850.00","$9,506.00",1
08/22/2025,Monthly on 15th,,,"-$1,400.00","$8,914.00",0
11/17/2025,Property fee,,,"-$1,600.00","$21,438.00",0
11/16/2025,Unit fee,,,-$150.00,"$44,384.00",0
09/26/2024,Premises Services,,,-$75.00,"$33,065.00",0
02/03/2024,Monthly on 15th,,,-$700.00,"$22,636.00",0
07/29/2024,Complex fee for residential unit,,,"-$1,475.00","$18,971.00",1
11/14/2025,Property Services LLC,,,"-$2,800.00","$24,414.00",0
03/28/2024,Letting fee,,,"-$1,950.00","$48,975.00",1
06/29/2024,RENT-RECURRING,,,"-$2,450.00","$8,560.00",1
05/18/2025,Tenancy payment,,,"-$1,250.00","$12,230.00",1
07/01/2024,Utilitie payment,,,$600.00,"$10,557.00",0
09/13/2025,Real estate management fee,,,"-$1,500.00","$37,173.00",1
12/04/2024,Subscripton payment,,,"-$1,950.00","$32,756.00",0
06/12/2024,Habitation remittance with utilities,,,"$2,650.00","$16,437.00",1
03/19/2025,Premises Services,,,"$1,200.00","$19,522.00",0
06/10/2025,Periodic 30th payment,,,"-$2,450.00","$42,648.00",1
12/26/2024,RENT>>PAYMENT,,,"-$1,275.00","$27,595.00",1
10/21/2025,Strata payment,,,-$50.00,"$23,013.00",0
02/22/2024,Monthly premises fee,,,"$1,125.00","$1,886.00",1
12/09/2025,Rent payment ,,,"-$1,575.00","$41,553.00",1
07/27/2025,Accommodation disbursement,,,"-$2,200.00","$45,709.00",1
08/09/2024,RENT #2024-001,,,"-$2,225.00","$38,272.00",1
08/15/2025,Debit to Anderson,,,"-$2,650.00","$38,393.00",1
09/23/2024,Periodic 30th payment,,,-$700.00,"$17,146.00",0
02/08/2025,Rent-pay ment,,,"-$1,325.00","$2,951.00",1
06/27/2024,Utilitie payment,,,"-$1,600.00","$7,869.00",0
03/18/2024,Utility fee incl. services,,,"-$1,000.00","$36,013.00",0
09/26/2024,Residential facility fee,,,"-$1,475.00","$29,677.00",1
10/02/2024,Ren tpayment,,,"-$1,075.00","$40,471.00",1
05/19/2024,Complex charge,,,-$150.00,"$32,743.00",0
07/08/2024,RENT: UNIT 304,,,"-$1,750.00","$21,977.00",1
04/08/2024,Complex payment for residential unit,,,"$1,300.00","$30,005.00",1
01/05/2025,Recurring 1st week,,,-$600.00,"$5,488.00",0
01/05/2024,Lodgings remittance,,,-$400.00,"$7,962.00",0
07/23/2024,Unit letting,,,-$650.00,"$22,214.00",1
10/18/2025,Unit letting,,,"-$1,675.00","$45,577.00",1
06/08/2025,Residence disbursement,,,-$675.00,"$49,288.00",1
08/19/2025,Rent-pay ment,,,"-$1,575.00","$24,917.00",1
02/24/2025,Residential payment Last day,,,"-$3,050.00","$5,151.00",1
04/14/2025,CHARGE - AUTO,,,-$500.00,"$39,041.00",0
09/03/2025,Property remittance for residential unit,,,"-$3,025.00","$49,538.00",1
05/21/2024,Payment to Wilson,,,"-$3,050.00","$23,771.00",1
10/23/2024,Monthly on 15th (Unit 18A),,,"-$1,525.00","$7,788.00",1
06/08/2024,Non-rent housing expense,,,-$900.00,"$47,412.00",0
05/31/2024,Check #1234 for monthly,,,-$200.00,"$43,317.00",0
08/27/2025,RENT - DO NOT DELETE,,,"-$2,550.00","$45,726.00",1
08/26/2024,Zelle to Davis (Unit 21A),,,-$725.00,"$24,943.00",1
07/26/2025,Lease charge for residential unit,,,"-$1,325.00","$7,627.00",1
11/01/2024,Building disbursement for residential unit,,,-$825.00,"$28,950.00",1
11/19/2025,Rant remittance,,,$875.00,"$40,678.00",1
01/24/2025,End of month remittance (Unit 23B),,,"-$2,200.00","$18,070.00",1
09/05/2024,Residential payment Quarterly,,,"-$2,575.00","$8,061.00",1
02/24/2025,Lodgings remittance,,,"-$2,800.00","$43,268.00",0
12/15/2024,Utilitie payment,,,$200.00,"$23,712.00",0
05/01/2024,HOA fee incl. services,,,-$125.00,"$34,700.00",0
03/13/2025,Ren tpayment,,,"-$1,700.00","$7,997.00",1
11/25/2024,Residential Services,,,"$1,350.00","$29,417.00",0
08/16/2024,Rent payment (apartment),,,"-$1,675.00","$7,584.00",1
01/12/2024,Complex charge,,,-$300.00,"$44,790.00",0
01/26/2025,Rent payment ,,,"-$2,400.00","$28,368.00",1
09/02/2024,SERVICE - MONTHLY,,,-$800.00,"$39,981.00",0
01/01/2024,HOA fee incl. services,,,"-$2,100.00","$10,228.00",0
10/06/2024,Invoice #APT2024-001,,,"-$1,300.00","$41,361.00",1
10/22/2025,Lease payment for residential unit,,,"-$2,825.00","$46,188.00",1
12/07/2025,Payment to Wilson,,,-$50.00,"$40,815.00",0
10/15/2025,Complex charge for residential unit,,,$975.00,"$22,378.00",1
09/23/2024,Unit disbursement for residential unit,,,"-$2,050.00","$16,333.00",1
02/20/2024,Bi-weekly housing,,,"-$1,950.00","$19,438.00",0
03/26/2025,Apart from rent - maintenance,,,"-$1,650.00","$9,488.00",0
11/06/2025,Maintenence payment,,,-$750.00,"$22,632.00",0
06/13/2024,Strata payment,,,"-$1,350.00","$41,610.00",0
05/12/2025,Rental payment,,,-$250.00,"$45,769.00",0
09/24/2025,Pad payment,,,-$800.00,"$17,202.00",0
06/08/2025,Membership Every 30 days,,,"-$1,750.00","$46,720.00",0
08/20/2024,Separate from rent - deposit,,,-$250.00,"$33,592.00",0
03/19/2024,Rent payment ,,,"-$2,100.00","$42,741.00",1
09/03/2025,Maintenence payment,,,$250.00,"$4,123.00",0
11/12/2025,Pad payment,,,-$450.00,"$40,774.00",0
07/05/2025,NOT rent - utilities,,,"-$1,600.00","$10,861.00",0
11/29/2024,Maintenance fee + tax,,,-$800.00,"$41,386.00",0
08/12/2024,Semi-monthly residence,,,"-$1,400.00","$5,667.00",0
09/15/2024,Unit fee,,,"-$1,400.00","$10,635.00",0
05/26/2024,Flat fee,,,-$900.00,"$25,251.00",0
11/16/2025,Premises fee with service charge,,,-$625.00,"$31,269.00",1
01/24/2025,Service Monthly anniversary,,,-$75.00,"$44,181.00",0
08/07/2025,CHARGE - RECURRING,,,-$100.00,"$2,845.00",0
12/21/2025,Utility fee incl. services,,,"-$1,250.00","$15,972.00",0
02/21/2025,First of month payment,,,-$75.00,"$5,098.00",0
02/21/2024,Pad payment,,,"-$3,000.00","$21,821.00",0
12/17/2025,Monthly payment to John (Unit 38C),,,"-$1,800.00","$49,240.00",1
11/07/2024,Rent payment (apartment),,,"-$2,225.00","$4,592.00",1
01/14/2025,Complex charge,,,-$900.00,"$2,829.00",0
09/19/2025,Subscription First Monday,,,-$900.00,"$25,690.00",0
10/17/2024,Housing Associates,,,"-$1,450.00","$42,585.00",0
02/28/2025,Unit fee,,,-$250.00,"$4,477.00",0
10/28/2024,Residential occupancy fee,,,-$975.00,"$27,580.00",1
11/08/2025,FEE - AUTO,,,-$75.00,"$38,091.00",0
10/24/2024,Residential payment 5th monthly,,,"-$2,425.00","$41,976.00",1
07/27/2024,Monthly on 15th,,,-$775.00,"$48,167.00",1
04/12/2024,Abode payment plus insurance,,,"-$1,200.00","$44,944.00",1
03/20/2025,Accommodation remittance including tax,,,"-$1,225.00","$25,655.00",1
10/12/2025,Utility fee incl. services,,,-$100.00,"$36,653.00",0
06/06/2024,Residential payment 15th auto,,,"-$2,850.00","$27,156.00",1
01/07/2024,Servise payment,,,-$500.00,"$16,713.00",0
03/09/2025,Unit charge,,,-$100.00,"$23,851.00",0
04/07/2025,HOA fee + tax,,,"-$1,400.00","$11,652.00",0
01/18/2024,Service fee incl. services,,,-$350.00,"$15,776.00",0
05/01/2025,Accommodation remittance including tax,,,-$850.00,"$40,793.00",1
09/07/2025,Rent with included services,,,"-$1,875.00","$25,661.00",1
09/21/2025,Unit charge for residential unit,,,-$675.00,"$32,511.00",1
08/13/2024,Complex Services (Unit 25B),,,"-$1,350.00","$4,438.00",1
12/09/2025,Housing Associates,,,"-$2,975.00","$37,525.00",1
07/14/2025,Building disbursement,,,-$650.00,"$8,333.00",0
11/25/2025,Building fee,,,"-$1,200.00","$10,253.00",0
04/02/2025,Real Estate Solutions (Unit 47C),,,"-$2,825.00","$13,371.00",1
06/23/2024,Ref: RES-UNIT-5B,,,"-$2,250.00","$4,581.00",1
12/18/2024,Rent ;payment,,,"-$2,575.00","$2,707.00",1
06/29/2024,Place I stay remittance,,,-$900.00,"$32,901.00",1
06/04/2025,Rnet payment,,,"-$1,150.00","$40,022.00",1
04/03/2025,Property payment,,,"-$1,350.00","$43,178.00",0
05/20/2025,R3nt fee,,,"-$1,325.00","$12,841.00",1
12/23/2024,Building administration fee,,,"-$2,125.00","$41,828.00",1
04/30/2024,Residential payment First Monday,,,"-$1,675.00","$14,625.00",1
11/06/2024,Property payment for residential unit,,,"-$2,775.00","$25,086.00",1
12/24/2024,Unit charge,,,"-$1,400.00","$48,538.00",0
09/04/2025,Semi-monthly residence,,,"-$1,400.00","$20,565.00",0
01/08/2025,Subscription Monthly anniversary,,,-$700.00,"$37,414.00",0
12/23/2024,Residential payment 20th periodic,,,"-$2,600.00","$21,429.00",1
03/23/2025,Additional to rent - fee,,,-$450.00,"$1,293.00",0
04/30/2024,Flat fee,,,-$75.00,"$39,081.00",0
10/13/2024,UTILITY - MONTHLY,,,-$500.00,"$41,386.00",0
12/05/2024,Rent payment (primary residence),,,-$650.00,"$28,836.00",1
01/21/2025,Membership First Monday,,,"-$2,800.00","$20,621.00",0
02/21/2025,CHARGE - MONTHLY,,,"-$1,000.00","$13,028.00",0
02/02/2024,Utilitie payment,,,"-$2,250.00","$42,264.00",0
01/29/2024,Apartment payment + parking,,,"-$1,250.00","$13,087.00",1
07/28/2025,My apartment payment,,,"$1,575.00","$9,809.00",1
01/22/2025,First of month payment,,,-$125.00,"$31,411.00",0
08/27/2025,UTILITY - RECURRING,,,"-$1,750.00","$37,720.00",0
07/13/2025,Complex charge for residential unit,,,"-$1,800.00","$20,221.00",1
03/19/2025,Digs payment,,,"-$1,900.00","$10,381.00",1
07/17/2025,Rent..payment,,,"-$1,700.00","$1,459.00",1
03/08/2024,Condo fee,,,"-$1,700.00","$5,146.00",1
03/22/2024,Domicile Solutions,,,"-$1,375.00","$37,997.00",1
02/25/2024,Unit payment for residential unit,,,"-$1,650.00","$26,526.00",1
09/25/2025,Dwelling disbursement plus fees,,,-$700.00,"$24,733.00",1
01/10/2025,Servise payment,,,$350.00,"$24,436.00",0
06/21/2024,Recurring 1st week,,,"$2,600.00","$6,885.00",0
07/12/2025,Unit payment including maintenance,,,"-$1,750.00","$31,488.00",1
06/27/2024,Unit fee,,,-$500.00,"$8,916.00",0
08/10/2025,Real Estate Solutions,,,"$2,200.00","$30,020.00",1
11/04/2025,Membership Calendar month,,,"-$2,100.00","$8,388.00",0
01/08/2025,RENT PAYMENT (MONTHLY),,,"-$2,800.00","$37,477.00",1
01/23/2025,RENT_INVOICE_001,,,"-$1,900.00","$36,264.00",1
05/11/2025,Rent payment ,,,"-$2,150.00","$9,611.00",1
03/01/2025,Crib fee,,,-$950.00,"$45,093.00",1
09/04/2025,Semi-monthly residence,,,-$50.00,"$33,593.00",0
05/07/2024,Wire to Thompson,,,-$300.00,"$10,011.00",0
09/30/2025,Rent (missed auto),,,"-$1,900.00","$26,148.00",1
12/08/2024,Residential payment First Monday,,,"-$1,350.00","$13,758.00",1
10/12/2025,Service fee + tax,,,-$900.00,"$46,546.00",0
08/29/2025,Service fee incl. services,,,"-$1,200.00","$35,651.00",0
01/03/2024,Complex Services,,,-$100.00,"$47,203.00",0
05/02/2024,Rant remittance,,,"-$2,450.00","$44,810.00",1
08/01/2024,Payment to Wilson (Unit 18A),,,"-$2,200.00","$7,441.00",1
05/16/2025,Place remittance,,,"-$2,075.00","$34,416.00",1
09/23/2025,Utility fee + tax,,,-$750.00,"$10,287.00",0
02/25/2024,Lease charge for residential unit,,,"-$1,625.00","$8,354.00",1
06/11/2025,Utilitie payment,,,-$700.00,"$32,182.00",0
02/05/2024,RENT PAYMENT (MONTHLY),,,"-$1,800.00","$1,973.00",1
06/07/2025,Debit to Anderson (Unit 7B),,,-$700.00,"$43,826.00",1
10/03/2025,Rant remittance,,,"-$2,425.00","$14,737.00",1
02/05/2024,Semi-monthly residence,,,-$75.00,"$31,998.00",0
12/06/2024,Rent..payment,,,-$875.00,"$17,117.00",1
06/17/2025,Residential Services,,,"-$1,250.00","$42,167.00",0
06/08/2024,HOA fee incl. services,,,$700.00,"$27,479.00",0
03/24/2024,Ref: RES-UNIT-5B,,,-$600.00,"$3,854.00",1
04/18/2024,RENT #2024-001,,,-$675.00,"$44,019.00",1
03/19/2025,Payment on 1st of month,,,"-$1,800.00","$26,485.00",0
08/11/2025,Lodging remittance,,,"-$1,700.00","$7,580.00",1
09/02/2024,Quarterly dwelling,,,"-$2,850.00","$39,659.00",1
07/30/2025,500 Oak Ave payment,,,"$1,700.00","$39,894.00",1
12/30/2024,Quarterly dwelling,,,"-$1,400.00","$10,227.00",0
10/28/2024,Excluding rent - HOA,,,-$75.00,"$21,095.00",0
11/26/2025,Landlord services payment,,,"-$2,075.00","$39,456.00",1
09/26/2024,RENT_INVOICE_001,,,-$950.00,"$20,999.00",1
12/11/2025,CHARGE - RECURRING,,,"-$1,650.00","$11,489.00",0
05/17/2024,Subscripton payment,,,-$400.00,"$37,717.00",0
01/26/2024,ACH to Johnson LLC,,,"-$2,800.00","$16,571.00",1
08/17/2024,Rent ;payment,,,"-$2,400.00","$15,338.00",1
05/14/2025,Rent payment ,,,"$2,200.00","$17,473.00",1
06/16/2024,Wire to Thompson,,,-$625.00,"$45,394.00",1
10/08/2024,Rentt disbursement,,,"-$1,675.00","$16,045.00",1
05/29/2024,Remittance to Moore,,,-$100.00,"$32,293.00",0
11/21/2025,Invoice #APT2024-001,,,"-$1,425.00","$40,592.00",1
04/11/2025,Real Estate Solutions,,,-$650.00,"$35,697.00",0
10/17/2025,Rent payment (primary residence),,,"$2,775.00","$15,835.00",1
03/30/2024,Rental payment,,,"-$1,800.00","$37,488.00",1
06/03/2025,Spot payment,,,"-$1,400.00","$7,116.00",0
04/12/2024,Rent(payment),,,"-$1,525.00","$33,565.00",1
10/19/2024,Lease obligation payment,,,"-$2,100.00","$44,124.00",1
12/13/2024,Remittance to Moore,,,"-$3,000.00","$47,680.00",0
09/02/2025,Rent payment (apartment),,,-$650.00,"$38,034.00",1
07/08/2024,Payment to Wilson,,,-$700.00,"$6,311.00",1
08/18/2024,Zelle to Davis,,,"-$1,450.00","$34,801.00",0
06/23/2024,Lease fee,,,"-$1,000.00","$2,861.00",0
05/01/2024,UTILITY - MONTHLY,,,-$500.00,"$39,538.00",0
09/06/2025,Service 1st of month,,,-$400.00,"$33,972.00",0
04/27/2025,Rent (missed auto),,,"-$1,700.00","$3,445.00",1
01/28/2025,Crib fee,,,-$100.00,"$36,417.00",0
03/28/2024,Apartment 12C fee,,,"-$2,275.00","$24,385.00",1
03/12/2025,Rent payment ,,,"-$1,000.00","$25,407.00",1
10/30/2024,Service Monthly anniversary,,,-$800.00,"$44,605.00",0
08/15/2024,Residence disbursement,,,"-$1,775.00","$2,605.00",1
01/20/2024,Bi-weekly housing,,,"-$2,800.00","$21,463.00",1
08/22/2025,Rent-paymnt,,,"-$1,500.00","$30,558.00",1
12/10/2025,Place remittance,,,"-$1,900.00","$26,454.00",1
02/18/2024,Residential payment 5th monthly,,,"-$1,300.00","$36,124.00",1
07/15/2024,Rent payment (primary residence),,,"-$1,100.00","$7,119.00",1
09/02/2025,Monthly housing and utilities bundle,,,"-$1,300.00","$25,946.00",1
08/26/2024,Rent payment (primary residence),,,-$775.00,"$45,131.00",1
07/24/2025,Servise payment,,,"-$1,100.00","$22,365.00",0
02/06/2025,Building payment,,,-$900.00,"$29,344.00",0
10/31/2024,Unit fee for residential unit,,,"-$1,375.00","$24,265.00",1
06/11/2024,SERVICE - RECURRING,,,-$200.00,"$28,796.00",0
01/28/2025,Servise payment,,,-$200.00,"$26,548.00",0
05/19/2025,Lease payment for residential unit,,,"-$2,950.00","$24,308.00",1
06/19/2024,Maintenence payment,,,-$200.00,"$28,969.00",0
05/30/2024,Lease payment,,,"-$1,550.00","$6,446.00",0
02/10/2024,Service fee + insurance,,,"$1,000.00","$15,556.00",0
04/21/2024,Rent payment ,,,"-$1,875.00","$16,371.00",1
07/08/2024,Membership 5th monthly,,,"-$1,800.00","$19,347.00",0
09/18/2024,Real estate management fee,,,-$650.00,"$42,898.00",1
09/17/2025,Membership 1st of month,,,"-$1,000.00","$35,814.00",0
12/12/2024,Spot payment,,,"$1,850.00","$43,263.00",1
03/13/2025,Payment to Wilson,,,"-$2,250.00","$30,422.00",1
09/23/2024,First of month payment,,,-$400.00,"$43,465.00",0
11/06/2024,Complex Services (Unit 31B),,,"-$2,000.00","$33,423.00",1
03/04/2024,CHARGE - AUTO,,,"$1,800.00","$32,536.00",0
11/21/2024,Mid-month transfer,,,"-$1,800.00","$27,480.00",1
06/18/2025,Maintenance fee + insurance,,,"-$1,450.00","$11,403.00",0
02/26/2025,Apart from rent - maintenance,,,"-$1,600.00","$12,211.00",0
03/25/2025,RENT - APT 5B,,,-$625.00,"$41,808.00",1
09/19/2025,Service fee + insurance,,,-$100.00,"$32,840.00",0
04/08/2025,Zelle to Davis,,,"-$1,450.00","$15,500.00",0
03/07/2024,End of month remittance,,,"$1,000.00","$11,335.00",1
03/13/2024,Service fee + insurance,,,$900.00,"$26,402.00",0
06/06/2024,Rent/payment,,,"-$2,650.00","$5,642.00",1
04/12/2025,Housing allocation payment,,,$725.00,"$32,754.00",1
09/25/2025,Rent payment (apartment),,,"-$1,575.00","$39,735.00",1
07/19/2025,Rent payment (apartment),,,"-$1,475.00","$42,744.00",1
03/02/2025,RENT PAYMENT (MONTHLY),,,"-$2,250.00","$33,134.00",1
02/27/2025,Service 5th monthly,,,-$50.00,"$43,717.00",0
04/26/2025,Monthly payment to John,,,"-$1,600.00","$34,661.00",0
05/15/2024,Property fee for residential unit,,,"-$1,900.00","$25,767.00",1
01/04/2024,Flat fee,,,"-$1,475.00","$33,743.00",1
01/22/2024,Recurring habitation expenditure,,,"-$1,075.00","$12,093.00",1
07/27/2025,UTILITY - RECURRING,,,-$125.00,"$6,023.00",0
01/22/2025,Place remittance,,,"-$1,600.00","$26,036.00",1
03/22/2025,HOA fee + tax,,,-$75.00,"$41,230.00",0
03/22/2024,End of month remittance,,,-$700.00,"$10,818.00",0
01/06/2025,Building administration fee,,,"$1,525.00","$39,671.00",1
06/03/2025,Utility fee + insurance,,,-$850.00,"$32,764.00",0
06/08/2024,RENT #2024-001,,,"-$1,700.00","$22,419.00",1
06/09/2024,Rent ;payment,,,"-$1,200.00","$44,474.00",1
11/29/2024,RENT #2024-001,,,"-$2,550.00","$31,579.00",1
09/24/2025,FEE - MONTHLY,,,$200.00,"$43,653.00",0
03/04/2025,Real Estate Solutions (Unit 8C),,,"-$2,250.00","$30,008.00",1
05/07/2024,SERVICE - MONTHLY,,,"-$1,950.00","$14,523.00",0
01/15/2024,Mid-month transfer,,,"-$2,275.00","$31,293.00",1
11/10/2024,Lodgings remittance,,,-$200.00,"$1,712.00",0
07/18/2024,Utility fee + insurance,,,"-$1,600.00","$38,919.00",0
03/03/2025,Lease payment,,,"-$1,950.00","$11,266.00",0
10/28/2025,Unit charge,,,"-$2,400.00","$28,199.00",0
09/01/2025,Building payment,,,-$450.00,"$49,031.00",0
02/20/2025,Lease payment,,,-$125.00,"$42,502.00",0
04/23/2024,Building payment,,,-$200.00,"$14,886.00",0
06/17/2025,Residential payment First Monday,,,"$1,325.00","$12,372.00",1
01/21/2025,Additional to rent - fee,,,-$350.00,"$19,974.00",0
05/26/2025,RENT>>PAYMENT,,,"-$1,675.00","$23,463.00",1
10/25/2025,Semi-monthly residence,,,-$50.00,"$7,561.00",0
08/27/2024,Building disbursement,,,"-$1,400.00","$14,188.00",0
08/08/2024,Lodging remittance,,,"-$1,650.00","$15,310.00",1
01/31/2025,Excluding rent - HOA,,,-$150.00,"$49,121.00",0
01/08/2025,Maintenence payment,,,-$400.00,"$44,551.00",0
08/14/2024,RENT>>PAYMENT,,,"-$2,750.00","$16,254.00",1
10/16/2025,Unit charge,,,-$500.00,"$1,526.00",0
11/14/2024,RENT: UNIT 304,,,-$850.00,"$35,624.00",1
10/13/2025,Unit remittance for residential unit,,,"-$1,300.00","$40,947.00",1
06/13/2024,Tenancy payment,,,-$500.00,"$27,542.00",0
02/09/2024,Tenancy payment,,,-$600.00,"$42,784.00",0
01/24/2024,Lease payment,,,"-$1,600.00","$8,914.00",0
03/06/2024,Domicile Solutions,,,"-$1,200.00","$43,235.00",0
10/28/2024,Recurring transfer to Smith,,,-$150.00,"$1,926.00",0
12/09/2024,Building fee,,,-$150.00,"$13,366.00",0
10/10/2025,Unit letting,,,"-$1,325.00","$30,180.00",1
08/19/2024,Utility fee + tax,,,-$400.00,"$31,067.00",0
08/22/2024,CHARGE - MONTHLY,,,"-$1,250.00","$20,125.00",0
08/29/2025,End of month remittance,,,"-$1,575.00","$19,434.00",1
06/02/2025,Rent ;payment,,,"-$2,550.00","$20,691.00",1
12/08/2025,Pad payment,,,"-$1,750.00","$24,315.00",1
11/03/2025,Besides rent - insurance,,,"-$1,200.00","$23,023.00",0
06/04/2025,Residential payment First Monday,,,"-$1,250.00","$40,788.00",1
07/31/2025,Pad payment,,,"-$1,650.00","$46,346.00",0
01/28/2024,Maintenence payment,,,-$650.00,"$42,692.00",0
05/01/2024,Periodic 30th payment,,,-$900.00,"$19,334.00",0
08/01/2024,Crib fee,,,-$75.00,"$41,628.00",0
01/28/2025,Subscription Every 30 days,,,"-$1,350.00","$23,177.00",0
01/09/2024,Residence disbursement,,,"$1,850.00","$39,983.00",1
11/05/2025,Payment on 1st of month,,,-$500.00,"$32,948.00",0
04/18/2024,Real Estate Solutions (Unit 24C),,,"-$2,350.00","$7,224.00",1
03/05/2024,Rent payment ,,,"-$2,375.00","$24,910.00",1
02/25/2025,My apartment payment,,,"-$2,975.00","$6,671.00",1
03/15/2025,Rental payment,,,-$300.00,"$32,168.00",0
04/13/2025,Residential payment 15th auto,,,"-$1,800.00","$46,633.00",1
02/27/2024,Residential payment Monthly anniversary,,,"-$1,600.00","$12,410.00",1
03/19/2025,Quarterly dwelling,,,-$900.00,"$19,390.00",0
11/20/2025,Rant fee,,,"-$2,050.00","$1,012.00",1
07/16/2025,Rent payment (apartment),,,"-$2,450.00","$44,689.00",1
05/07/2025,Building disbursement,,,-$300.00,"$9,963.00",0
12/10/2025,Spot payment,,,"-$1,800.00","$25,608.00",1
12/01/2025,Residential payment 10th recurring,,,"$2,800.00","$49,380.00",1
06/14/2025,Building payment,,,"-$1,650.00","$16,504.00",0
04/11/2024,Rant fee,,,-$850.00,"$42,760.00",1
11/15/2024,Subscription 10th recurring,,,-$750.00,"$46,428.00",0
09/08/2024,R3nt fee,,,"-$1,425.00","$25,204.00",1
07/17/2025,Complex fee for residential unit,,,"-$1,150.00","$29,019.00",1
02/12/2025,Recurring 1st week,,,-$75.00,"$16,758.00",0
03/21/2024,Maintenance fee incl. services,,,$400.00,"$21,179.00",0
01/31/2024,My apartment payment,,,"-$1,775.00","$31,728.00",1
05/04/2024,Maintenance fee + insurance,,,-$500.00,"$7,362.00",0
09/07/2024,Wire to Thompson,,,-$500.00,"$16,874.00",0
07/20/2024,Building Management,,,-$500.00,"$25,886.00",0
02/27/2024,NOT rent - utilities,,,-$200.00,"$2,522.00",0
01/25/2025,NOT rent - utilities,,,-$600.00,"$2,263.00",0
12/29/2025,ACH to Johnson LLC,,,-$75.00,"$25,409.00",0
08/02/2024,Mid-month transfer,,,-$350.00,"$43,500.00",0
03/06/2024,Payment to Wilson,,,-$50.00,"$13,811.00",0
06/16/2025,Bi-weekly housing,,,-$250.00,"$26,413.00",0
01/08/2024,Habitation remittance,,,"-$2,775.00","$34,662.00",1
04/18/2024,Complex payment,,,"-$1,000.00","$15,124.00",0
05/03/2025,Abode disbursement,,,"-$2,650.00","$15,443.00",1
09/17/2025,Pad payment,,,"-$1,050.00","$1,178.00",1
06/21/2025,Residential payment First Monday,,,"-$1,875.00","$1,521.00",1
06/07/2025,500 Oak Ave payment,,,"-$2,125.00","$21,932.00",1
05/09/2024,Rent payment (primary residence),,,-$850.00,"$34,969.00",1
06/21/2024,Place remittance,,,"-$1,975.00","$6,270.00",1
05/15/2025,Zelle to Davis,,,-$100.00,"$31,204.00",0
08/06/2025,Transfer to Miller,,,"-$2,400.00","$28,965.00",0
12/18/2024,Complex charge for residential unit,,,"-$2,425.00","$5,103.00",1
06/15/2025,RENT_INVOICE_001,,,"-$2,125.00","$23,122.00",1
01/27/2025,Check #1234 for monthly,,,"-$2,350.00","$17,504.00",1
02/27/2025,ACH to Johnson LLC,,,"-$1,350.00","$22,872.00",1
07/11/2024,Housing Associates (Unit 31B),,,"-$3,025.00","$34,096.00",1
11/29/2024,Other than rent - tax,,,-$700.00,"$17,577.00",0
04/27/2024,Condo fee,,,"$1,400.00","$44,222.00",1
04/18/2024,Ren tpayment,,,"-$1,800.00","$33,086.00",1
10/13/2024,FEE - MONTHLY,,,-$250.00,"$14,631.00",0
11/12/2025,Unit fee,,,"-$1,200.00","$46,436.00",0
09/26/2025,Unit letting,,,-$300.00,"$20,212.00",0
05/18/2025,Remittance to Moore,,,"-$1,450.00","$34,989.00",0
09/26/2024,RENT: UNIT 304,,,-$675.00,"$31,063.00",1
09/17/2025,Rent(payment),,,"-$2,275.00","$25,031.00",1
06/09/2024,Service Monthly anniversary,,,-$700.00,"$16,486.00",0
08/07/2024,Residential payment First Monday,,,"-$2,425.00","$7,223.00",1
12/01/2025,Digs payment,,,"$3,025.00","$8,338.00",1
12/22/2025,Lease obligation payment,,,"-$1,350.00","$49,217.00",1
12/09/2024,Rent-pay ment,,,"-$1,275.00","$8,428.00",1
07/21/2024,Service fee + tax,,,-$650.00,"$26,858.00",0
03/22/2025,Utilitie payment,,,"-$1,000.00","$34,306.00",0
10/19/2025,Maintenance fee + insurance,,,"-$1,000.00","$41,581.00",0
04/21/2025,Subscripton payment,,,-$850.00,"$40,427.00",0
03/02/2025,Bi-weekly housing,,,"-$1,950.00","$12,594.00",0
10/15/2025,Rent/payment,,,"-$1,800.00","$43,552.00",1
05/16/2024,Rent..payment,,,"-$2,625.00","$28,895.00",1
05/29/2024,Transfer to Miller,,,$200.00,"$22,689.00",0
10/18/2025,Recurring transfer to Smith,,,"-$1,100.00","$18,863.00",1
02/10/2024,R3nt fee,,,"$1,800.00","$15,611.00",1
12/11/2024,Premises Services (Unit 24B),,,"-$2,050.00","$42,316.00",1
12/06/2025,Monthly payment to John,,,"$1,200.00","$42,458.00",0
08/27/2025,Rent payment (primary residence),,,"-$1,725.00","$28,797.00",1
02/11/2025,Recurring 1st week,,,"-$1,400.00","$10,983.00",0
10/13/2025,Residential payment 15th auto,,,"-$1,750.00","$27,478.00",1
10/14/2024,Rant fee,,,"$1,825.00","$34,561.00",1
12/01/2025,RENT|AUTO,,,"-$3,050.00","$24,768.00",1
03/08/2024,Quarterly dwelling (Unit 34B),,,"-$2,950.00","$2,935.00",1
10/13/2024,Ref: RES-UNIT-5B,,,-$725.00,"$17,484.00",1
09/06/2024,Rent ;payment,,,"-$1,425.00","$20,591.00",1
11/14/2024,Ref: RES-UNIT-5B,,,"-$1,000.00","$32,611.00",1
06/15/2024,CHARGE - RECURRING,,,"-$1,600.00","$49,083.00",0
05/24/2024,Membership Quarterly,,,-$950.00,"$33,488.00",0
07/08/2025,Utilitie payment,,,$450.00,"$23,091.00",0
05/17/2025,Unit payment including maintenance,,,"-$1,400.00","$18,947.00",1
11/09/2025,RENT #2024-001,,,"-$3,025.00","$41,784.00",1
12/16/2025,Maintenance fee + tax,,,"-$1,600.00","$7,023.00",0
12/25/2024,Separate from rent - deposit,,,-$450.00,"$46,169.00",0
06/03/2025,Besides rent - insurance,,,-$800.00,"$30,396.00",0
04/08/2024,HOA fee + tax,,,"-$3,000.00","$13,777.00",0
05/19/2025,Lease fee for residential unit,,,-$675.00,"$1,094.00",1
06/24/2024,Accommodation remittance including tax,,,"-$2,075.00","$21,059.00",1
07/06/2024,Other than rent - tax,,,-$650.00,"$36,723.00",0
05/27/2025,Utility fee + insurance,,,$400.00,"$37,964.00",0
09/03/2025,Mid-month transfer,,,"-$1,200.00","$20,924.00",0
12/14/2025,Recurring 1st week,,,-$250.00,"$48,297.00",0
06/19/2024,Property fee for residential unit,,,"-$2,625.00","$45,895.00",1
04/26/2025,Lease fee for residential unit,,,"-$2,800.00","$19,805.00",1
05/10/2025,Subscripton payment,,,-$450.00,"$18,082.00",0
10/21/2024,Quarterly dwelling,,,"-$1,100.00","$23,676.00",0
01/14/2025,ACH to Johnson LLC,,,"-$1,950.00","$16,632.00",0
01/04/2024,Flat fee,,,-$500.00,"$30,067.00",0
04/10/2024,Premises Services (Unit 28B),,,"-$1,225.00","$17,596.00",1
03/24/2025,Besides rent - insurance,,,"-$2,600.00","$5,605.00",0
02/20/2024,My unit disbursement,,,"-$2,650.00","$29,087.00",1
04/25/2024,Service fee incl. services,,,"-$1,600.00","$40,521.00",0
11/04/2025,RENT - DO NOT DELETE,,,"-$1,325.00","$48,477.00",1
06/23/2025,Rent payment (primary residence),,,"-$2,850.00","$48,167.00",1
06/18/2025,Strata payment,,,-$150.00,"$30,321.00",0
07/24/2025,RENT-RECURRING,,,"$2,750.00","$25,831.00",1
07/03/2024,Servise payment,,,"-$1,450.00","$33,144.00",0
10/08/2025,Unit disbursement for residential unit,,,"-$3,050.00","$25,700.00",1
09/03/2025,Besides rent - insurance,,,-$250.00,"$41,422.00",0
02/28/2024,Condo fee,,,-$150.00,"$44,428.00",0
07/08/2024,Letting fee,,,-$800.00,"$30,116.00",0
03/29/2025,Service fee incl. services,,,"-$1,600.00","$5,430.00",0
01/02/2025,Premises fee with service charge,,,"-$1,575.00","$38,628.00",1
08/10/2024,Residential facility fee,,,"-$2,400.00","$28,817.00",1
09/19/2024,Dwelling remittance,,,-$725.00,"$19,327.00",1
05/25/2025,Real Estate Solutions,,,-$125.00,"$40,692.00",0
09/20/2025,Unit letting,,,"-$1,900.00","$39,031.00",1
01/22/2024,Additional to rent - fee,,,"-$2,250.00","$14,362.00",0
05/02/2025,Subscripton payment,,,"-$1,000.00","$10,166.00",0
08/20/2024,Spot payment,,,-$500.00,"$1,543.00",0
08/15/2025,Accommodation remittance including tax,,,"-$2,625.00","$46,007.00",1
12/15/2025,Residential payment Quarterly,,,"$1,700.00","$5,246.00",1
09/23/2025,Complex Services,,,-$800.00,"$40,803.00",0
01/18/2025,Periodic 30th payment,,,-$400.00,"$26,015.00",0
09/25/2025,Tenancy payment,,,-$75.00,"$38,609.00",0
04/12/2025,Wire to Thompson,,,-$150.00,"$25,829.00",0
11/27/2024,Residential payment 15th auto,,,-$700.00,"$1,728.00",1
04/16/2025,Rent ;payment,,,-$775.00,"$41,075.00",1
12/10/2025,Apart from rent - maintenance,,,-$300.00,"$21,917.00",0
09/15/2024,Property fee for residential unit,,,$600.00,"$34,798.00",1
06/07/2024,Rnet payment,,,"-$2,400.00","$4,582.00",1
02/16/2025,Accommodation remittance including tax,,,-$850.00,"$23,701.00",1
08/22/2025,RENT PAYMENT (MONTHLY),,,"-$1,100.00","$24,325.00",1
12/12/2024,Wire to Thompson,,,"$2,800.00","$21,259.00",0
03/26/2024,End of month remittance,,,"-$1,400.00","$30,309.00",0
07/31/2025,Digs payment,,,-$75.00,"$29,439.00",0
08/24/2025,Service First Monday,,,-$500.00,"$29,531.00",0
12/26/2025,Periodic 30th payment,,,-$700.00,"$8,338.00",0
05/23/2024,Condo fee,,,"-$1,600.00","$33,931.00",1
03/06/2024,Rent payment ,,,-$675.00,"$40,395.00",1
06/27/2025,Place I stay remittance,,,"-$1,725.00","$35,042.00",1
05/18/2024,Digs payment,,,-$50.00,"$19,802.00",0
01/04/2025,123 Main St monthly,,,"-$1,800.00","$4,420.00",1
04/19/2024,Lodgings remittance,,,"-$2,050.00","$48,812.00",1
06/24/2025,Flat fee,,,-$350.00,"$36,909.00",0
10/05/2024,Service Semi-monthly,,,"-$1,200.00","$24,147.00",0
04/15/2025,Mid-month transfer,,,-$200.00,"$4,371.00",0
09/16/2024,Rental payment,,,"-$1,000.00","$25,940.00",0
08/18/2024,Domicile disbursement,,,"$1,875.00","$39,300.00",1
10/05/2024,Utility fee + insurance,,,-$50.00,"$45,091.00",0
12/08/2024,Complex management remittance,,,"-$1,875.00","$4,623.00",1
01/30/2024,Service Semi-monthly,,,"-$1,000.00","$46,628.00",0
03/14/2025,Complex payment,,,$900.00,"$39,249.00",0
09/08/2025,Building payment for residential unit,,,"-$1,475.00","$38,155.00",1
12/22/2025,Bi-weekly housing (Unit 45C),,,"-$1,900.00","$2,763.00",1
04/11/2025,Rent payment (primary residence),,,"$2,350.00","$21,216.00",1
09/14/2024,Rent with included services,,,"-$1,200.00","$42,441.00",1
05/13/2024,Rent payment (primary residence),,,"-$1,075.00","$13,592.00",1
08/12/2024,Residential payment Monthly anniversary,,,"-$1,400.00","$36,208.00",1
04/10/2024,Residential payment 25th standing,,,"-$1,225.00","$1,856.00",1
11/12/2024,Complex payment for residential unit,,,"-$1,300.00","$42,489.00",1
01/08/2025,Rent payment (primary residence),,,"-$2,825.00","$35,830.00",1
11/05/2025,Residential payment Bi-weekly,,,-$700.00,"$24,613.00",1
12/17/2025,Utilitie payment,,,-$450.00,"$4,482.00",0
11/17/2024,Monthly on 15th,,,"-$1,775.00","$37,688.00",1
05/07/2025,Rent payment (apartment),,,"$1,600.00","$7,987.00",1
06/27/2025,Service Calendar month,,,-$500.00,"$8,480.00",0
10/04/2024,Non-rent housing expense,,,"-$1,600.00","$8,243.00",0
04/05/2024,Bi-weekly housing,,,-$700.00,"$10,273.00",0
02/04/2025,Distinct from rent - service,,,-$500.00,"$44,715.00",0
08/28/2024,Subscripton payment,,,-$300.00,"$28,889.00",0
01/04/2025,Maintenance fee incl. services,,,"-$1,450.00","$9,701.00",0
07/28/2025,Invoice #APT2024-001,,,"-$1,225.00","$18,653.00",1
09/20/2025,HOA fee + tax,,,-$400.00,"$34,864.00",0
02/17/2025,Property Services LLC,,,-$750.00,"$14,157.00",1
11/05/2025,Complex payment for residential unit,,,-$825.00,"$8,450.00",1
03/30/2025,RENT PAYMENT (MONTHLY),,,"-$2,450.00","$13,298.00",1
11/10/2024,Apart from rent - maintenance,,,-$250.00,"$15,854.00",0
05/09/2025,Rant fee,,,"-$2,150.00","$12,151.00",1
06/18/2025,Crib fee,,,"$1,000.00","$18,915.00",0
05/03/2024,Recurring 1st week,,,"-$2,400.00","$30,322.00",1
04/02/2025,Bi-weekly housing,,,"-$2,400.00","$42,186.00",0
04/16/2024,Maintenence payment,,,-$700.00,"$38,469.00",0
01/29/2025,Lodging remittance,,,"-$1,650.00","$9,147.00",1
06/02/2025,My unit disbursement,,,"-$1,550.00","$39,340.00",1
10/23/2024,Residence disbursement,,,"-$2,625.00","$36,858.00",1
01/07/2024,Residential Services,,,-$100.00,"$43,603.00",0
09/14/2024,Utility fee + insurance,,,$400.00,"$33,260.00",0
07/02/2024,Periodic 30th payment,,,-$500.00,"$29,533.00",0
01/23/2025,Dwelling disbursement plus fees,,,-$850.00,"$15,935.00",1
05/01/2025,Rent payment (apartment),,,"-$1,500.00","$6,808.00",1
09/30/2024,Remittance: DWELLING,,,"-$2,550.00","$1,377.00",1
04/23/2024,Condo fee,,,"$1,650.00","$7,662.00",0
08/19/2025,Building payment,,,"-$1,400.00","$22,423.00",0
07/09/2025,Rent payment ,,,"-$2,000.00","$31,605.00",1
09/01/2025,Unit charge for residential unit,,,"-$2,550.00","$16,810.00",1
01/26/2025,RENT #2024-001,,,"-$2,575.00","$47,761.00",1
07/19/2024,Monthly housing and utilities bundle,,,$775.00,"$21,429.00",1
10/09/2024,Monthly payment to John,,,-$650.00,"$1,169.00",0
01/01/2025,Utilitie payment,,,"-$1,600.00","$34,636.00",0
08/24/2024,Monthly payment to John,,,-$200.00,"$16,673.00",0
04/12/2025,Zelle to Davis,,,"-$1,475.00","$22,232.00",1
09/25/2024,RENT PAYMENT (MONTHLY),,,"-$1,900.00","$4,150.00",1
04/20/2025,Zelle to Davis,,,-$450.00,"$44,050.00",0
09/23/2024,Letting fee,,,$500.00,"$37,918.00",0
07/13/2024,Maintenence payment,,,"-$1,850.00","$39,496.00",0
10/30/2024,Recurring transfer to Smith,,,"-$1,800.00","$2,671.00",0
06/09/2024,NOT rent - utilities,,,"-$1,450.00","$26,346.00",0
04/03/2024,Utilitie payment,,,-$250.00,"$48,001.00",0
10/18/2025,Residential payment 10th recurring,,,"-$1,850.00","$12,359.00",1
02/11/2024,Debit to Anderson,,,"-$1,200.00","$13,003.00",0
07/12/2024,Digs payment,,,"-$1,875.00","$41,371.00",1
07/04/2025,Habitation remittance with utilities,,,"-$3,000.00","$37,850.00",1
06/08/2024,Lease fee for residential unit,,,"-$1,575.00","$40,091.00",1
09/29/2025,Additional to rent - fee,,,-$600.00,"$34,745.00",0
03/22/2025,Zelle to Davis,,,-$700.00,"$30,757.00",0
08/03/2024,Lease obligation payment,,,-$825.00,"$5,678.00",1
08/17/2024,Abode payment plus insurance,,,"-$2,400.00","$43,008.00",1
07/01/2024,Remittance to Moore,,,"-$1,000.00","$19,908.00",0
04/09/2025,Complex Services,,,"-$1,000.00","$28,849.00",0
07/29/2025,Habitation remittance with utilities,,,"-$1,100.00","$15,098.00",1
09/30/2025,RENT_INVOICE_001,,,"-$1,450.00","$5,198.00",1
03/05/2024,Other than rent - tax,,,-$600.00,"$29,347.00",0
09/18/2024,Rent payment (primary residence),,,"-$2,400.00","$7,907.00",1
07/12/2025,Habitation remittance,,,-$725.00,"$11,638.00",1
04/15/2024,Rant remittance,,,"$3,000.00","$7,986.00",1
04/08/2024,RENT-RECURRING,,,"-$2,575.00","$11,046.00",1
09/22/2024,Debit to Anderson,,,-$200.00,"$9,720.00",0
05/10/2024,Payment to Wilson,,,-$450.00,"$23,025.00",0
09/30/2024,Property fee for residential unit,,,"-$2,450.00","$33,357.00",1
03/21/2024,Habitation remittance with utilities,,,-$925.00,"$36,175.00",1
07/09/2024,Wire to Thompson,,,"-$1,850.00","$28,166.00",0
07/31/2024,Housing Associates,,,"-$2,975.00","$23,362.00",1
03/25/2024,Digs payment,,,-$200.00,"$24,200.00",0
12/14/2024,Lease payment,,,"-$1,200.00","$11,593.00",0
01/07/2024,SERVICE - RECURRING,,,$700.00,"$39,225.00",0
01/15/2024,Accommodation remittance including tax,,,"-$2,825.00","$6,131.00",1
01/13/2024,Distinct from rent - service,,,-$700.00,"$26,688.00",0
11/14/2025,Tenancy payment,,,"-$2,950.00","$42,134.00",1
07/29/2025,Subscription Quarterly,,,-$350.00,"$44,216.00",0
09/04/2025,Monthly housing and utilities bundle,,,-$725.00,"$24,742.00",1
04/25/2024,Additional to rent - fee,,,"$1,000.00","$30,693.00",0
12/07/2024,Wire to Thompson,,,-$725.00,"$39,871.00",1
02/22/2025,Subscription Bi-weekly,,,"-$1,200.00","$49,894.00",0
08/05/2024,Housing Associates,,,-$200.00,"$44,990.00",0
12/29/2024,UTILITY - RECURRING,,,"-$1,600.00","$41,215.00",0
01/07/2025,Maintenance fee incl. services,,,"-$1,750.00","$33,458.00",0
11/09/2025,Residential facility fee,,,-$725.00,"$38,569.00",1
02/12/2024,Crib fee,,,"-$1,200.00","$36,914.00",0
09/16/2025,Besides rent - insurance,,,-$450.00,"$17,767.00",0
07/11/2024,Apartment 12C fee,,,"-$1,550.00","$7,646.00",1
12/19/2024,Rent-pay ment,,,"-$2,050.00","$43,119.00",1
10/01/2025,RENT: UNIT 304,,,"-$2,750.00","$4,129.00",1
11/20/2024,My house monthly,,,-$950.00,"$4,904.00",1
01/15/2024,Service fee incl. services,,,-$350.00,"$11,587.00",0
08/12/2024,Maintenence payment,,,-$100.00,"$27,996.00",0
04/08/2025,Recurring 1st week,,,-$350.00,"$49,483.00",0
10/19/2024,Property fee for residential unit,,,-$650.00,"$2,714.00",1
04/09/2025,Payment on 1st of month (Unit 24C),,,"-$1,500.00","$48,989.00",1
06/24/2025,Service fee + insurance,,,-$700.00,"$38,250.00",0
07/15/2025,Residence fee including amenities,,,"-$1,225.00","$26,177.00",1
05/05/2024,Membership 10th recurring,,,-$75.00,"$11,577.00",0
09/14/2025,Rent-paymnt,,,"-$2,950.00","$45,176.00",1
01/01/2025,RENT: UNIT 304,,,"-$1,800.00","$31,748.00",1
10/26/2025,Check #1234 for monthly,,,"-$1,850.00","$16,679.00",0
09/04/2025,Distinct from rent - service,,,"-$1,450.00","$32,365.00",0
07/17/2025,Additional to rent - fee,,,-$250.00,"$3,325.00",0
11/27/2024,Transfer to Miller (Unit 13A),,,"-$1,775.00","$28,244.00",1
03/31/2025,Utilitie payment,,,-$250.00,"$7,579.00",0
04/03/2024,Strata payment,,,$300.00,"$46,374.00",0
06/10/2024,Payment on 1st of month,,,"-$1,850.00","$14,911.00",0
08/30/2025,RENT>>PAYMENT,,,-$625.00,"$43,804.00",1
12/09/2025,Digs payment,,,-$100.00,"$23,453.00",0
12/27/2025,Lease fee for residential unit,,,-$825.00,"$28,440.00",1
12/02/2024,My house monthly,,,"-$1,725.00","$42,871.00",1
08/05/2024,My unit disbursement,,,"-$1,350.00","$22,036.00",1
09/01/2025,Rent payment (apartment),,,"-$2,975.00","$40,065.00",1
12/29/2024,Subscription First Monday,,,"-$1,200.00","$23,709.00",0
05/02/2024,Premises fee with service charge,,,-$675.00,"$29,391.00",1
03/31/2024,Quarterly dwelling,,,"-$1,550.00","$21,196.00",0
04/16/2025,Letting fee,,,-$800.00,"$27,206.00",0
05/25/2024,Rent payment ,,,"-$1,350.00","$17,560.00",1
01/17/2024,Apartment payment + parking,,,"-$2,000.00","$14,173.00",1
10/31/2024,Quarterly dwelling,,,-$150.00,"$27,622.00",0
12/01/2025,Building fee,,,-$250.00,"$43,459.00",0
09/17/2025,Membership First Monday,,,-$400.00,"$13,184.00",0
09/02/2025,Spot payment,,,-$850.00,"$14,508.00",0
05/15/2024,Rent payment (apartment),,,"-$2,775.00","$30,635.00",1
06/24/2024,Unit payment including maintenance,,,"-$2,350.00","$26,218.00",1
10/30/2024,RENT #2024-001,,,"-$1,000.00","$21,197.00",1
12/29/2024,Non-rent housing expense,,,-$700.00,"$36,698.00",0
08/20/2025,Service Every 30 days,,,"-$2,100.00","$13,053.00",0
05/28/2025,Rent payment (primary residence),,,"-$1,900.00","$6,546.00",1
08/02/2025,Residential payment Last day,,,-$850.00,"$41,674.00",1
06/10/2024,Rent-paymnt,,,"-$2,650.00","$36,858.00",1
02/14/2024,NOT rent - utilities,,,"-$1,450.00","$32,630.00",0
03/21/2024,Debit to Anderson,,,$625.00,"$35,613.00",1
10/15/2025,Flat fee,,,-$125.00,"$42,033.00",0
02/06/2024,Rent payment ,,,"-$1,300.00","$16,893.00",1
07/20/2025,Transfer to Miller,,,"-$1,400.00","$5,431.00",0
12/16/2025,Lodging remittance,,,"-$3,025.00","$31,775.00",1
07/08/2025,RENT~MONTHLY,,,"-$1,275.00","$31,656.00",1
03/24/2025,Service Calendar month,,,-$300.00,"$47,810.00",0
07/05/2024,Mid-month transfer,,,-$600.00,"$27,745.00",0
04/16/2024,Building payment,,,"-$1,000.00","$13,973.00",0
02/16/2025,Monthly payment to John,,,-$850.00,"$37,509.00",1
08/02/2025,Utility fee incl. services,,,"-$1,000.00","$12,349.00",0
03/05/2024,Mid-month transfer (Unit 18A),,,"-$1,400.00","$19,977.00",1
08/16/2025,Rant fee,,,-$875.00,"$17,330.00",1
01/22/2024,Monthly housing and utilities bundle,,,"-$2,250.00","$23,266.00",1
10/16/2024,Bi-weekly housing,,,"-$2,200.00","$39,705.00",1
08/07/2025,Crib fee,,,-$625.00,"$19,413.00",1
04/24/2024,Subscripton payment,,,-$100.00,"$45,817.00",0
07/02/2024,Recurring transfer to Smith,,,"-$1,000.00","$8,514.00",0
08/26/2024,Complex Services,,,$650.00,"$49,244.00",0
05/09/2025,Maintenence payment,,,"-$2,400.00","$11,402.00",0
02/28/2025,RENT_INVOICE_001,,,"-$1,500.00","$9,429.00",1
06/30/2025,Real Estate Solutions,,,-$100.00,"$33,313.00",0
05/01/2024,Rent payment (primary residence),,,"-$2,125.00","$19,002.00",1
04/18/2024,SERVICE - AUTO,,,-$950.00,"$12,649.00",0
12/12/2024,Crib fee,,,"-$1,700.00","$37,104.00",1
06/22/2025,Check #1234 for monthly,,,"-$1,950.00","$13,538.00",0
09/12/2024,CHARGE - AUTO,,,-$200.00,"$18,739.00",0
07/04/2025,Residence disbursement,,,"-$1,450.00","$6,346.00",1
05/22/2025,CHARGE - MONTHLY,,,-$150.00,"$39,208.00",0
04/19/2025,Crib fee,,,"-$2,850.00","$31,705.00",1
04/01/2024,Pad payment,,,-$250.00,"$21,130.00",0
11/16/2025,UTILITY - RECURRING,,,"-$1,550.00","$1,109.00",0
07/08/2024,Residential payment 10th recurring,,,-$925.00,"$6,152.00",1
06/07/2025,Payment on 1st of month,,,-$100.00,"$16,339.00",0
10/07/2024,Rent (missed auto),,,"-$2,000.00","$42,076.00",1
05/30/2024,Subscripton payment,,,$300.00,"$2,028.00",0
04/03/2024,Unit letting,,,"-$2,650.00","$19,137.00",1
01/08/2024,Check #1234 for monthly,,,"-$1,600.00","$13,983.00",0
08/07/2024,Building administration fee,,,"-$1,900.00","$26,368.00",1
02/01/2025,Unit payment including maintenance,,,"-$2,800.00","$21,369.00",1
10/18/2025,Residential payment Semi-monthly,,,"-$2,625.00","$21,284.00",1
06/08/2025,Building administration fee,,,"-$3,025.00","$15,832.00",1
09/17/2024,UTILITY - RECURRING,,,-$500.00,"$21,256.00",0
04/17/2025,End of month remittance,,,-$300.00,"$13,847.00",0
06/05/2024,Premises Services,,,$100.00,"$18,858.00",0
04/22/2024,Excluding rent - HOA,,,-$650.00,"$4,663.00",0
03/09/2025,Subscription Bi-weekly,,,-$300.00,"$46,715.00",0
07/22/2025,Flat fee,,,"-$1,000.00","$43,940.00",0
11/08/2024,Rent payment (primary residence),,,"-$2,200.00","$11,415.00",1
11/21/2024,Property payment,,,-$600.00,"$7,608.00",0
11/19/2024,Property remittance,,,"-$2,250.00","$8,348.00",0
05/01/2024,Remittance: DWELLING,,,-$600.00,"$44,066.00",1
12/10/2025,Lease charge for residential unit,,,"-$2,975.00","$38,334.00",1
05/17/2025,Service fee + insurance,,,-$200.00,"$9,994.00",0
04/16/2025,Additional to rent - fee,,,$50.00,"$16,574.00",0
12/21/2024,RENT>>PAYMENT,,,"-$2,600.00","$34,798.00",1
03/08/2024,Crib fee,,,"$1,800.00","$1,658.00",0
07/28/2024,Debit to Anderson,,,-$200.00,"$33,504.00",0
08/10/2024,Bi-weekly housing,,,-$125.00,"$47,659.00",0
08/12/2024,Residential payment Bi-weekly,,,"-$2,975.00","$1,897.00",1
01/08/2024,Facility Solutions,,,-$700.00,"$49,192.00",0
04/18/2024,RENT - APT 5B,,,"-$1,775.00","$1,026.00",1
12/26/2024,Rent payment (primary residence),,,-$800.00,"$22,293.00",1
05/26/2024,Premises fee with service charge,,,"-$2,950.00","$13,642.00",1
09/11/2025,UTILITY - AUTO,,,-$250.00,"$18,479.00",0
01/24/2025,Facility management disbursement,,,-$875.00,"$26,483.00",1
11/18/2025,Subscription 5th monthly,,,-$800.00,"$47,914.00",0
11/20/2025,Subscripton payment,,,"-$1,550.00","$42,452.00",0
07/06/2025,Tenancy payment,,,"-$1,800.00","$17,896.00",0
06/16/2024,Subscripton payment,,,-$75.00,"$31,964.00",0
12/12/2024,Residential Services,,,-$200.00,"$36,014.00",0
07/10/2025,Rent/payment,,,"-$2,850.00","$26,261.00",1
06/12/2025,Subscription Every 30 days,,,"-$3,000.00","$38,814.00",0
06/22/2025,Rent payment (primary residence),,,"-$1,500.00","$12,025.00",1
04/13/2024,Periodic 30th payment,,,"-$2,800.00","$49,964.00",1
07/12/2025,Residence fee including amenities,,,"-$1,600.00","$12,593.00",1
05/01/2025,Crib fee,,,-$250.00,"$13,121.00",0
02/24/2025,Premises fee with service charge,,,"-$1,425.00","$44,309.00",1
09/04/2024,Building fee for residential unit,,,"-$1,675.00","$19,567.00",1
07/01/2024,RENT - APT 5B,,,"$1,750.00","$26,364.00",1
04/14/2024,Besides rent - insurance,,,-$75.00,"$1,195.00",0
12/12/2025,RENT>>PAYMENT,,,"-$2,600.00","$28,483.00",1
04/21/2025,Apartment 12C fee,,,"-$1,800.00","$3,597.00",1
12/25/2024,Rent payment ,,,"-$1,775.00","$9,715.00",1
02/28/2024,Residential payment Every 30 days,,,-$725.00,"$23,704.00",1
08/27/2025,Subscription 25th standing,,,-$750.00,"$20,517.00",0
03/16/2024,Property fee,,,"-$1,850.00","$11,248.00",0
01/16/2025,Excluding rent - HOA,,,"-$2,250.00","$38,240.00",0
07/28/2025,Recurring 1st week (Unit 13B),,,-$600.00,"$43,078.00",1
12/26/2025,Unit payment,,,"-$1,350.00","$48,961.00",0
06/15/2025,Service 15th auto,,,-$300.00,"$32,563.00",0
03/06/2025,Apart from rent - maintenance,,,-$350.00,"$36,736.00",0
07/28/2024,FEE - MONTHLY,,,-$400.00,"$43,568.00",0
05/13/2025,Rent payment (primary residence),,,"-$1,675.00","$35,711.00",1
11/23/2025,Maintenence payment,,,-$600.00,"$46,582.00",0
10/10/2024,Apartment 12C fee,,,"-$1,450.00","$45,657.00",1
10/30/2025,Abode payment plus insurance,,,"-$1,800.00","$10,462.00",1
11/14/2025,Digs payment,,,"-$1,700.00","$31,600.00",1
06/27/2025,Building payment,,,"-$1,650.00","$32,355.00",0
03/27/2025,Property remittance,,,-$250.00,"$6,069.00",0
07/16/2024,For 303 Parkview,,,"-$2,225.00","$38,258.00",1
02/26/2024,CHARGE - RECURRING,,,-$400.00,"$1,600.00",0
12/03/2025,Maintenence payment,,,-$900.00,"$12,497.00",0
03/12/2024,Rent payment (primary residence),,,"-$2,100.00","$48,266.00",1
11/21/2024,Maintenence payment,,,-$850.00,"$5,701.00",0
12/30/2025,Crib fee,,,"-$2,625.00","$35,841.00",1
11/07/2025,Flat fee,,,-$125.00,"$27,860.00",0
04/14/2024,Rent payment (apartment),,,"-$1,900.00","$28,183.00",1
02/07/2024,Semi-monthly residence,,,-$450.00,"$13,057.00",0
11/11/2024,Debit to Anderson,,,$350.00,"$25,514.00",0
06/06/2024,Maintenance fee incl. services,,,$900.00,"$13,822.00",0
04/27/2024,Complex charge,,,"-$1,250.00","$31,351.00",0
03/25/2024,ACH to Johnson LLC,,,-$725.00,"$19,220.00",1
02/02/2024,Rent-pay ment,,,"$1,575.00","$21,646.00",1
01/03/2025,Independent of rent - repair,,,-$300.00,"$10,809.00",0
08/22/2024,RENT: UNIT 304,,,"$1,325.00","$47,276.00",1
07/16/2025,Rent..payment,,,"-$1,475.00","$48,605.00",1
09/30/2025,Flat fee,,,"-$1,400.00","$18,795.00",0
09/06/2025,Place remittance,,,-$900.00,"$30,698.00",0
06/06/2025,Property Services LLC,,,$950.00,"$13,422.00",0
02/24/2024,Maintenance fee + insurance,,,-$600.00,"$23,786.00",0
09/08/2025,Complex management remittance,,,-$700.00,"$35,370.00",1
02/25/2024,RENT PAYMENT (MONTHLY),,,"-$2,100.00","$22,731.00",1
06/30/2024,Subscription 20th periodic,,,$600.00,"$6,380.00",0
06/26/2025,Apartment payment + parking,,,$800.00,"$31,050.00",1
08/22/2025,Premises Services,,,-$75.00,"$6,241.00",0
05/21/2024,Habitation remittance,,,"$1,700.00","$43,298.00",1
03/21/2024,Complex Services,,,"-$1,650.00","$47,863.00",0
11/16/2025,Complex charge,,,"-$2,800.00","$30,623.00",0
05/02/2025,Unit fee,,,-$75.00,"$48,538.00",0
01/28/2024,Other than rent - tax,,,-$800.00,"$11,535.00",0
04/23/2025,Subscription Bi-weekly,,,-$700.00,"$6,087.00",0
08/01/2024,Accommodation disbursement,,,"-$2,800.00","$16,905.00",1
03/21/2025,Service First Monday,,,-$75.00,"$36,262.00",0
03/20/2024,Dwelling disbursement plus fees,,,"$1,800.00","$28,496.00",1
05/21/2024,ACH to Johnson LLC,,,-$825.00,"$24,965.00",1
09/23/2025,Zelle to Davis (Unit 35A),,,"-$1,500.00","$22,616.00",1
01/22/2024,HOA fee + tax,,,-$800.00,"$45,214.00",0
11/03/2024,Recurring 1st week,,,"-$1,675.00","$40,484.00",1
03/12/2024,Periodic 30th payment,,,-$125.00,"$28,211.00",0
08/03/2024,Recurring transfer to Smith,,,-$150.00,"$20,377.00",0
09/07/2025,Subscripton payment,,,-$300.00,"$29,011.00",0
01/15/2025,Spot payment,,,-$125.00,"$1,954.00",0
12/20/2024,Flat fee,,,"-$2,625.00","$13,478.00",1
12/12/2025,RENT_INVOICE_001,,,-$725.00,"$5,649.00",1
02/02/2025,Unit disbursement for residential unit,,,-$625.00,"$29,761.00",1
06/12/2025,Residential payment Bi-weekly,,,-$675.00,"$28,143.00",1
08/05/2025,Subscription 1st of month,,,"-$1,800.00","$47,557.00",0
11/30/2025,Accommodation remittance including tax,,,"-$1,950.00","$44,390.00",1
12/19/2024,Rent payment ,,,"-$3,000.00","$12,282.00",1
03/20/2024,RENT|AUTO,,,"-$2,350.00","$1,270.00",1
07/04/2025,RENT PAYMENT (MONTHLY),,,"-$1,050.00","$9,602.00",1
02/13/2024,Digs payment,,,"-$3,000.00","$4,230.00",1
10/25/2024,Rent payment ,,,"-$2,200.00","$2,016.00",1
10/19/2024,Rent payment (apartment),,,"-$1,250.00","$24,097.00",1
05/04/2024,Residential payment 15th auto,,,"-$2,950.00","$28,440.00",1
02/29/2024,Maintenence payment,,,-$800.00,"$12,980.00",0
07/20/2024,Monthly payment to John,,,-$300.00,"$11,074.00",0
12/14/2024,Periodic 30th payment,,,"-$2,250.00","$4,984.00",0
06/07/2024,FEE - MONTHLY,,,-$700.00,"$42,661.00",0
03/17/2025,CHARGE - AUTO,,,-$700.00,"$42,646.00",0
02/25/2025,Utility fee + insurance,,,-$200.00,"$2,136.00",0
01/14/2024,RENT: UNIT 304,,,"-$1,375.00","$30,317.00",1
05/15/2025,Utilitie payment,,,-$900.00,"$13,483.00",0
05/30/2024,Complex charge for residential unit,,,"-$1,475.00","$11,776.00",1
08/02/2024,Rent (missed auto),,,"-$1,700.00","$19,084.00",1
04/27/2025,Rent payment (primary residence),,,"$2,300.00","$29,645.00",1
02/13/2024,Monthly housing and utilities bundle,,,-$700.00,"$40,220.00",1
05/05/2024,Unit letting,,,"-$1,250.00","$16,645.00",1
10/02/2025,Residential payment 20th periodic,,,"-$2,650.00","$4,676.00",1
02/08/2025,Residential payment Quarterly,,,"-$1,925.00","$21,973.00",1
10/10/2025,Lease charge,,,-$75.00,"$25,283.00",0
12/12/2024,Non-rent housing expense,,,"-$1,450.00","$37,147.00",0
07/16/2024,Rent payment (apartment),,,"-$2,800.00","$26,438.00",1
01/17/2024,Zelle to Davis,,,"-$1,800.00","$25,043.00",0
04/21/2024,Rental payment,,,-$200.00,"$27,407.00",0
11/26/2024,Non-rent housing expense,,,$900.00,"$30,412.00",0
08/22/2024,RENT~MONTHLY,,,-$700.00,"$24,681.00",1
02/15/2025,My apartment payment,,,"-$3,025.00","$31,997.00",1
03/21/2024,Abode payment plus insurance,,,"-$1,125.00","$43,468.00",1
04/24/2025,Unit payment,,,-$700.00,"$34,124.00",0
09/23/2025,UTILITY - AUTO,,,-$500.00,"$7,575.00",0
07/23/2025,Premises Services (Unit 6C),,,-$675.00,"$29,231.00",1
08/12/2024,Complex charge,,,-$50.00,"$13,989.00",0
07/21/2024,Payment to Wilson,,,"$1,400.00","$33,872.00",0
08/15/2025,Monthly on 15th,,,"-$2,400.00","$26,866.00",0
08/11/2024,Property Services LLC,,,$350.00,"$19,334.00",0
06/25/2024,Apartment 12C fee,,,"-$2,975.00","$23,487.00",1
02/25/2024,Real estate management fee,,,"-$2,750.00","$47,397.00",1
01/12/2025,Besides rent - insurance,,,-$350.00,"$48,122.00",0
06/03/2025,Digs payment,,,"$1,700.00","$16,728.00",1
09/14/2025,RENT PAYMENT (MONTHLY),,,"$2,225.00","$29,998.00",1
10/22/2024,Housing allocation payment,,,"-$1,150.00","$37,497.00",1
01/30/2025,Residence fee including amenities,,,"-$2,425.00","$8,812.00",1
08/19/2024,Wire to Thompson (Unit 32A),,,"-$2,050.00","$21,928.00",1
09/24/2024,Payment on 1st of month,,,"-$1,550.00","$1,377.00",0
03/04/2024,Lease obligation payment,,,-$825.00,"$46,039.00",1
04/30/2024,Unit Management,,,"-$1,500.00","$48,621.00",1
10/19/2025,Tenancy payment,,,"-$1,900.00","$6,112.00",1
04/22/2025,Rentt disbursement,,,"-$1,550.00","$30,379.00",1
10/22/2024,Unit charge,,,"-$1,000.00","$21,332.00",0
07/28/2025,Tenancy payment,,,-$500.00,"$49,781.00",0
07/30/2024,Residential payment 25th standing,,,"-$2,250.00","$3,916.00",1
10/25/2024,Spot payment,,,"-$1,000.00","$45,125.00",1
06/07/2025,Rant remittance,,,"-$2,575.00","$25,633.00",1
03/08/2025,Facility Solutions,,,"-$1,200.00","$25,811.00",0
05/18/2024,Property remittance for residential unit,,,"-$2,950.00","$38,621.00",1
04/13/2025,RENT - APT 5B,,,"-$2,625.00","$25,695.00",1
04/11/2025,Subscription Monthly anniversary,,,"-$1,200.00","$40,134.00",0
03/28/2025,Maintenance fee incl. services,,,-$800.00,"$46,342.00",0
02/10/2024,Residential payment 25th standing,,,-$775.00,"$13,592.00",1
05/01/2025,Semi-monthly residence (Unit 16B),,,"-$2,250.00","$44,534.00",1
03/20/2025,Rent payment (apartment),,,"-$1,950.00","$30,278.00",1
10/22/2025,RENT_INVOICE_001,,,"-$1,575.00","$49,721.00",1
06/08/2024,Building Management,,,"-$1,450.00","$42,824.00",0
06/10/2025,Servise payment,,,"-$1,800.00","$11,773.00",0
08/25/2025,Habitation remittance with utilities,,,"-$1,775.00","$15,286.00",1
06/08/2025,Digs payment,,,"-$2,350.00","$48,967.00",1
12/12/2025,Monthly housing and utilities bundle,,,"-$2,075.00","$44,400.00",1
12/20/2024,Rant remittance,,,"-$1,650.00","$37,894.00",1
11/13/2024,CHARGE - MONTHLY,,,"-$1,800.00","$36,470.00",0
05/14/2025,Recurring 1st week,,,-$800.00,"$40,953.00",0
08/22/2025,Building payment,,,-$250.00,"$48,464.00",0
09/23/2025,Residential Services,,,"-$1,975.00","$1,710.00",1
06/16/2024,Condo fee,,,"-$1,450.00","$7,621.00",0
02/11/2025,NOT rent - utilities,,,-$100.00,"$34,476.00",0
05/01/2024,NOT rent - utilities,,,-$350.00,"$38,504.00",0
02/16/2024,Rent payment ,,,"-$2,650.00","$44,799.00",1
06/02/2024,Transfer to Miller (Unit 36C),,,"-$1,900.00","$13,504.00",1
01/29/2025,Quarterly dwelling,,,"-$1,450.00","$32,619.00",0
03/31/2024,Periodic 30th payment,,,-$500.00,"$13,012.00",0
07/30/2024,Residential payment 25th standing,,,"-$1,900.00","$20,771.00",1
12/23/2024,Unit payment including maintenance,,,"-$1,300.00","$26,024.00",1
08/26/2024,Spot payment,,,"-$1,700.00","$2,250.00",1
04/02/2025,Residential payment 20th periodic,,,"-$1,350.00","$21,779.00",1
03/06/2024,Residential payment 5th monthly,,,"-$2,100.00","$18,016.00",1
01/21/2024,CHARGE - AUTO,,,-$700.00,"$45,476.00",0
05/12/2025,Tenancy payment,,,-$250.00,"$23,424.00",0
10/07/2024,Residential payment 20th periodic,,,"-$2,825.00","$39,271.00",1
12/02/2025,RENT - DO NOT DELETE,,,"-$1,800.00","$44,820.00",1
07/20/2024,Service Every 30 days,,,"$1,000.00","$25,813.00",0
09/04/2025,Recurring 1st week (Unit 47B),,,"-$1,800.00","$14,399.00",1
04/11/2025,Residential occupancy fee,,,"-$1,700.00","$7,796.00",1
03/15/2025,Rent/payment,,,"$1,525.00","$18,385.00",1
12/29/2025,Domicile Solutions,,,"-$1,250.00","$24,748.00",0
09/12/2025,Building administration fee,,,"-$1,325.00","$49,137.00",1
11/05/2025,End of month remittance,,,"$1,800.00","$9,788.00",1
01/04/2025,Non-rent housing expense,,,-$125.00,"$40,815.00",0
12/26/2025,Premises Services,,,"-$1,150.00","$14,887.00",1
01/28/2024,Rent payment ,,,"-$2,750.00","$43,968.00",1
10/01/2024,Property remittance for residential unit,,,"-$2,450.00","$30,500.00",1
05/05/2024,HOA fee + tax,,,-$900.00,"$31,955.00",0
09/19/2025,Residential payment Calendar month,,,"-$1,075.00","$47,082.00",1
08/01/2025,First of month payment,,,-$250.00,"$25,467.00",0
12/26/2024,Rent payment (apartment),,,"-$2,825.00","$48,078.00",1
12/28/2024,Utility fee + insurance,,,-$50.00,"$30,249.00",0
04/02/2024,Subscripton payment,,,"-$2,800.00","$36,137.00",0
10/24/2024,Unit Management (Unit 7B),,,"-$1,375.00","$32,995.00",1
08/05/2024,Crib fee,,,"-$1,675.00","$10,274.00",1
08/10/2024,Residential payment 10th recurring,,,"-$1,525.00","$14,104.00",1
07/23/2025,Subscripton payment,,,"-$1,000.00","$17,474.00",0
10/27/2024,Unit remittance for residential unit,,,"$2,625.00","$36,487.00",1
05/03/2025,Unit payment,,,-$350.00,"$6,916.00",0
03/10/2025,Building payment,,,"-$1,850.00","$20,631.00",0
01/30/2025,Apartment payment + parking,,,"-$1,825.00","$17,169.00",1
10/01/2024,Payment to Wilson,,,"-$1,450.00","$8,779.00",1
11/22/2024,Membership Monthly anniversary,,,"-$1,800.00","$21,849.00",0
05/20/2025,Unit Management,,,-$125.00,"$2,808.00",0
03/09/2025,End of month remittance,,,"$2,100.00","$13,268.00",0
11/03/2024,Periodic 30th payment,,,-$950.00,"$19,694.00",1
06/17/2024,Payment to Wilson,,,"-$1,400.00","$23,838.00",0
06/15/2025,RENT - DO NOT DELETE,,,-$650.00,"$37,014.00",1
02/22/2024,RENT|AUTO,,,-$800.00,"$48,485.00",1
10/18/2025,Letting fee,,,"-$1,600.00","$12,209.00",0
08/17/2025,RENT_INVOICE_001,,,"-$1,200.00","$47,098.00",1
05/27/2024,Real Estate Solutions,,,-$350.00,"$4,253.00",0
05/16/2025,RENT>>PAYMENT,,,"-$1,150.00","$39,024.00",1
06/20/2024,Unit payment for residential unit,,,-$625.00,"$40,169.00",1
01/04/2025,RENT>>PAYMENT,,,"$3,050.00","$17,228.00",1
09/19/2025,Maintenance fee + tax,,,-$200.00,"$12,679.00",0
11/02/2024,Lease obligation payment,,,"-$2,275.00","$1,822.00",1
05/07/2025,Rant fee,,,"-$2,350.00","$4,225.00",1
07/09/2025,Building fee,,,"-$2,600.00","$37,833.00",0
08/12/2025,Monthly on 15th,,,-$75.00,"$24,471.00",0
07/10/2024,123 Main St monthly,,,"$2,125.00","$2,411.00",1
12/07/2025,Payment to Wilson,,,"-$2,250.00","$39,188.00",0
08/28/2024,Rent payment (apartment),,,"-$2,375.00","$46,671.00",1
09/20/2025,Utility fee + tax,,,-$150.00,"$34,170.00",0
06/17/2025,Maintenance fee + tax,,,$150.00,"$46,069.00",0
07/07/2025,Membership Last day,,,"$1,650.00","$44,067.00",0
08/03/2025,Habitation remittance with utilities,,,"-$1,775.00","$39,110.00",1
03/25/2025,HOA fee + tax,,,-$75.00,"$6,469.00",0
08/25/2024,Complex charge for residential unit,,,"$1,925.00","$41,899.00",1
04/27/2024,Premises fee with service charge,,,"-$1,225.00","$23,177.00",1
01/16/2025,Property remittance for residential unit,,,"-$2,075.00","$8,223.00",1
11/13/2025,Building Management,,,-$75.00,"$20,916.00",0
04/28/2024,500 Oak Ave payment,,,"-$2,650.00","$41,096.00",1
09/03/2025,Utilitie payment,,,"-$1,950.00","$39,054.00",0
04/30/2024,Besides rent - insurance,,,-$600.00,"$36,960.00",0
10/12/2024,Zelle to Davis,,,"$1,500.00","$49,789.00",1
12/17/2025,For 303 Parkview,,,-$700.00,"$1,314.00",1
09/10/2024,Lodgings remittance,,,-$350.00,"$26,194.00",0
09/28/2024,Membership Semi-monthly,,,"-$2,600.00","$44,013.00",0
10/19/2025,Strata payment,,,"-$1,750.00","$30,499.00",1
12/20/2024,Transfer to Miller,,,"-$2,750.00","$14,992.00",1
01/10/2025,Maintenance fee incl. services,,,"$1,600.00","$19,587.00",0
02/20/2024,Pad payment,,,-$650.00,"$22,356.00",0
09/19/2025,Pad payment,,,"-$1,200.00","$13,495.00",0
02/11/2025,Rent payment ,,,"-$1,975.00","$46,874.00",1
12/25/2025,Real estate management fee,,,-$650.00,"$38,659.00",1
11/02/2025,Residential payment 20th periodic,,,-$700.00,"$25,609.00",1
04/22/2024,Check #1234 for monthly,,,-$800.00,"$2,157.00",0
09/11/2025,Periodic 30th payment,,,-$50.00,"$48,469.00",0
10/23/2024,Flat fee,,,-$500.00,"$13,334.00",0
06/21/2025,Property remittance for residential unit,,,"-$1,950.00","$38,008.00",1
09/18/2024,Residential payment Bi-weekly,,,-$925.00,"$27,890.00",1
01/08/2024,Rent payment (apartment),,,"$2,825.00","$47,205.00",1
06/29/2024,Payment ref: HOUSING-,,,-$725.00,"$42,123.00",1
04/20/2025,Rentt disbursement,,,"-$1,425.00","$35,805.00",1
03/27/2024,Accommodation remittance including tax,,,-$925.00,"$31,367.00",1
04/10/2024,UTILITY - AUTO,,,-$50.00,"$18,438.00",0
05/09/2024,Building Management,,,-$700.00,"$2,273.00",0
09/17/2024,RENT PAYMENT (MONTHLY),,,"-$1,900.00","$27,954.00",1
05/23/2025,Property Services LLC,,,-$350.00,"$20,747.00",0
08/04/2025,Maintenance fee + tax,,,"-$1,600.00","$41,322.00",0
03/09/2024,Residential payment Quarterly,,,"-$1,500.00","$39,500.00",1
12/08/2024,Building fee for residential unit,,,"-$1,700.00","$43,543.00",1
05/28/2024,CHARGE - RECURRING,,,-$300.00,"$30,933.00",0
08/19/2025,Residential payment Monthly anniversary,,,$775.00,"$26,583.00",1
05/12/2025,Unit remittance,,,-$350.00,"$16,768.00",0
11/24/2024,Rent payment (apartment),,,"-$2,350.00","$23,751.00",1
04/14/2024,Residential payment 20th periodic,,,"-$1,800.00","$29,682.00",1
03/22/2025,Recurring transfer to Smith,,,"-$2,150.00","$7,745.00",1
05/29/2024,Rent payment (primary residence),,,"-$2,075.00","$40,796.00",1
01/01/2025,Residential Services (Unit 30C),,,"-$2,225.00","$23,499.00",1
06/01/2025,Semi-monthly residence,,,"-$2,100.00","$22,985.00",0
05/19/2024,UTILITY - MONTHLY,,,"-$1,350.00","$9,691.00",0
02/22/2024,Bi-weekly housing,,,"-$1,400.00","$48,375.00",1
04/27/2025,Utilitie payment,,,"-$1,850.00","$8,418.00",0
12/14/2024,Rent payment (apartment),,,"-$2,575.00","$28,178.00",1
07/22/2025,RENT_INVOICE_001,,,"-$1,300.00","$17,950.00",1
08/31/2024,Unit remittance for residential unit,,,-$950.00,"$47,114.00",1
09/16/2024,Lease charge,,,-$800.00,"$13,720.00",0
02/18/2024,Debit to Anderson (Unit 28C),,,"-$2,550.00","$7,268.00",1
03/26/2024,RENT_INVOICE_001,,,"-$1,775.00","$45,118.00",1
05/17/2024,Residential payment Monthly anniversary,,,"-$1,800.00","$36,699.00",1
12/10/2025,Monthly payment to John,,,-$875.00,"$5,743.00",1
09/29/2024,Subscription Every 30 days,,,"-$1,800.00","$29,637.00",0
08/18/2025,Subscripton payment,,,-$150.00,"$7,767.00",0
05/12/2025,Residence disbursement,,,-$725.00,"$25,037.00",1
12/09/2025,Payment on 1st of month,,,-$800.00,"$41,545.00",0
08/01/2024,Residential payment 1st of month,,,"-$1,075.00","$12,682.00",1
08/24/2024,Residential payment First Monday,,,$875.00,"$21,389.00",1
08/10/2024,Rent with included services,,,"-$1,800.00","$41,800.00",1
10/03/2025,Utilitie payment,,,"$1,100.00","$41,213.00",0
03/28/2025,Rnet payment,,,"-$2,975.00","$28,634.00",1
03/15/2025,Service fee + tax,,,"-$1,800.00","$8,642.00",0
05/25/2025,Residential payment Calendar month,,,"-$1,400.00","$3,629.00",1
02/01/2024,Residential payment Monthly anniversary,,,"-$1,575.00","$22,728.00",1
10/25/2025,Residential payment 20th periodic,,,"-$3,000.00","$28,367.00",1
12/28/2025,Unit payment,,,-$250.00,"$14,799.00",0
12/03/2025,Service fee + insurance,,,"-$1,000.00","$12,970.00",0
06/19/2024,Complex payment for residential unit,,,"-$1,250.00","$36,638.00",1
05/18/2025,R3nt fee,,,"-$2,100.00","$27,142.00",1
11/15/2024,Real Estate Solutions,,,"-$1,600.00","$7,554.00",0
03/09/2025,ACH to Johnson LLC,,,-$200.00,"$23,446.00",0
09/22/2024,Rent payment (apartment),,,-$800.00,"$48,649.00",1
11/26/2025,UTILITY - AUTO,,,"-$1,350.00","$18,469.00",0
10/11/2025,Rental payment,,,-$350.00,"$20,796.00",0
06/21/2025,Property fee,,,"-$1,600.00","$20,740.00",0
03/23/2024,Service fee + tax,,,"-$1,800.00","$49,689.00",0
09/19/2024,Domicile disbursement,,,"-$2,350.00","$38,967.00",1
10/03/2024,Unit Management (Unit 26B),,,"$1,900.00","$9,670.00",1
09/07/2025,Building payment for residential unit,,,"-$1,825.00","$48,473.00",1
07/31/2024,Rent payment ,,,"-$2,125.00","$44,726.00",1
03/02/2024,Residential payment Quarterly,,,"-$2,300.00","$41,077.00",1
09/18/2024,Rent payment (primary residence),,,"-$1,200.00","$23,522.00",1
07/30/2025,Premises maintenance remittance,,,"-$2,975.00","$11,367.00",1
06/06/2025,RENT - DO NOT DELETE,,,"-$1,700.00","$41,790.00",1
06/28/2025,Maintenance fee + insurance,,,-$50.00,"$8,796.00",0
04/06/2024,Maintenance fee + insurance,,,-$150.00,"$26,905.00",0
06/13/2024,Quarterly dwelling,,,-$600.00,"$47,890.00",0
11/13/2024,Complex Services,,,"-$1,650.00","$27,839.00",1
03/26/2024,Maintenence payment,,,"-$1,400.00","$43,611.00",0
03/12/2024,Housing Associates,,,"-$1,500.00","$22,255.00",1
12/07/2024,Utilitie payment,,,-$150.00,"$41,440.00",0
07/27/2025,ACH to Johnson LLC,,,$150.00,"$40,756.00",0
02/27/2024,Strata payment,,,"$1,400.00","$46,967.00",1
10/31/2025,Residential payment 10th recurring,,,-$725.00,"$21,234.00",1
05/26/2025,Rent payment (apartment),,,"-$2,200.00","$45,544.00",1
06/27/2025,Unit Management,,,-$200.00,"$27,788.00",0
10/23/2024,Quarterly dwelling,,,-$50.00,"$44,464.00",0
05/14/2025,Recurring 1st week,,,-$400.00,"$24,943.00",0
08/28/2025,Check #1234 for monthly,,,"-$1,850.00","$13,379.00",0
05/01/2024,Transfer to Miller (Unit 13B),,,"-$1,575.00","$15,591.00",1
03/04/2024,Additional to rent - fee,,,-$700.00,"$42,276.00",0
10/01/2024,Lodgings remittance,,,-$900.00,"$18,063.00",1
12/15/2025,NOT rent - utilities,,,$500.00,"$11,664.00",0
02/10/2025,RENT|AUTO,,,"-$1,750.00","$11,101.00",1
09/02/2025,Real Estate Solutions,,,-$50.00,"$14,667.00",0
02/25/2024,Excluding rent - HOA,,,"-$1,200.00","$38,788.00",0
08/16/2025,For 303 Parkview,,,"-$2,825.00","$34,124.00",1
04/10/2024,Property management remittance,,,"-$1,300.00","$21,423.00",1
02/02/2024,Complex payment for residential unit,,,"$2,050.00","$7,265.00",1
08/27/2024,Utility fee + insurance,,,"-$1,550.00","$2,918.00",0
11/05/2025,RENT_INVOICE_001,,,-$725.00,"$20,254.00",1
03/29/2025,Digs payment,,,"-$2,275.00","$34,593.00",1
02/18/2024,Residential payment Bi-weekly,,,"-$1,900.00","$23,811.00",1
01/02/2025,RENT PAYMENT (MONTHLY),,,"-$1,700.00","$35,256.00",1
10/10/2025,Check #1234 for monthly,,,-$400.00,"$1,415.00",0
05/14/2025,FEE - MONTHLY,,,-$450.00,"$39,586.00",0
05/17/2024,Crib fee,,,"-$1,375.00","$39,162.00",1
10/05/2025,Unit 7B monthly,,,"-$2,600.00","$21,195.00",1
02/17/2025,Service fee + tax,,,"$1,600.00","$21,307.00",0
10/18/2025,Rental payment,,,-$125.00,"$38,777.00",0
05/28/2025,Lease payment for residential unit,,,"-$1,975.00","$30,931.00",1
04/14/2024,Besides rent - insurance,,,-$800.00,"$25,580.00",0
07/23/2025,Property remittance,,,-$250.00,"$20,434.00",0
02/10/2025,Dwelling remittance,,,-$975.00,"$25,186.00",1
05/21/2024,Lease fee,,,-$125.00,"$33,157.00",0
11/18/2024,Rent payment ,,,"-$1,525.00","$6,754.00",1
05/05/2024,RENT - APT 5B,,,"-$1,300.00","$46,457.00",1
10/01/2024,Place remittance,,,-$850.00,"$6,559.00",1
05/12/2024,Premises maintenance remittance,,,"-$2,250.00","$46,892.00",1
11/16/2024,Accommodation remittance including tax,,,"$2,050.00","$18,962.00",1
07/12/2024,Rnet payment,,,"-$1,200.00","$22,110.00",1
09/25/2024,RENT~MONTHLY,,,$700.00,"$33,640.00",1
08/21/2025,Complex Services,,,"-$1,875.00","$13,653.00",1
12/11/2025,Property Services LLC,,,"-$1,650.00","$4,981.00",0
01/30/2025,Residence fee including amenities,,,"-$1,750.00","$29,598.00",1
01/02/2024,Rent payment (apartment),,,"-$1,300.00","$9,620.00",1
12/18/2025,500 Oak Ave payment,,,"-$2,200.00","$27,885.00",1
08/01/2024,RENT #2024-001,,,"-$1,550.00","$29,800.00",1
02/17/2024,Pad payment,,,"$1,350.00","$48,139.00",0
02/02/2025,Utilitie payment,,,-$150.00,"$11,068.00",0
06/13/2025,Recurring 1st week,,,-$150.00,"$48,028.00",0
09/24/2025,UTILITY - AUTO,,,-$400.00,"$4,619.00",0
10/20/2024,Non-rent housing expense,,,-$500.00,"$40,688.00",0
02/14/2025,RENT - APT 5B,,,"-$2,050.00","$9,465.00",1
11/30/2025,Letting fee,,,-$600.00,"$12,291.00",1
07/03/2025,Payment on 1st of month,,,-$900.00,"$42,016.00",0
03/08/2025,Building disbursement,,,"-$1,100.00","$12,143.00",0
05/10/2024,Tenancy payment,,,"-$2,000.00","$21,987.00",1
06/27/2024,Rentt disbursement,,,"-$1,425.00","$15,778.00",1
09/22/2024,ACH to Johnson LLC,,,-$600.00,"$37,450.00",0
09/17/2024,Rent(payment),,,"$1,600.00","$11,928.00",1
08/07/2024,Rent with included services,,,"-$1,075.00","$48,663.00",1
03/11/2025,Subscripton payment,,,-$125.00,"$6,313.00",0
06/04/2025,Rent/payment,,,"-$2,625.00","$8,269.00",1
10/20/2025,Quarterly dwelling,,,"-$1,725.00","$18,036.00",1
11/08/2025,Building fee,,,-$350.00,"$2,827.00",0
09/27/2024,Residential payment Semi-monthly,,,"-$2,400.00","$11,833.00",1
11/04/2025,Lease payment for residential unit,,,"-$1,300.00","$17,584.00",1
10/25/2025,Zelle to Davis,,,-$800.00,"$10,506.00",0
02/23/2024,Rent payment ,,,"-$2,775.00","$30,794.00",1
09/06/2024,Membership Every 30 days,,,-$600.00,"$34,275.00",0
08/18/2025,Condo fee,,,$100.00,"$21,786.00",0
08/27/2024,Property Services LLC,,,-$300.00,"$39,654.00",0
07/07/2024,First of month payment,,,"-$3,000.00","$4,671.00",1
03/23/2025,Rental payment,,,-$800.00,"$41,102.00",0
04/19/2025,Residential payment Bi-weekly,,,-$925.00,"$3,878.00",1
09/12/2025,Service fee + insurance,,,"-$3,000.00","$24,145.00",0
06/12/2024,Debit to Anderson,,,"-$1,775.00","$30,482.00",1
04/02/2025,ACH to Johnson LLC,,,-$600.00,"$22,048.00",1
12/06/2024,HOA fee + insurance,,,-$400.00,"$3,826.00",0
04/09/2025,Maintenence payment,,,-$350.00,"$34,298.00",0
12/27/2025,Rent payment ,,,"-$1,975.00","$35,037.00",1
08/28/2024,Periodic domicile remittance,,,"-$1,700.00","$15,359.00",1
01/10/2024,Digs payment,,,"-$1,600.00","$32,445.00",1
11/23/2024,Rent/payment,,,-$625.00,"$13,721.00",1
08/23/2024,Letting fee,,,"-$1,350.00","$7,909.00",1
03/27/2025,Rant fee,,,"-$1,150.00","$46,505.00",1
10/04/2024,Strata payment,,,"-$2,750.00","$36,462.00",1
12/19/2025,Lease payment,,,"-$1,250.00","$9,727.00",0
06/21/2025,Premises Services,,,-$150.00,"$46,911.00",0
08/03/2024,UTILITY - AUTO,,,-$75.00,"$29,106.00",0
07/29/2025,Besides rent - insurance,,,-$75.00,"$26,395.00",0
08/08/2025,Rent-pay ment,,,"-$1,975.00","$43,535.00",1
12/16/2025,HOA fee + insurance,,,-$350.00,"$8,864.00",0
03/24/2024,Property Services LLC,,,-$350.00,"$12,487.00",0
12/08/2024,SERVICE - MONTHLY,,,-$125.00,"$35,434.00",0
05/18/2024,Building fee,,,-$200.00,"$11,575.00",0
07/03/2024,Additional to rent - fee,,,"-$1,850.00","$12,012.00",0
11/13/2025,ACH to Johnson LLC,,,-$125.00,"$5,442.00",0
01/27/2025,Membership 15th auto,,,-$200.00,"$24,946.00",0
05/15/2024,Independent of rent - repair,,,-$125.00,"$19,029.00",0
01/28/2024,Building fee,,,-$600.00,"$29,859.00",0
03/03/2024,Service fee + insurance,,,"-$1,800.00","$42,006.00",0
04/06/2024,Other than rent - tax,,,-$600.00,"$38,022.00",0
05/24/2025,Rent payment ,,,"-$1,900.00","$40,127.00",1
07/10/2025,Residential payment 5th monthly,,,-$600.00,"$47,065.00",1
07/07/2025,Semi-monthly residence,,,-$125.00,"$11,254.00",0
07/27/2024,Other than rent - tax,,,-$100.00,"$49,831.00",0
07/31/2024,Residential payment 10th recurring,,,"-$1,700.00","$6,797.00",1
08/24/2024,Apartment payment + parking,,,"$1,275.00","$17,921.00",1
01/13/2025,Recurring 1st week,,,-$500.00,"$19,559.00",0
06/13/2024,Independent of rent - repair,,,"-$1,600.00","$29,703.00",0
03/18/2024,NOT rent - utilities,,,-$700.00,"$30,448.00",0
05/08/2024,CHARGE - MONTHLY,,,-$250.00,"$35,857.00",0
07/14/2024,Rent payment ,,,"-$2,775.00","$48,221.00",1
01/31/2024,Strata payment,,,"-$2,450.00","$5,586.00",1
05/27/2025,Residential payment 10th recurring,,,-$825.00,"$15,238.00",1
07/22/2025,Residential Services,,,"$1,250.00","$26,478.00",0
06/23/2024,Rent/payment,,,"-$1,000.00","$21,769.00",1
05/13/2024,Maintenence payment,,,-$400.00,"$36,462.00",0
05/27/2025,First of month payment,,,"-$1,250.00","$9,693.00",1
02/14/2024,Wire to Thompson (Unit 5C),,,"-$1,300.00","$8,713.00",1
10/25/2024,Rent payment (apartment),,,"-$1,975.00","$44,318.00",1
06/09/2025,Zelle to Davis,,,-$125.00,"$18,464.00",0
09/21/2025,Premises fee with service charge,,,"-$1,800.00","$28,254.00",1
06/27/2025,First of month payment,,,"-$1,950.00","$41,285.00",0
07/23/2025,Property Services LLC (Unit 10A),,,"$2,600.00","$28,954.00",1
09/12/2024,Maintenence payment,,,-$100.00,"$25,458.00",0
07/06/2025,Monthly on 15th,,,$500.00,"$15,031.00",0
02/25/2024,Service 5th monthly,,,-$800.00,"$30,674.00",0
06/17/2024,Semi-monthly residence,,,-$450.00,"$47,323.00",0
02/18/2024,Wire to Thompson,,,-$450.00,"$8,710.00",0
07/08/2024,Residential payment 10th recurring,,,"-$1,850.00","$45,397.00",1
11/18/2024,Service fee incl. services,,,-$50.00,"$9,684.00",0
09/14/2024,Subscripton payment,,,"-$1,950.00","$32,781.00",0
07/31/2025,Ref: RES-UNIT-5B,,,"-$1,700.00","$36,617.00",1
02/14/2025,Rent payment (primary residence),,,"$2,450.00","$1,853.00",1
04/15/2025,First of month payment (Unit 40C),,,-$975.00,"$35,918.00",1
08/10/2024,Building fee for residential unit,,,"-$1,850.00","$45,487.00",1
09/01/2025,Landlord services payment,,,"-$1,950.00","$22,292.00",1
07/27/2025,Building payment,,,"-$1,100.00","$22,496.00",0
02/04/2024,Servise payment,,,"-$1,400.00","$5,196.00",0
11/10/2025,Rent payment (primary residence),,,"-$2,625.00","$41,740.00",1
07/07/2025,Ren tpayment,,,"-$2,800.00","$3,180.00",1
01/07/2024,Maintenance fee + tax,,,-$450.00,"$25,548.00",0
03/23/2024,Rent payment (primary residence),,,-$800.00,"$18,220.00",1
02/10/2025,Payment on 1st of month,,,-$100.00,"$45,706.00",0
04/16/2024,Subscripton payment,,,"-$2,800.00","$40,676.00",0
01/03/2025,Subscription Bi-weekly,,,-$250.00,"$44,690.00",0
07/05/2025,Service Calendar month,,,-$700.00,"$3,827.00",0
12/03/2024,Premises Services,,,"-$1,200.00","$37,286.00",0
10/19/2024,HOA fee + tax,,,"$2,250.00","$22,164.00",0
11/21/2024,Independent of rent - repair,,,-$750.00,"$42,793.00",0
12/13/2024,Strata payment,,,-$250.00,"$28,144.00",0
08/25/2024,Subscription Calendar month,,,$500.00,"$5,648.00",0
03/12/2025,Lease fee,,,$850.00,"$23,562.00",0
06/14/2024,Unit charge,,,"-$1,850.00","$39,527.00",0
01/28/2024,My unit disbursement,,,"-$1,575.00","$7,680.00",1
10/11/2024,Service Last day,,,-$600.00,"$21,254.00",0
06/13/2024,Property Services LLC,,,"-$2,775.00","$14,215.00",1
08/20/2024,Dwelling disbursement plus fees,,,"-$2,975.00","$24,439.00",1
06/07/2025,Complex fee,,,"$1,000.00","$12,393.00",0
02/07/2025,Rent payment (primary residence),,,"-$1,350.00","$30,390.00",1
02/05/2024,Letting fee,,,"$1,150.00","$1,007.00",1
01/21/2024,Wire to Thompson,,,"-$1,975.00","$31,572.00",1
06/04/2025,R3nt fee,,,"-$1,550.00","$47,147.00",1
02/04/2025,Residential payment 10th recurring,,,"-$2,425.00","$23,654.00",1
05/31/2024,RENT>>PAYMENT,,,"-$1,625.00","$6,575.00",1
05/16/2024,RENT>>PAYMENT,,,$950.00,"$25,145.00",1
04/12/2025,Complex fee for residential unit,,,"$2,350.00","$31,408.00",1
02/07/2025,Service Last day,,,"-$1,350.00","$2,630.00",0
11/16/2025,Invoice: RESIDENCE,,,-$700.00,"$20,246.00",1
02/09/2025,Transfer to Miller,,,$400.00,"$18,388.00",0
05/14/2025,Rnet payment,,,"-$2,300.00","$14,251.00",1
05/15/2024,Residential payment 15th auto,,,-$950.00,"$15,828.00",1
09/04/2025,Excluding rent - HOA,,,-$125.00,"$42,839.00",0
10/14/2025,Real Estate Solutions (Unit 7B),,,"-$1,600.00","$27,761.00",1
06/24/2025,Service fee + tax,,,"-$1,600.00","$13,627.00",0
03/31/2025,Letting fee,,,"-$1,300.00","$41,920.00",1
08/08/2024,FEE - RECURRING,,,"-$1,800.00","$10,251.00",0
11/04/2025,Accommodation remittance including tax,,,$850.00,"$39,802.00",1
05/12/2024,Building disbursement,,,"$1,400.00","$6,503.00",0
01/08/2025,First of month payment,,,"$1,650.00","$24,647.00",0
09/23/2024,Unit charge for residential unit,,,-$625.00,"$14,423.00",1
01/02/2024,Utility fee + tax,,,"-$1,800.00","$9,612.00",0
05/24/2024,Residential payment 5th monthly,,,-$600.00,"$36,476.00",1
09/15/2025,Excluding rent - HOA,,,-$750.00,"$37,125.00",0
11/17/2024,Real Estate Solutions,,,$450.00,"$34,896.00",0
05/25/2024,Domicile Solutions,,,-$75.00,"$18,450.00",0
04/06/2024,NOT rent - utilities,,,-$500.00,"$15,077.00",0
09/26/2025,Bi-weekly housing,,,"-$2,150.00","$31,515.00",1
01/24/2025,Complex Services,,,"-$1,075.00","$35,371.00",1
07/29/2025,Accommodation remittance including tax,,,"-$1,700.00","$24,877.00",1
02/25/2024,Lease fee for residential unit,,,-$600.00,"$13,804.00",1
12/04/2025,Residential payment Last day,,,"-$1,125.00","$12,147.00",1
12/17/2024,Wire to Thompson,,,-$800.00,"$37,601.00",0
06/08/2024,Unit payment including maintenance,,,"-$1,225.00","$28,893.00",1
11/07/2024,Condo fee,,,"-$1,425.00","$16,197.00",1
03/14/2024,Residential Services (Unit 31B),,,-$625.00,"$40,467.00",1
10/29/2024,UTILITY - AUTO,,,-$450.00,"$39,326.00",0
04/17/2024,UTILITY - AUTO,,,-$50.00,"$15,274.00",0
01/07/2025,Rent(payment),,,"-$2,750.00","$39,499.00",1
09/17/2024,Facility management disbursement,,,-$600.00,"$32,505.00",1
05/30/2025,Complex Services,,,-$600.00,"$20,869.00",0
06/15/2024,Lease payment for residential unit,,,"-$2,275.00","$31,642.00",1
01/10/2025,Maintenance fee + insurance,,,-$150.00,"$23,365.00",0
03/29/2024,Apartment payment + parking,,,"-$1,825.00","$29,916.00",1
09/16/2025,Bi-weekly housing,,,-$200.00,"$28,811.00",0
02/29/2024,Maintenance fee + tax,,,-$250.00,"$18,996.00",0
03/18/2024,Service fee incl. services,,,-$50.00,"$44,551.00",0
04/12/2025,CHARGE - AUTO,,,"-$1,550.00","$39,639.00",0
06/13/2025,Complex payment for residential unit,,,"-$1,925.00","$5,455.00",1
12/12/2024,Service fee + tax,,,-$800.00,"$32,661.00",0
10/27/2025,NOT rent - utilities,,,-$700.00,"$34,376.00",0
04/09/2025,RENT-RECURRING,,,"$1,850.00","$42,251.00",1
09/28/2025,Tenancy payment,,,-$500.00,"$38,354.00",0
08/12/2024,Service fee incl. services,,,$900.00,"$35,571.00",0
10/01/2024,Dwelling disbursement plus fees,,,"-$1,150.00","$47,579.00",1
02/22/2025,Unit letting,,,"-$1,000.00","$21,528.00",1
11/20/2024,Unit disbursement for residential unit,,,"-$1,850.00","$7,348.00",1
05/20/2025,Residential payment Monthly anniversary,,,"-$2,750.00","$27,307.00",1
04/16/2024,Unit Management,,,"-$1,000.00","$5,712.00",0
05/09/2024,Letting fee,,,-$100.00,"$34,227.00",0
10/19/2025,Complex management remittance,,,"-$1,250.00","$26,581.00",1
01/18/2025,Residence fee including amenities,,,-$975.00,"$32,552.00",1
09/16/2025,Payment to Wilson,,,-$300.00,"$27,572.00",0
03/09/2024,Dwelling disbursement plus fees,,,"-$2,200.00","$1,080.00",1
11/13/2025,Facility Solutions,,,-$775.00,"$9,257.00",1
04/07/2025,Unit remittance,,,-$125.00,"$3,341.00",0
11/02/2024,Pad payment,,,-$750.00,"$17,467.00",1
03/24/2024,Rent payment ,,,-$750.00,"$26,893.00",1
03/09/2024,Rent-pay ment,,,"-$1,975.00","$43,726.00",1
08/02/2025,Strata payment,,,"-$1,350.00","$21,936.00",1
10/29/2024,Complex payment,,,-$125.00,"$7,233.00",0
01/02/2025,Building Management (Unit 37C),,,"-$2,375.00","$7,771.00",1
01/01/2025,Monthly housing and utilities bundle,,,"-$1,750.00","$30,463.00",1
09/17/2024,Subscripton payment,,,-$125.00,"$26,204.00",0
10/07/2025,Digs payment,,,"-$2,150.00","$13,416.00",1
10/29/2024,RENT - DO NOT DELETE,,,"-$1,700.00","$31,704.00",1
01/24/2024,RENT~MONTHLY,,,"-$2,800.00","$23,723.00",1
12/03/2024,Letting fee,,,"-$2,250.00","$25,828.00",0
05/12/2024,Domicile disbursement,,,"-$2,125.00","$9,290.00",1
06/30/2024,Besides rent - insurance,,,-$400.00,"$9,055.00",0
02/19/2025,Rent payment (primary residence),,,"-$1,050.00","$1,509.00",1
01/16/2024,Rent payment (apartment),,,"-$1,550.00","$48,594.00",1
04/15/2024,Monthly on 15th,,,"-$1,000.00","$48,640.00",0
10/03/2024,Transfer to Miller,,,-$800.00,"$46,111.00",0
08/02/2025,SERVICE - RECURRING,,,"-$1,000.00","$34,403.00",0
06/18/2024,Property Services LLC,,,"-$1,450.00","$12,924.00",1
04/01/2025,Housing Associates,,,"-$1,800.00","$34,936.00",0
05/18/2025,SERVICE - RECURRING,,,-$50.00,"$46,005.00",0
12/09/2024,Wire to Thompson,,,-$100.00,"$44,762.00",0
02/16/2024,My house monthly,,,-$625.00,"$19,430.00",1
02/18/2024,Monthly on 15th,,,"-$2,375.00","$25,440.00",1
01/02/2025,RENT - APT 5B,,,"-$1,050.00","$48,682.00",1
09/02/2024,Unit letting,,,-$600.00,"$13,368.00",0
12/12/2024,Spot payment,,,"-$1,600.00","$40,698.00",0
07/09/2025,Maintenance fee incl. services,,,-$125.00,"$21,288.00",0
11/18/2024,Servise payment,,,-$200.00,"$13,444.00",0
11/18/2024,Lodgings remittance,,,"-$1,200.00","$36,627.00",0
04/21/2024,Property remittance,,,-$600.00,"$13,109.00",0
09/09/2025,Property management remittance,,,"-$1,500.00","$12,287.00",1
09/12/2025,Subscripton payment,,,-$50.00,"$17,983.00",0
03/13/2024,Residential payment Quarterly,,,"$1,500.00","$29,090.00",1
10/20/2025,Facility Solutions,,,$600.00,"$28,791.00",0
12/01/2025,Maintenance fee incl. services,,,-$50.00,"$23,834.00",0
07/24/2024,Rental payment,,,"-$1,875.00","$38,045.00",1
08/14/2024,Building disbursement for residential unit,,,"-$2,100.00","$46,376.00",1
06/07/2024,Rant remittance,,,-$800.00,"$20,617.00",1
02/14/2025,Premises Services,,,$700.00,"$24,857.00",0
03/26/2024,Premises Services,,,"-$1,200.00","$20,564.00",0
04/09/2024,Lease fee,,,"-$1,400.00","$49,386.00",0
06/05/2025,Flat fee,,,"-$1,300.00","$19,760.00",1
04/29/2025,Residential payment Monthly anniversary,,,"-$1,725.00","$35,029.00",1
03/27/2024,Rant fee,,,"-$2,000.00","$46,208.00",1
09/26/2024,Subscripton payment,,,"-$1,000.00","$30,517.00",0
05/14/2024,Habitation remittance,,,"$2,750.00","$27,471.00",1
09/14/2024,SERVICE - RECURRING,,,"$1,600.00","$6,381.00",0
12/03/2025,Check #1234 for monthly,,,-$450.00,"$45,123.00",0
10/01/2024,Subscription 1st of month,,,-$850.00,"$39,391.00",0
12/16/2025,Maintenance fee incl. services,,,$125.00,"$19,917.00",0
02/03/2025,Residence disbursement,,,"-$1,125.00","$20,440.00",1
03/24/2024,Service Calendar month,,,"-$1,000.00","$33,863.00",0
10/27/2025,Rent payment (apartment),,,-$900.00,"$23,653.00",1
11/30/2025,Quarterly dwelling,,,$100.00,"$3,427.00",0
11/14/2024,Accommodation remittance including tax,,,"-$1,250.00","$8,898.00",1
07/09/2025,Dwelling disbursement plus fees,,,"-$3,050.00","$42,924.00",1
07/01/2024,Besides rent - insurance,,,-$125.00,"$5,672.00",0
07/20/2025,Rent payment (primary residence),,,$750.00,"$9,473.00",1
12/04/2025,NOT rent - utilities,,,-$250.00,"$26,385.00",0
06/02/2024,Servise payment,,,-$300.00,"$33,823.00",0
06/29/2025,Condo fee,,,-$600.00,"$36,240.00",0
10/16/2024,Membership Bi-weekly,,,"-$1,250.00","$16,588.00",0
08/06/2025,Property payment,,,"-$1,600.00","$33,751.00",0
12/23/2025,Lease payment for residential unit,,,"-$1,075.00","$26,647.00",1
12/30/2025,Subscription 15th auto,,,"-$2,600.00","$35,977.00",0
02/29/2024,Subscripton payment,,,-$125.00,"$41,671.00",0
05/24/2025,Maintenence payment,,,"-$1,000.00","$4,455.00",0
09/18/2024,Other than rent - tax,,,-$600.00,"$17,043.00",0
02/18/2025,Utilitie payment,,,-$700.00,"$37,300.00",0
04/10/2025,Membership First Monday,,,"-$1,600.00","$21,113.00",0
12/10/2024,Servise payment,,,-$75.00,"$5,969.00",0
05/08/2024,Unit payment for residential unit,,,"$1,500.00","$46,081.00",1
04/24/2024,HOA fee incl. services,,,-$400.00,"$49,498.00",0
02/06/2025,Condo fee,,,"-$2,550.00","$30,629.00",1
04/23/2025,Invoice #APT2024-001,,,"-$1,800.00","$2,398.00",1
10/18/2024,Service Monthly anniversary,,,"-$2,100.00","$22,402.00",0
11/21/2024,Besides rent - insurance,,,-$600.00,"$13,781.00",0
08/01/2024,Residential payment 10th recurring,,,"-$1,075.00","$4,808.00",1
07/06/2024,Transfer to Miller,,,$900.00,"$38,403.00",0
02/01/2024,Lease payment for residential unit,,,"-$2,975.00","$4,011.00",1
06/27/2024,Property Services LLC,,,"-$2,975.00","$42,274.00",1
12/26/2025,Utilitie payment,,,"-$1,100.00","$45,571.00",0
09/25/2025,Monthly payment to John (Unit 14B),,,-$650.00,"$32,083.00",1
12/31/2025,Unit Management,,,"-$2,400.00","$40,447.00",0
03/23/2024,Residential payment Semi-monthly,,,"-$1,150.00","$27,967.00",1
11/15/2024,Service fee + insurance,,,"-$1,200.00","$1,910.00",0
12/02/2025,Transfer to Miller,,,"-$1,475.00","$49,967.00",1
12/20/2025,Rent payment (primary residence),,,-$750.00,"$28,135.00",1
09/12/2025,Real Estate Solutions,,,"$2,050.00","$48,188.00",1
07/02/2025,Check #1234 for monthly,,,"-$1,950.00","$40,947.00",0
11/08/2025,SERVICE - MONTHLY,,,"-$2,400.00","$38,973.00",0
12/31/2025,Service fee incl. services,,,$850.00,"$3,540.00",0
01/08/2024,Rent payment ,,,"-$1,075.00","$45,085.00",1
11/03/2024,Membership First Monday,,,-$300.00,"$21,249.00",0
05/06/2024,Unit Management,,,$250.00,"$17,408.00",0
12/13/2024,Remittance to Moore (Unit 39B),,,-$875.00,"$36,974.00",1
05/01/2025,Utilitie payment,,,-$150.00,"$44,931.00",0
03/24/2024,Habitation remittance,,,"$1,875.00","$40,136.00",1
01/11/2024,Transfer to Miller,,,"-$2,300.00","$12,466.00",1
11/13/2024,Residential payment 1st of month,,,"-$1,100.00","$4,018.00",1
09/13/2025,Service fee + tax,,,-$75.00,"$28,773.00",0
10/15/2024,CHARGE - RECURRING,,,$700.00,"$41,041.00",0
03/30/2024,HOA fee incl. services,,,"-$1,200.00","$28,331.00",0
01/21/2024,Lease fee for residential unit,,,"-$1,900.00","$4,804.00",1
12/06/2025,Residential payment 20th periodic,,,-$800.00,"$35,544.00",1
12/18/2024,Residential payment Quarterly,,,"-$1,225.00","$23,578.00",1
04/28/2024,Rent payment (apartment),,,"-$1,250.00","$21,970.00",1
06/01/2025,Letting fee,,,"$1,700.00","$2,613.00",1
10/07/2024,NOT rent - utilities,,,-$500.00,"$43,153.00",0
11/04/2025,Membership First Monday,,,-$50.00,"$4,256.00",0
05/05/2025,Monthly payment to John,,,"-$1,000.00","$29,916.00",0
05/09/2024,Complex fee,,,-$200.00,"$17,667.00",0
04/28/2024,Monthly on 15th,,,-$250.00,"$12,469.00",0
03/02/2024,First of month payment,,,-$625.00,"$15,059.00",1
07/09/2025,Property Services LLC,,,-$50.00,"$44,858.00",0
01/13/2025,Rent payment ,,,"-$2,650.00","$34,260.00",1
02/06/2024,Housing Associates,,,-$125.00,"$19,326.00",0
12/31/2025,Unit disbursement for residential unit,,,"-$2,650.00","$21,145.00",1
11/11/2025,Building fee,,,"-$1,800.00","$16,245.00",0
08/24/2024,Tenancy remittance,,,"-$1,300.00","$47,002.00",1
07/14/2025,Utilitie payment,,,$500.00,"$16,479.00",0
01/04/2024,CHARGE - MONTHLY,,,"-$2,800.00","$49,084.00",0
09/18/2025,Premises Services,,,"-$1,800.00","$16,742.00",0
07/19/2024,ACH to Johnson LLC,,,-$200.00,"$14,414.00",0
12/27/2024,Building disbursement,,,-$75.00,"$1,639.00",0
01/18/2025,Recurring 1st week (Unit 32C),,,"-$2,975.00","$25,220.00",1
08/05/2024,RENT #2024-001,,,"-$1,950.00","$13,377.00",1
08/31/2025,Residential Services,,,-$125.00,"$48,852.00",0
02/11/2024,Servise payment,,,"-$2,250.00","$5,945.00",0
10/08/2025,First of month payment,,,-$50.00,"$15,445.00",0
03/27/2025,RENT #2024-001,,,"-$3,025.00","$7,247.00",1
01/03/2025,Mid-month transfer,,,-$300.00,"$22,001.00",0
04/14/2024,Rent payment (primary residence),,,"-$1,150.00","$13,119.00",1
09/18/2024,Residential payment Quarterly,,,-$700.00,"$38,609.00",1
05/20/2025,RENT_INVOICE_001,,,"-$2,750.00","$23,521.00",1
10/16/2025,Recurring habitation expenditure,,,"$2,825.00","$18,522.00",1
11/18/2025,Condo fee,,,"$1,875.00","$34,869.00",1
05/19/2024,Service 25th standing,,,"-$1,800.00","$47,371.00",0
03/20/2025,Unit disbursement for residential unit,,,"-$1,700.00","$35,896.00",1
03/15/2024,Complex charge,,,-$350.00,"$43,596.00",0
05/11/2025,Unit payment including maintenance,,,"-$1,400.00","$10,877.00",1
12/20/2024,Unit charge for residential unit,,,"-$1,875.00","$17,450.00",1
07/12/2024,Servise payment,,,-$50.00,"$18,855.00",0
01/05/2025,Residential payment Bi-weekly,,,"-$2,575.00","$34,849.00",1
10/26/2024,Transfer to Miller,,,-$900.00,"$18,246.00",0
05/26/2024,Rent with included services,,,-$600.00,"$46,028.00",1
08/15/2024,Residence fee including amenities,,,-$950.00,"$23,566.00",1
08/07/2025,Separate from rent - deposit,,,"$2,100.00","$17,538.00",0
10/21/2024,Recurring transfer to Smith,,,$450.00,"$42,562.00",0
12/10/2024,UTILITY - AUTO,,,-$150.00,"$35,618.00",0
02/07/2025,Payment ref: HOUSING-,,,-$900.00,"$45,835.00",1
05/17/2025,Periodic 30th payment,,,"-$2,350.00","$15,631.00",1
12/17/2024,Unit Management,,,-$400.00,"$28,138.00",0
10/08/2025,Rent/payment,,,"-$2,825.00","$14,715.00",1
07/23/2024,Place remittance,,,"-$1,075.00","$21,459.00",1
09/01/2024,SERVICE - RECURRING,,,"-$1,950.00","$37,021.00",0
09/23/2025,Real Estate Solutions,,,"-$1,200.00","$48,261.00",0
05/03/2024,Abode disbursement,,,"-$2,600.00","$48,236.00",1
11/29/2024,Rent/payment,,,-$850.00,"$34,829.00",1
04/30/2025,Payment on 1st of month,,,"-$1,600.00","$38,565.00",1
11/03/2025,ACH to Johnson LLC,,,"$1,200.00","$5,324.00",0
05/27/2024,Recurring transfer to Smith,,,$850.00,"$7,221.00",1
08/09/2024,Lease payment for residential unit,,,"-$1,325.00","$12,060.00",1
11/25/2024,Property fee,,,-$250.00,"$18,376.00",0
10/24/2025,Lease payment for residential unit,,,"-$1,000.00","$30,497.00",1
08/01/2025,Mid-month transfer,,,"-$1,800.00","$41,568.00",0
02/28/2025,Property payment,,,-$125.00,"$1,006.00",0
04/03/2025,Monthly on 15th,,,"-$1,875.00","$39,109.00",1
01/15/2025,Invoice #APT2024-001,,,"-$1,325.00","$46,195.00",1
03/01/2025,Mid-month transfer (Unit 49A),,,"-$2,350.00","$20,137.00",1
09/06/2024,Recurring transfer to Smith,,,"-$1,800.00","$22,537.00",0
01/22/2024,Mid-month transfer,,,"-$2,825.00","$16,710.00",1
02/20/2024,Real Estate Solutions,,,"-$2,400.00","$45,760.00",1
09/09/2025,Housing Associates,,,$900.00,"$7,512.00",0
01/17/2024,Rental payment,,,"-$2,600.00","$19,307.00",0
09/24/2025,Periodic 30th payment,,,"$1,350.00","$41,176.00",1
10/13/2024,Apart from rent - maintenance,,,-$250.00,"$23,017.00",0
06/16/2024,FEE - RECURRING,,,-$150.00,"$28,110.00",0
03/24/2024,Membership Bi-weekly,,,"$1,800.00","$49,143.00",0
03/03/2024,Residential Services,,,-$100.00,"$29,788.00",0
07/09/2024,Rant fee,,,"$2,275.00","$39,647.00",1
03/09/2024,Facility Solutions,,,-$900.00,"$19,354.00",0
08/18/2024,CHARGE - AUTO,,,$600.00,"$40,203.00",0
12/13/2025,Rent payment (primary residence),,,"-$1,925.00","$18,906.00",1
08/12/2025,Rent payment ,,,"-$1,925.00","$31,520.00",1
07/31/2024,Rent..payment,,,"-$2,850.00","$32,056.00",1
07/28/2024,Maintenance fee + insurance,,,-$300.00,"$34,004.00",0
07/21/2025,UTILITY - AUTO,,,"-$3,000.00","$29,690.00",0
12/02/2024,Rant fee,,,-$750.00,"$42,775.00",1
08/05/2024,Mid-month transfer,,,-$700.00,"$1,130.00",0
09/27/2025,Domicile Solutions,,,"-$2,300.00","$16,341.00",1
10/28/2025,Bi-weekly housing,,,$700.00,"$47,025.00",0
07/11/2025,Rent payment ,,,"-$3,025.00","$26,118.00",1
10/24/2025,RENT-RECURRING,,,"-$2,425.00","$16,117.00",1
01/29/2025,Real Estate Solutions,,,-$150.00,"$2,210.00",0
01/04/2025,Building payment,,,-$50.00,"$47,487.00",0
06/06/2025,Complex Services,,,-$900.00,"$10,777.00",1
01/05/2024,RENT~MONTHLY,,,-$675.00,"$43,031.00",1
05/06/2024,Subscription 10th recurring,,,-$700.00,"$18,103.00",0
06/24/2024,Letting fee,,,"-$1,150.00","$12,198.00",1
11/26/2025,Property fee for residential unit,,,"$2,050.00","$28,081.00",1
04/04/2024,Additional to rent - fee,,,"-$1,200.00","$13,004.00",0
12/29/2024,Service Calendar month,,,-$400.00,"$35,729.00",0
07/20/2024,Rentt disbursement,,,"-$1,400.00","$41,804.00",1
07/10/2024,Rent(payment),,,-$875.00,"$17,700.00",1
04/03/2025,Other than rent - tax,,,-$200.00,"$38,216.00",0
02/26/2024,HOA fee + tax,,,-$450.00,"$41,652.00",0
03/19/2025,Bi-weekly housing,,,"-$1,725.00","$28,056.00",1
08/31/2025,CHARGE - MONTHLY,,,"$1,000.00","$46,983.00",0
02/23/2025,Condo fee,,,-$300.00,"$4,015.00",0
03/22/2024,Residential payment Semi-monthly,,,"-$2,425.00","$44,814.00",1
02/23/2024,Monthly payment to John (Unit 16C),,,"-$2,100.00","$15,232.00",1
05/19/2024,Property Services LLC (Unit 2C),,,"-$1,600.00","$18,034.00",1
11/01/2025,Servise payment,,,"-$1,800.00","$2,519.00",0
01/04/2025,Periodic 30th payment,,,-$700.00,"$6,224.00",1
08/05/2025,Ren tpayment,,,"-$1,550.00","$46,517.00",1
04/09/2024,Separate from rent - deposit,,,-$450.00,"$15,437.00",0
11/06/2024,FEE - MONTHLY,,,"-$1,600.00","$10,667.00",0
01/14/2025,HOA fee + tax,,,-$75.00,"$13,556.00",0
10/20/2024,Monthly housing and utilities bundle,,,"-$1,900.00","$12,622.00",1
06/25/2025,Rental payment,,,"-$3,000.00","$2,398.00",0
09/04/2025,Spot payment,,,"-$3,000.00","$31,959.00",0
03/02/2024,Premises Services (Unit 7C),,,-$925.00,"$17,639.00",1
07/07/2025,Subscription 1st of month,,,"-$1,200.00","$21,585.00",0
07/12/2024,Lodgings remittance,,,"-$2,275.00","$3,436.00",1
07/14/2024,Membership Bi-weekly,,,-$900.00,"$34,230.00",0
08/05/2024,Maintenence payment,,,-$200.00,"$43,033.00",0
08/23/2024,Condo fee,,,"-$2,375.00","$34,672.00",1
02/01/2024,ACH to Johnson LLC (Unit 13A),,,"-$2,150.00","$42,659.00",1
05/06/2024,Maintenence payment,,,-$150.00,"$1,919.00",0
12/14/2025,RENT|AUTO,,,"-$1,950.00","$12,407.00",1
08/16/2024,Facility Solutions,,,"-$1,450.00","$7,111.00",1
10/18/2024,Rent payment (primary residence),,,"-$1,975.00","$32,872.00",1
06/22/2024,Rant fee,,,"-$1,500.00","$28,509.00",1
04/12/2025,Residential payment Calendar month,,,-$825.00,"$10,806.00",1
08/18/2025,Rent payment ,,,"-$1,575.00","$46,893.00",1
04/26/2024,NOT rent - utilities,,,-$300.00,"$47,385.00",0
02/10/2024,R3nt fee,,,"-$2,600.00","$30,422.00",1
05/16/2025,Recurring transfer to Smith,,,"-$2,400.00","$15,888.00",1
01/28/2025,Recurring 1st week (Unit 43A),,,"$1,700.00","$37,141.00",1
05/14/2024,Rent with included services,,,-$800.00,"$5,950.00",1
07/30/2024,RENT - APT 5B,,,"-$1,550.00","$3,721.00",1
10/25/2025,Residential payment Last day,,,-$675.00,"$20,577.00",1
02/05/2024,Rent payment (apartment),,,"-$2,225.00","$22,953.00",1
05/21/2024,Tenancy payment,,,"-$2,225.00","$23,013.00",1
07/09/2025,Complex charge,,,-$125.00,"$43,294.00",0
04/29/2025,Digs payment,,,"$1,700.00","$28,472.00",1
02/05/2025,Service Every 30 days,,,-$150.00,"$27,753.00",0
11/21/2024,Servise payment,,,"-$1,750.00","$27,064.00",0
12/08/2024,Property fee for residential unit,,,"-$2,450.00","$41,198.00",1
04/17/2024,ACH to Johnson LLC,,,-$125.00,"$40,818.00",0
10/09/2025,Strata payment,,,-$800.00,"$14,921.00",1
10/03/2025,Building Management,,,"-$1,600.00","$24,441.00",0
12/29/2024,Complex Services,,,-$450.00,"$23,013.00",0
01/31/2025,Rental payment,,,"-$1,500.00","$32,133.00",1
09/28/2025,Maintenance fee + insurance,,,-$50.00,"$26,438.00",0
08/07/2025,Accommodation remittance including tax,,,"-$1,600.00","$43,189.00",1
04/17/2024,Residential payment Bi-weekly,,,"-$3,050.00","$1,058.00",1
04/21/2025,NOT rent - utilities,,,"-$1,200.00","$6,925.00",0
08/23/2024,Premises Services,,,$300.00,"$31,470.00",0
03/03/2024,Lease fee,,,"-$1,450.00","$7,627.00",0
12/13/2025,Rent payment (apartment),,,-$925.00,"$15,441.00",1
05/23/2024,Rent-pay ment,,,"-$2,850.00","$43,269.00",1
11/07/2024,R3nt fee,,,"-$1,275.00","$9,987.00",1
05/11/2024,Residence fee including amenities,,,-$850.00,"$18,796.00",1
10/24/2025,Subscription Monthly anniversary,,,"-$1,650.00","$46,753.00",0
01/19/2024,Residence fee including amenities,,,"-$2,000.00","$1,231.00",1
04/14/2024,Facility Solutions,,,-$900.00,"$33,094.00",0
01/16/2024,Residential payment Quarterly,,,"-$1,700.00","$42,568.00",1
01/11/2024,Independent of rent - repair,,,-$750.00,"$12,666.00",0
01/10/2024,Quarterly dwelling,,,-$850.00,"$23,441.00",0
12/25/2025,Service Calendar month,,,"-$1,800.00","$5,544.00",0
12/11/2024,Unit fee,,,-$650.00,"$6,434.00",0
06/25/2025,Residential payment Bi-weekly,,,"-$2,125.00","$23,625.00",1
10/27/2024,Lease charge,,,-$250.00,"$10,876.00",0
08/05/2025,First of month payment (Unit 33B),,,"-$1,300.00","$38,923.00",1
12/05/2025,Letting fee,,,-$850.00,"$34,761.00",1
02/28/2024,Servise payment,,,-$900.00,"$41,726.00",0
09/29/2024,Rent-paymnt,,,"-$2,775.00","$46,208.00",1
10/13/2024,Mid-month transfer,,,-$50.00,"$12,518.00",0
05/24/2024,Rent..payment,,,"-$1,400.00","$38,438.00",1
10/03/2025,Subscripton payment,,,-$900.00,"$33,248.00",0
09/18/2024,RENT>>PAYMENT,,,"-$1,300.00","$6,684.00",1
08/24/2024,Lease obligation payment,,,"-$1,900.00","$45,904.00",1
02/17/2025,Housing Associates,,,"-$1,400.00","$30,347.00",0
01/14/2025,Real Estate Solutions,,,-$700.00,"$12,004.00",0
03/26/2024,Membership Last day,,,"$1,550.00","$42,198.00",0
06/08/2024,Rent-pay ment,,,-$725.00,"$26,685.00",1
03/26/2024,Rental payment,,,"-$2,425.00","$49,014.00",1
02/29/2024,Payment to Wilson,,,-$125.00,"$28,295.00",0
01/19/2025,ACH to Johnson LLC,,,"-$1,950.00","$2,745.00",0
03/25/2025,Building Management,,,"$1,900.00","$24,392.00",1
03/14/2024,RENT>>PAYMENT,,,"-$2,450.00","$19,605.00",1
01/20/2025,Complex charge,,,-$900.00,"$13,152.00",0
06/29/2024,SERVICE - RECURRING,,,"-$1,000.00","$12,545.00",0
10/17/2025,Non-rent housing expense,,,-$150.00,"$28,961.00",0
06/12/2024,Recurring 1st week,,,"-$2,825.00","$38,174.00",1
11/05/2025,Membership Calendar month,,,-$100.00,"$3,436.00",0
12/24/2025,Lodgings remittance,,,$800.00,"$48,405.00",0
10/28/2024,Residential payment Bi-weekly,,,"-$2,125.00","$13,296.00",1
11/27/2024,R3nt fee,,,"-$2,600.00","$2,979.00",1
06/12/2024,ACH to Johnson LLC,,,-$600.00,"$13,729.00",0
11/20/2024,Wire to Thompson,,,-$50.00,"$9,439.00",0
05/10/2025,Place remittance,,,"-$1,675.00","$1,508.00",1
03/06/2025,Residential payment Last day,,,"-$1,050.00","$10,893.00",1
07/16/2024,Lease fee for residential unit,,,-$675.00,"$16,998.00",1
08/01/2024,RENT|AUTO,,,"$3,000.00","$46,190.00",1
07/25/2024,Complex charge for residential unit,,,"-$1,800.00","$2,254.00",1
01/03/2025,Pad payment,,,-$700.00,"$40,520.00",0
05/21/2024,Bi-weekly housing,,,-$75.00,"$19,189.00",0
03/30/2024,Utilitie payment,,,-$600.00,"$1,831.00",0
07/23/2025,Pad payment,,,-$450.00,"$14,837.00",0
12/10/2024,Residential payment Quarterly,,,"-$2,575.00","$25,553.00",1
02/27/2024,Check #1234 for monthly,,,-$700.00,"$44,539.00",0
06/13/2024,RENT>>PAYMENT,,,"-$1,300.00","$7,141.00",1
09/21/2025,Unit letting,,,-$500.00,"$39,631.00",0
12/31/2025,Rent payment ,,,"-$1,850.00","$37,200.00",1
01/28/2025,RENT: UNIT 304,,,"-$1,725.00","$15,585.00",1
02/01/2025,Maintenence payment,,,-$400.00,"$46,935.00",0
08/22/2024,Remittance to Moore,,,"-$2,250.00","$18,579.00",0
02/09/2025,Non-rent housing expense,,,$125.00,"$27,145.00",0
02/22/2025,Residential payment Semi-monthly,,,"-$1,950.00","$25,252.00",1
06/07/2025,Separate from rent - deposit,,,-$850.00,"$36,709.00",0
11/23/2025,Residential payment Last day,,,-$950.00,"$31,872.00",1
01/18/2024,Rent payment (apartment),,,-$625.00,"$33,638.00",1
05/23/2025,Check #1234 for monthly,,,"-$2,150.00","$39,317.00",1
02/08/2025,SERVICE - MONTHLY,,,-$900.00,"$26,661.00",0
07/23/2025,Spot payment,,,"-$1,200.00","$37,240.00",0
07/29/2025,Remittance to Moore,,,-$300.00,"$26,674.00",0
04/18/2024,FEE - RECURRING,,,"-$1,400.00","$49,266.00",0
07/20/2024,Tenancy payment,,,-$450.00,"$38,887.00",0
10/20/2025,ACH to Johnson LLC,,,-$500.00,"$43,527.00",0
05/08/2024,Residential payment Quarterly,,,"-$1,425.00","$27,391.00",1
09/01/2025,RENT-RECURRING,,,"-$1,700.00","$38,869.00",1
02/06/2025,Crib fee,,,$600.00,"$20,365.00",0
04/21/2024,Tenancy payment,,,-$900.00,"$3,553.00",0
04/20/2024,Membership Semi-monthly,,,"-$1,600.00","$23,558.00",0
03/30/2024,RENT_INVOICE_001,,,"-$2,075.00","$19,556.00",1
02/29/2024,Excluding rent - HOA,,,-$950.00,"$12,966.00",0
09/21/2025,Separate from rent - deposit,,,"-$2,250.00","$34,051.00",0
08/07/2024,End of month remittance (Unit 14B),,,"-$1,300.00","$34,856.00",1
11/07/2024,Premises Services,,,-$825.00,"$3,928.00",1
04/29/2025,Pad payment,,,"-$2,250.00","$25,278.00",0
08/21/2025,Remittance to Moore,,,-$800.00,"$11,333.00",0
11/22/2025,Rent ;payment,,,"-$1,550.00","$26,025.00",1
01/30/2025,Monthly on 15th,,,-$125.00,"$42,936.00",0
12/21/2024,Subscription Bi-weekly,,,"-$1,550.00","$31,765.00",0
06/30/2025,FEE - AUTO,,,"-$1,100.00","$4,424.00",0
01/29/2025,Residential payment 25th standing,,,"-$2,425.00","$8,559.00",1
10/05/2024,Recurring transfer to Smith,,,$100.00,"$14,820.00",0
05/27/2024,Housing Associates,,,"$1,200.00","$5,435.00",0
01/29/2024,First of month payment,,,$700.00,"$43,075.00",0
11/08/2025,RENT|AUTO,,,-$975.00,"$10,283.00",1
03/23/2024,Residential payment First Monday,,,-$925.00,"$18,381.00",1
12/14/2025,Complex charge,,,-$600.00,"$36,348.00",0
11/21/2025,Residence fee including amenities,,,"-$2,125.00","$45,815.00",1
08/18/2024,Rent payment (primary residence),,,"-$1,225.00","$11,034.00",1
07/10/2025,Unit charge for residential unit,,,-$625.00,"$2,370.00",1
01/26/2024,CHARGE - MONTHLY,,,"-$1,600.00","$13,725.00",0
06/26/2025,Spot payment,,,-$350.00,"$37,603.00",0
09/23/2024,Dwelling disbursement plus fees,,,-$675.00,"$20,824.00",1
11/14/2024,Unit disbursement for residential unit,,,"-$2,250.00","$26,264.00",1
09/06/2025,Unit charge for residential unit,,,"$1,425.00","$16,455.00",1
09/27/2025,Unit disbursement for residential unit,,,"-$3,025.00","$6,381.00",1
07/17/2024,Abode disbursement,,,"-$1,950.00","$33,917.00",1
07/23/2025,Rent payment (primary residence),,,"-$2,350.00","$22,757.00",1
04/27/2024,Abode payment plus insurance,,,"$2,775.00","$5,051.00",1
10/04/2024,Lease charge for residential unit,,,-$875.00,"$31,809.00",1
09/07/2025,RENT>>PAYMENT,,,"-$1,400.00","$3,169.00",1
07/28/2025,Unit fee for residential unit,,,"-$1,825.00","$8,278.00",1
07/17/2025,Rent payment (primary residence),,,"-$1,875.00","$13,169.00",1
10/08/2024,123 Main St monthly,,,"-$1,950.00","$46,840.00",1
06/12/2025,Unit fee for residential unit,,,"-$1,000.00","$39,075.00",1
06/12/2024,Premises Services (Unit 18B),,,"-$1,500.00","$27,212.00",1
03/28/2024,SERVICE - AUTO,,,"-$3,000.00","$26,228.00",0
07/07/2025,Complex payment,,,"-$1,750.00","$8,787.00",0
08/12/2024,ACH to Johnson LLC,,,-$125.00,"$23,940.00",0
03/03/2024,Utilitie payment,,,"-$2,600.00","$37,202.00",0
04/26/2024,CHARGE - AUTO,,,$50.00,"$14,089.00",0
08/17/2024,Subscription Every 30 days,,,-$800.00,"$18,376.00",0
03/01/2024,RENT_INVOICE_001,,,"-$2,200.00","$29,233.00",1
08/05/2025,Servise payment,,,-$450.00,"$13,246.00",0
10/31/2025,Servise payment,,,"-$1,550.00","$49,882.00",0
03/12/2024,Rentt disbursement,,,-$825.00,"$12,866.00",1
03/14/2024,Unit charge,,,-$600.00,"$33,607.00",0
06/03/2024,My apartment payment,,,-$800.00,"$28,382.00",1
04/09/2024,Residential facility fee,,,-$700.00,"$13,231.00",1
08/15/2025,Accommodation disbursement,,,"-$1,000.00","$17,725.00",1
12/03/2024,RENT - DO NOT DELETE,,,-$800.00,"$34,825.00",1
08/23/2024,Accommodation disbursement,,,-$825.00,"$10,349.00",1
07/02/2024,Condo fee,,,$100.00,"$3,676.00",0
05/24/2024,CHARGE - AUTO,,,-$600.00,"$39,502.00",0
01/15/2024,Rent-paymnt,,,"-$2,300.00","$11,307.00",1
04/12/2025,Subscripton payment,,,"-$1,000.00","$17,112.00",0
07/11/2024,Residential payment 25th standing,,,"-$1,600.00","$47,860.00",1
10/04/2025,Maintenance fee incl. services,,,"-$1,800.00","$39,169.00",0
09/15/2024,Wire to Thompson,,,-$300.00,"$12,482.00",0
07/23/2025,Maintenance fee + insurance,,,"-$2,600.00","$42,510.00",0
03/30/2025,Lease obligation payment,,,"-$2,625.00","$22,305.00",1
03/23/2024,Property remittance for residential unit,,,"-$1,675.00","$37,642.00",1
11/27/2025,Periodic 30th payment,,,-$450.00,"$33,664.00",0
08/29/2024,Membership Monthly anniversary,,,-$125.00,"$36,186.00",0
01/12/2025,Payment to Wilson,,,-$800.00,"$44,491.00",1
03/13/2025,Domicile Solutions,,,"-$2,400.00","$19,675.00",1
08/17/2025,Servise payment,,,-$100.00,"$46,602.00",0
11/25/2025,HOA fee + insurance,,,-$650.00,"$42,439.00",0
10/11/2024,Property fee,,,-$400.00,"$16,646.00",0
01/24/2025,Unit payment including maintenance,,,-$900.00,"$32,378.00",1
06/14/2025,Subscription Calendar month,,,-$200.00,"$27,811.00",0
05/02/2024,Letting fee,,,$600.00,"$20,427.00",0
07/22/2024,Utility fee incl. services,,,-$900.00,"$43,855.00",0
06/14/2024,Rant remittance,,,"$1,800.00","$48,399.00",1
04/26/2024,Transfer to Miller,,,$100.00,"$49,681.00",0
10/01/2024,Transfer to Miller,,,-$200.00,"$23,986.00",0
05/06/2024,Independent of rent - repair,,,"-$1,200.00","$33,557.00",0
05/08/2025,Utilitie payment,,,-$400.00,"$33,617.00",0
05/29/2025,Crib fee,,,"-$1,525.00","$8,283.00",1
10/01/2025,Separate from rent - deposit,,,-$400.00,"$15,284.00",0
06/17/2025,Bi-weekly housing (Unit 18B),,,"-$2,150.00","$49,573.00",1
12/11/2025,Periodic 30th payment,,,"-$1,950.00","$39,930.00",0
06/02/2024,Complex fee,,,"-$3,000.00","$42,014.00",0
03/16/2024,For 303 Parkview,,,"-$2,375.00","$13,438.00",1
01/18/2024,Residential payment 1st of month,,,$650.00,"$42,099.00",1
04/03/2025,SERVICE - AUTO,,,-$250.00,"$27,738.00",0
03/19/2024,Unit letting,,,-$900.00,"$16,984.00",1
11/24/2025,Recurring transfer to Smith,,,$700.00,"$3,102.00",0
03/18/2024,Rental payment,,,-$75.00,"$32,968.00",0
12/28/2024,Dwelling remittance,,,"-$2,650.00","$31,145.00",1
03/06/2024,Complex fee,,,-$200.00,"$27,633.00",0
08/23/2024,Rent payment (apartment),,,-$625.00,"$10,621.00",1
05/24/2025,Apartment payment + parking,,,-$900.00,"$12,424.00",1
09/10/2024,My unit disbursement,,,-$800.00,"$6,628.00",1
12/26/2024,Residential payment Bi-weekly,,,-$850.00,"$41,971.00",1
11/14/2025,Property Services LLC,,,"-$1,350.00","$17,749.00",0
08/13/2025,Subscripton payment,,,-$600.00,"$48,587.00",0
07/21/2024,Payment on 1st of month,,,-$600.00,"$22,289.00",0
09/17/2025,Property fee for residential unit,,,"-$1,375.00","$15,392.00",1
02/12/2024,Monthly payment to John (Unit 7B),,,"-$1,925.00","$43,741.00",1
01/09/2025,Payment on 1st of month,,,-$925.00,"$42,227.00",1
08/30/2025,Mid-month transfer (Unit 6A),,,"-$3,000.00","$32,988.00",1
07/02/2025,Rent payment (apartment),,,"-$1,600.00","$23,802.00",1
03/03/2025,HOA fee + tax,,,"-$1,550.00","$16,446.00",0
07/18/2024,Subscripton payment,,,"-$1,450.00","$16,689.00",0
12/25/2024,Subscripton payment,,,"-$2,800.00","$20,695.00",0
02/18/2025,Unit fee,,,"-$1,600.00","$38,824.00",0
08/12/2025,Residential payment 5th monthly,,,"-$1,125.00","$15,839.00",1
07/22/2025,Check #1234 for monthly,,,"-$1,850.00","$20,481.00",0
02/29/2024,Lease charge for residential unit,,,"-$1,950.00","$37,180.00",1
01/30/2025,Rental payment,,,-$350.00,"$25,761.00",0
04/18/2025,Property remittance,,,"-$1,650.00","$6,367.00",0
05/16/2024,Monthly payment to John,,,-$850.00,"$32,635.00",0
06/17/2024,Place remittance,,,-$950.00,"$8,158.00",0
05/19/2024,Utilitie payment,,,"-$1,400.00","$13,283.00",0
06/14/2025,Residential payment 20th periodic,,,-$900.00,"$24,557.00",1
04/11/2025,Subscripton payment,,,-$250.00,"$16,692.00",0
06/01/2024,Recurring 1st week,,,-$800.00,"$42,779.00",0
02/03/2025,Rent-pay ment,,,"-$2,275.00","$33,595.00",1
08/01/2024,Maintenence payment,,,-$200.00,"$17,177.00",0
11/27/2024,Maintenance fee + tax,,,$450.00,"$17,262.00",0
02/25/2024,Unit Management,,,"-$1,650.00","$36,426.00",0
07/25/2025,Utilitie payment,,,-$700.00,"$20,556.00",0
06/06/2024,Unit fee,,,"-$1,400.00","$13,589.00",0
05/23/2025,Lease fee for residential unit,,,"-$2,950.00","$24,296.00",1
06/25/2025,Unit letting,,,"-$1,400.00","$19,893.00",1
10/05/2024,Building disbursement,,,"-$1,950.00","$32,630.00",0
09/17/2024,Rent payment (apartment),,,"-$2,550.00","$24,206.00",1
07/15/2025,Property Services LLC,,,-$75.00,"$16,543.00",0
11/11/2024,Subscription 10th recurring,,,-$500.00,"$45,338.00",0
05/07/2024,Residential payment 10th recurring,,,"-$3,000.00","$42,267.00",1
03/14/2025,Unit letting,,,"-$2,775.00","$11,131.00",1
05/06/2024,Real estate management fee,,,"-$1,700.00","$42,160.00",1
02/02/2025,Real Estate Solutions,,,-$250.00,"$14,956.00",0
09/27/2025,Rent payment (primary residence),,,"-$1,350.00","$28,214.00",1
02/25/2024,Building disbursement,,,-$900.00,"$48,282.00",0
09/24/2024,Building fee for residential unit,,,"$1,375.00","$15,551.00",1
03/23/2024,Rent with included services,,,-$825.00,"$48,082.00",1
07/22/2025,Residential occupancy fee,,,"-$1,400.00","$13,528.00",1
02/04/2024,Residential payment Every 30 days,,,"-$2,450.00","$34,850.00",1
08/08/2025,Abode payment plus insurance,,,"-$2,200.00","$28,283.00",1
03/16/2025,Strata payment,,,-$400.00,"$6,794.00",0
11/24/2024,Unit Management,,,-$250.00,"$44,504.00",0
05/17/2025,My apartment payment,,,-$700.00,"$18,658.00",1
01/03/2025,Complex charge for residential unit,,,"$1,575.00","$34,860.00",1
05/04/2025,Maintenance fee + tax,,,"-$1,400.00","$32,925.00",0
01/11/2025,Rnet payment,,,-$850.00,"$44,656.00",1
06/17/2025,Residential Services,,,-$150.00,"$12,959.00",0
02/06/2024,Check #1234 for monthly,,,"-$1,125.00","$27,125.00",1
04/23/2024,Rent payment (apartment),,,"-$1,850.00","$24,820.00",1
02/20/2024,Unit charge,,,$800.00,"$7,008.00",0
06/12/2024,Property remittance,,,-$150.00,"$33,405.00",0
12/24/2025,Payment to Wilson,,,"-$1,800.00","$2,040.00",0
02/24/2024,Apartment payment + parking,,,"-$1,950.00","$14,297.00",1
11/03/2025,Rental payment,,,"$1,000.00","$18,426.00",0
01/15/2025,Property Services LLC,,,-$875.00,"$39,284.00",1
01/07/2024,Complex charge for residential unit,,,"$2,225.00","$27,875.00",1
01/29/2025,Zelle to Davis,,,"-$1,550.00","$21,145.00",0
09/24/2025,Tenancy remittance,,,-$625.00,"$2,453.00",1
05/15/2024,Rent payment (primary residence),,,$675.00,"$9,706.00",1
11/16/2025,Place remittance,,,-$900.00,"$8,286.00",0
05/12/2024,Rent (missed auto),,,"-$2,600.00","$32,723.00",1
05/12/2025,Semi-monthly residence,,,"$1,050.00","$41,762.00",1
02/26/2024,Maintenance fee + insurance,,,"-$1,200.00","$45,007.00",0
07/26/2024,Rent payment ,,,"-$2,050.00","$35,403.00",1
08/25/2025,Utility fee incl. services,,,-$150.00,"$35,806.00",0
04/07/2025,RENT #2024-001,,,-$850.00,"$23,554.00",1
08/27/2025,Rent payment ,,,"-$1,300.00","$35,169.00",1
02/17/2024,Quarterly dwelling,,,"-$1,550.00","$39,827.00",0
06/08/2024,Other than rent - tax,,,"-$1,600.00","$19,198.00",0
11/09/2024,Service Last day,,,-$400.00,"$38,307.00",0
12/12/2024,Digs payment,,,$850.00,"$25,401.00",0
06/18/2024,Rent..payment,,,"-$2,550.00","$39,331.00",1
07/07/2025,Lodgings remittance,,,$250.00,"$37,758.00",0
01/28/2025,Monthly on 15th,,,"-$1,200.00","$16,543.00",0
04/13/2024,Monthly on 15th,,,"-$1,400.00","$22,147.00",0
08/12/2025,Maintenance fee + insurance,,,-$850.00,"$36,772.00",0
02/27/2024,RENT: UNIT 304,,,"-$1,325.00","$4,529.00",1
07/11/2024,Check #1234 for monthly,,,"$1,250.00","$29,766.00",0
03/24/2025,Subscription Every 30 days,,,-$350.00,"$43,607.00",0
03/28/2025,Rant remittance,,,"-$1,300.00","$23,196.00",1
06/03/2025,Additional to rent - fee,,,$800.00,"$25,350.00",0
03/06/2025,Property payment for residential unit,,,"-$1,700.00","$10,505.00",1
09/13/2024,Mid-month transfer,,,-$250.00,"$32,468.00",0
11/07/2024,Residential payment Calendar month,,,"-$1,225.00","$9,225.00",1
12/04/2024,Check #1234 for monthly,,,"-$1,400.00","$6,330.00",0
10/15/2024,Utilitie payment,,,"-$1,200.00","$18,569.00",0
01/29/2024,Spot payment,,,"-$1,500.00","$1,888.00",1
06/12/2024,Semi-monthly residence,,,-$800.00,"$8,013.00",0
10/06/2025,Accommodation remittance including tax,,,"-$2,850.00","$49,395.00",1
08/19/2024,Unit 7B monthly,,,"$2,350.00","$44,485.00",1
06/15/2025,Maintenence payment,,,-$800.00,"$45,642.00",0
03/08/2025,RENT: UNIT 304,,,"-$2,100.00","$4,219.00",1
03/16/2025,Distinct from rent - service,,,"-$1,200.00","$37,072.00",0
01/24/2024,Unit Management,,,"-$1,825.00","$24,980.00",1
09/18/2025,Recurring transfer to Smith,,,-$100.00,"$19,903.00",0
11/13/2025,Unit payment for residential unit,,,"-$2,000.00","$37,540.00",1
04/01/2024,Unit Management,,,"-$1,950.00","$33,124.00",0
07/23/2024,Recurring transfer to Smith,,,"-$1,200.00","$17,540.00",0
02/25/2025,Independent of rent - repair,,,-$125.00,"$21,739.00",0
01/25/2024,Check #1234 for monthly,,,-$250.00,"$13,081.00",0
07/27/2025,Payment on 1st of month,,,-$600.00,"$7,231.00",0
10/12/2025,Habitation remittance with utilities,,,"-$2,200.00","$28,684.00",1
12/21/2024,Debit to Anderson,,,-$200.00,"$5,064.00",0
08/14/2024,Condo fee,,,"-$2,850.00","$13,392.00",1
07/26/2024,Rental payment,,,"$2,275.00","$4,364.00",1
01/03/2024,Spot payment,,,-$200.00,"$37,913.00",0
06/03/2024,Property payment for residential unit,,,"-$1,375.00","$8,784.00",1
08/01/2025,Flat fee,,,"-$1,325.00","$9,481.00",1
05/19/2024,Utilitie payment,,,-$700.00,"$18,969.00",0
01/07/2025,Residential payment First Monday,,,"-$1,300.00","$22,210.00",1
04/28/2025,Ren tpayment,,,-$800.00,"$34,849.00",1
01/05/2024,Rent-pay ment,,,"-$1,150.00","$9,062.00",1
02/22/2024,Premises Services,,,-$700.00,"$9,888.00",0
09/26/2025,Utilitie payment,,,-$700.00,"$14,908.00",0
12/11/2025,Utility fee + tax,,,-$350.00,"$1,100.00",0
12/10/2025,Rent-pay ment,,,"$2,775.00","$38,899.00",1
07/30/2025,Subscription Monthly anniversary,,,$50.00,"$29,857.00",0
02/09/2024,FEE - AUTO,,,-$200.00,"$12,330.00",0
10/17/2024,Recurring transfer to Smith,,,-$150.00,"$10,350.00",0
01/23/2024,RENT-RECURRING,,,"-$2,400.00","$3,328.00",1
12/14/2024,RENT #2024-001,,,"-$1,125.00","$39,615.00",1
04/20/2024,Abode payment plus insurance,,,"-$1,000.00","$19,255.00",1
01/31/2024,Residential payment 5th monthly,,,"-$1,700.00","$43,086.00",1
02/12/2024,Residential payment Every 30 days,,,"-$1,650.00","$37,000.00",1
05/20/2025,Accommodation remittance including tax,,,"-$2,825.00","$37,331.00",1
09/01/2025,Residential payment 20th periodic,,,"-$2,650.00","$20,586.00",1
11/02/2025,Distinct from rent - service,,,"-$1,250.00","$27,122.00",0
06/18/2024,UTILITY - RECURRING,,,-$700.00,"$46,648.00",0
10/26/2024,Real Estate Solutions,,,"-$1,200.00","$4,502.00",0
03/21/2025,Servise payment,,,-$350.00,"$29,374.00",0
04/12/2024,Payment on 1st of month (Unit 8C),,,-$900.00,"$4,458.00",1
02/10/2025,Check #1234 for monthly,,,-$50.00,"$41,004.00",0
02/22/2025,Rant fee,,,"-$2,000.00","$12,836.00",1
06/09/2024,Housing allocation payment,,,-$850.00,"$3,278.00",1
10/14/2024,Wire to Thompson,,,"-$1,600.00","$29,545.00",1
10/19/2024,Premises Services,,,-$600.00,"$33,214.00",0
10/10/2024,Rent/payment,,,"-$2,225.00","$45,233.00",1
03/10/2024,Strata payment,,,"-$3,025.00","$4,118.00",1
09/30/2024,Unit payment,,,$250.00,"$48,939.00",0
05/01/2025,Domicile Solutions,,,-$100.00,"$14,104.00",0
12/16/2025,Payment on 1st of month,,,$100.00,"$7,505.00",0
01/26/2024,Distinct from rent - service,,,$100.00,"$44,486.00",0
11/15/2024,Pad payment,,,-$50.00,"$15,528.00",0
06/26/2024,Besides rent - insurance,,,"-$2,400.00","$44,741.00",0
11/12/2025,Service fee + tax,,,-$150.00,"$7,374.00",0
10/24/2024,Monthly payment to John,,,$350.00,"$47,256.00",0
06/15/2024,Payment to Wilson,,,-$300.00,"$47,084.00",0
03/15/2025,Property fee,,,-$250.00,"$33,807.00",0
04/02/2024,Residential occupancy fee,,,"-$1,925.00","$33,380.00",1
10/13/2025,Spot payment,,,-$900.00,"$21,673.00",0
04/16/2025,Building payment,,,-$600.00,"$27,002.00",0
09/18/2024,Service Every 30 days,,,-$300.00,"$26,755.00",0
01/13/2024,Remittance to Moore,,,"$2,100.00","$17,767.00",0
07/23/2024,Maintenence payment,,,-$400.00,"$21,064.00",0
04/07/2024,Remittance to Moore,,,"-$1,400.00","$41,691.00",0
02/24/2024,Lease charge for residential unit,,,"$1,000.00","$13,576.00",1
01/09/2025,Remittance to Moore,,,-$600.00,"$44,654.00",0
07/03/2025,Residential payment First Monday,,,"-$2,100.00","$30,968.00",1
02/07/2024,Complex payment for residential unit,,,"-$1,500.00","$4,240.00",1
01/01/2025,Semi-monthly residence,,,"-$1,400.00","$14,871.00",0
10/05/2024,Service 25th standing,,,$250.00,"$3,448.00",0
12/16/2025,Dwelling disbursement plus fees,,,"-$1,225.00","$3,856.00",1
08/22/2025,Complex payment,,,-$950.00,"$38,575.00",0
08/11/2025,Maintenance fee incl. services,,,-$200.00,"$46,515.00",0
04/23/2024,Additional to rent - fee,,,-$450.00,"$4,019.00",0
07/12/2025,Invoice: RESIDENCE,,,-$625.00,"$3,898.00",1
06/03/2024,Rent with included services,,,"-$2,775.00","$19,805.00",1
12/13/2025,Utilitie payment,,,-$900.00,"$43,881.00",0
12/12/2024,Periodic 30th payment,,,-$850.00,"$20,284.00",0
07/20/2025,Excluding rent - HOA,,,"-$2,400.00","$1,949.00",0
05/05/2024,Building payment for residential unit,,,"-$1,800.00","$24,758.00",1
10/04/2025,Unit letting,,,-$800.00,"$8,029.00",0
04/30/2024,Bi-weekly housing,,,-$825.00,"$17,721.00",1
01/23/2025,Service fee incl. services,,,$125.00,"$25,716.00",0
03/21/2024,Building payment for residential unit,,,"-$1,500.00","$1,144.00",1
10/25/2024,Rent payment ,,,"-$1,050.00","$37,255.00",1
09/02/2025,Rental payment,,,-$800.00,"$28,896.00",0
01/29/2024,Rent payment (apartment),,,-$925.00,"$13,376.00",1
08/29/2024,Recurring 1st week,,,$300.00,"$19,043.00",0
03/29/2025,Lease charge for residential unit,,,-$600.00,"$23,926.00",1
01/11/2025,Flat fee,,,-$450.00,"$34,178.00",0
07/25/2025,Subscripton payment,,,"-$1,750.00","$32,882.00",0
12/12/2024,Residential facility fee,,,-$800.00,"$9,343.00",1
11/30/2025,Maintenance fee + insurance,,,-$300.00,"$13,699.00",0
08/06/2024,Rent ;payment,,,"-$1,925.00","$26,986.00",1
07/28/2024,Condo fee,,,"-$1,750.00","$8,729.00",1
07/04/2024,Housing allocation payment,,,"-$1,900.00","$49,659.00",1
09/24/2025,Payment to Wilson (Unit 29A),,,"$2,575.00","$35,904.00",1
12/25/2024,RENT_INVOICE_001,,,"-$1,900.00","$12,511.00",1
10/15/2024,Lease payment,,,-$50.00,"$14,476.00",0
12/11/2024,Rent payment ,,,"-$2,975.00","$49,894.00",1
05/13/2024,Property Services LLC,,,-$75.00,"$15,108.00",0
08/27/2025,Rent..payment,,,"-$1,900.00","$10,500.00",1
07/20/2024,Lodgings remittance,,,-$300.00,"$39,356.00",0
04/26/2025,Membership Every 30 days,,,-$900.00,"$24,586.00",0
11/27/2025,Utilitie payment,,,-$250.00,"$36,552.00",0
05/31/2025,CHARGE - RECURRING,,,"$1,650.00","$8,468.00",0
09/12/2025,Dwelling disbursement plus fees,,,"-$1,750.00","$9,516.00",1
05/22/2025,First of month payment,,,$500.00,"$8,972.00",0
04/23/2024,SERVICE - RECURRING,,,-$400.00,"$11,537.00",0
05/02/2024,Rental payment,,,"-$1,600.00","$8,618.00",1
04/02/2025,Utilitie payment,,,"-$1,350.00","$39,766.00",0
04/22/2024,Excluding rent - HOA,,,-$500.00,"$45,741.00",0
12/05/2025,First of month payment,,,$200.00,"$42,885.00",0
09/27/2024,Unit charge for residential unit,,,"-$1,300.00","$40,836.00",1
04/28/2024,Payment on 1st of month,,,-$900.00,"$42,839.00",0
03/30/2025,Membership Last day,,,-$300.00,"$34,010.00",0
04/25/2025,Payment ref: HOUSING-,,,-$725.00,"$30,697.00",1
11/02/2025,Habitation remittance with utilities,,,-$675.00,"$13,137.00",1
05/20/2024,Accommodation disbursement,,,"-$1,900.00","$16,744.00",1
09/26/2025,Utility fee incl. services,,,-$700.00,"$25,531.00",0
09/27/2024,Landlord services payment,,,"-$2,650.00","$16,267.00",1
09/01/2025,Quarterly dwelling,,,"-$1,400.00","$34,910.00",0
01/01/2025,Wire to Thompson,,,"-$2,250.00","$3,181.00",0
01/08/2025,Abode payment plus insurance,,,"-$1,650.00","$21,949.00",1
10/18/2024,Periodic 30th payment,,,-$75.00,"$33,898.00",0
07/01/2024,UTILITY - MONTHLY,,,"-$1,600.00","$45,743.00",0
04/03/2025,Payment on 1st of month,,,-$500.00,"$30,881.00",0
10/09/2025,Rent payment ,,,"-$1,075.00","$42,052.00",1
03/27/2025,Real estate management fee,,,"-$1,875.00","$13,381.00",1
09/01/2025,RENT: UNIT 304,,,"-$1,975.00","$23,802.00",1
10/12/2025,CHARGE - RECURRING,,,"-$1,200.00","$19,524.00",0
02/22/2024,Monthly payment to John,,,-$250.00,"$34,850.00",0
11/14/2025,Servise payment,,,-$600.00,"$8,639.00",0
12/07/2024,Service 20th periodic,,,-$450.00,"$35,827.00",0
12/05/2024,Lodgings remittance,,,-$200.00,"$26,576.00",0
04/01/2025,Payment to Wilson,,,-$700.00,"$20,275.00",1
01/01/2024,Rent-pay ment,,,"-$2,775.00","$30,554.00",1
08/29/2024,Lease fee for residential unit,,,-$900.00,"$45,009.00",1
09/21/2024,Unit payment,,,"-$1,600.00","$44,318.00",0
02/21/2024,CHARGE - AUTO,,,-$100.00,"$15,991.00",0
03/04/2025,Property Services LLC,,,-$450.00,"$18,053.00",0
05/20/2024,Residential payment Bi-weekly,,,"-$1,200.00","$37,206.00",1
04/27/2024,Monthly payment to John,,,"-$1,500.00","$8,290.00",1
03/20/2025,Habitation remittance with utilities,,,-$950.00,"$10,626.00",1
09/26/2024,Unit fee for residential unit,,,"-$2,850.00","$46,044.00",1
03/17/2024,Service Calendar month,,,-$900.00,"$26,109.00",0
01/13/2024,Utility fee + insurance,,,$50.00,"$47,982.00",0
12/29/2025,Rent payment ,,,"-$1,800.00","$16,015.00",1
07/18/2025,Rnet payment,,,-$950.00,"$3,667.00",1
09/27/2025,Zelle to Davis,,,"-$1,000.00","$13,572.00",0
08/18/2024,Zelle to Davis,,,-$150.00,"$23,997.00",0
06/09/2024,Payment on 1st of month,,,"-$1,550.00","$37,189.00",0
05/21/2024,Rent payment (apartment),,,"-$2,975.00","$26,209.00",1
07/06/2025,Maintenance fee incl. services,,,-$200.00,"$48,585.00",0
05/27/2025,Unit letting,,,-$50.00,"$41,028.00",0
11/28/2024,Maintenence payment,,,"-$1,350.00","$41,600.00",0
05/18/2025,Pad payment,,,-$700.00,"$42,427.00",0
08/31/2025,Rent (missed auto),,,"-$1,600.00","$31,336.00",1
12/02/2024,Distinct from rent - service,,,-$350.00,"$5,060.00",0
08/27/2024,Invoice: RESIDENCE,,,-$950.00,"$22,617.00",1
10/31/2025,Residential payment 10th recurring,,,"-$2,825.00","$5,919.00",1
06/03/2025,Residential Services,,,-$800.00,"$36,837.00",1
12/12/2025,Rent with included services,,,"-$2,450.00","$8,262.00",1
10/18/2024,Rent payment (apartment),,,"-$1,550.00","$17,581.00",1
11/19/2024,SERVICE - AUTO,,,-$150.00,"$6,858.00",0
07/30/2025,Habitation remittance with utilities,,,-$800.00,"$18,860.00",1
12/03/2025,Service fee + insurance,,,-$500.00,"$9,700.00",0
02/20/2025,Unit charge for residential unit,,,"-$1,675.00","$1,717.00",1
01/08/2024,Strata payment,,,"-$2,850.00","$31,898.00",1
11/01/2024,Utilitie payment,,,-$400.00,"$11,850.00",0
07/02/2024,Flat fee,,,"$2,150.00","$45,882.00",1
03/21/2024,RENT #2024-001,,,"-$2,975.00","$36,146.00",1
02/15/2024,Rent-paymnt,,,"-$1,325.00","$47,627.00",1
08/28/2025,Accommodation remittance including tax,,,-$725.00,"$31,908.00",1
09/09/2024,Monthly payment to John,,,-$200.00,"$13,661.00",0
11/06/2025,Complex charge,,,-$250.00,"$8,491.00",0
11/14/2025,Remittance to Moore,,,"-$1,400.00","$33,432.00",0
03/17/2025,CHARGE - MONTHLY,,,-$300.00,"$35,192.00",0
04/16/2024,Strata payment,,,"-$1,050.00","$4,078.00",1
01/21/2025,UTILITY - RECURRING,,,"-$1,400.00","$36,087.00",0
02/16/2024,Real Estate Solutions,,,$300.00,"$27,626.00",0
05/04/2025,Servise payment,,,-$500.00,"$26,040.00",0
05/12/2025,Rentt disbursement,,,"-$2,825.00","$33,471.00",1
08/02/2024,Flat fee,,,"$2,200.00","$8,593.00",1
03/22/2025,Housing Associates,,,-$600.00,"$12,882.00",0
08/22/2024,Complex Services,,,"-$1,400.00","$18,402.00",0
02/10/2025,Spot payment,,,"-$1,650.00","$1,195.00",1
06/02/2025,Flat fee,,,"-$1,000.00","$16,677.00",0
03/13/2024,Rent with included services,,,"$1,300.00","$20,486.00",1
04/07/2024,Rent payment (primary residence),,,"$1,350.00","$35,864.00",1
03/02/2025,Real Estate Solutions,,,-$50.00,"$17,921.00",0
11/12/2024,Dwelling disbursement plus fees,,,$975.00,"$7,011.00",1
11/06/2025,Subscripton payment,,,-$400.00,"$4,482.00",0
08/14/2024,Premises Services (Unit 29B),,,"-$1,050.00","$3,563.00",1
11/20/2025,Property payment,,,"-$2,800.00","$28,445.00",0
05/14/2024,Rent..payment,,,"-$2,950.00","$4,416.00",1
03/25/2025,RENT #2024-001,,,"-$1,050.00","$16,399.00",1
07/28/2025,Residential payment First Monday,,,"-$2,225.00","$40,228.00",1
02/04/2025,Subscription 15th auto,,,"-$1,600.00","$46,640.00",0
03/04/2024,Property Services LLC,,,"-$1,850.00","$22,142.00",0
08/12/2025,Remittance to Moore,,,-$600.00,"$33,528.00",0
04/23/2024,Habitation remittance,,,"-$1,725.00","$32,661.00",1
06/09/2025,Rent payment ,,,"-$3,025.00","$46,791.00",1
05/23/2024,UTILITY - RECURRING,,,-$350.00,"$18,014.00",0
03/21/2024,Debit to Anderson,,,-$450.00,"$47,178.00",0
08/01/2024,Semi-monthly residence,,,-$100.00,"$20,903.00",0
01/28/2025,RENT_INVOICE_001,,,"-$2,000.00","$22,830.00",1
10/20/2025,Rent..payment,,,"-$1,400.00","$6,261.00",1
12/10/2025,Building fee,,,-$50.00,"$7,052.00",0
03/06/2024,Habitation remittance,,,"-$3,000.00","$5,460.00",1
04/03/2024,Digs payment,,,-$150.00,"$22,248.00",0
03/14/2025,Residential payment Monthly anniversary,,,-$950.00,"$44,915.00",1
07/20/2025,Invoice: RESIDENCE,,,"-$2,800.00","$15,889.00",1
11/04/2024,Servise payment,,,-$600.00,"$5,299.00",0
06/19/2024,Subscripton payment,,,$125.00,"$40,517.00",0
05/13/2024,Building disbursement for residential unit,,,"-$1,200.00","$43,759.00",1
08/05/2024,Digs payment,,,-$600.00,"$3,550.00",1
10/27/2025,Quarterly dwelling,,,"-$3,025.00","$46,486.00",1
04/17/2025,First of month payment,,,$800.00,"$49,746.00",0
10/20/2025,Unit Management,,,"-$1,400.00","$3,062.00",0
05/09/2024,Membership 25th standing,,,-$350.00,"$26,248.00",0
08/21/2025,ACH to Johnson LLC,,,$250.00,"$39,877.00",0
11/23/2024,Unit remittance,,,$500.00,"$41,740.00",0
05/08/2024,Property Services LLC,,,-$100.00,"$26,692.00",0
05/31/2024,Building disbursement for residential unit,,,"-$2,625.00","$16,413.00",1
07/13/2024,Residential payment 15th auto,,,-$650.00,"$42,198.00",1
04/20/2024,Lodging remittance,,,"$2,375.00","$46,646.00",1
04/25/2025,Utilitie payment,,,$950.00,"$49,580.00",0
10/09/2025,Quarterly dwelling,,,-$950.00,"$34,853.00",0
08/09/2025,Crib fee,,,-$800.00,"$38,354.00",1
08/12/2024,Domicile Solutions,,,-$825.00,"$43,543.00",1
10/07/2025,Abode payment plus insurance,,,"-$2,050.00","$34,433.00",1
07/29/2025,Crib fee,,,"-$2,550.00","$18,430.00",1
07/27/2024,Rent..payment,,,"-$2,625.00","$36,542.00",1
01/13/2025,Strata payment,,,$650.00,"$35,384.00",1
05/12/2025,HOA fee incl. services,,,-$75.00,"$38,281.00",0
07/01/2024,Residential Services (Unit 11A),,,"-$1,900.00","$42,532.00",1
10/05/2024,Letting fee,,,"-$2,400.00","$10,518.00",0
05/11/2025,Residential payment 20th periodic,,,"$1,075.00","$42,973.00",1
07/21/2025,Letting fee,,,-$100.00,"$38,786.00",0
02/15/2025,Monthly on 15th,,,-$950.00,"$26,666.00",1
06/05/2025,Lease charge,,,-$125.00,"$18,771.00",0
12/14/2024,Service 25th standing,,,-$700.00,"$13,339.00",0
03/02/2025,Payment to Wilson,,,"-$2,200.00","$5,611.00",1
04/30/2025,Property fee for residential unit,,,"$2,050.00","$20,095.00",1
11/06/2025,Additional to rent - fee,,,"$1,000.00","$4,843.00",0
04/26/2025,Facility Solutions,,,-$75.00,"$1,929.00",0
06/19/2024,Habitation remittance with utilities,,,"-$3,025.00","$23,987.00",1
12/26/2024,Semi-monthly residence,,,"$1,400.00","$2,500.00",0
10/22/2024,Monthly payment to John,,,-$350.00,"$19,856.00",0
03/08/2024,Condo fee,,,-$400.00,"$29,913.00",0
06/19/2025,Membership Last day,,,-$250.00,"$45,515.00",0
10/12/2025,123 Main St monthly,,,"$3,025.00","$16,337.00",1
08/14/2024,Rent payment (apartment),,,-$775.00,"$28,772.00",1
09/13/2024,Remittance to Moore,,,-$50.00,"$4,518.00",0
12/12/2024,Unit payment,,,-$125.00,"$14,074.00",0
07/18/2024,RENT #2024-001,,,"$1,400.00","$31,797.00",1
12/01/2025,Rent payment (primary residence),,,"-$2,075.00","$34,198.00",1
08/28/2024,Utilitie payment,,,-$150.00,"$45,467.00",0
05/05/2024,Lease charge for residential unit,,,"-$1,725.00","$12,090.00",1
03/26/2024,500 Oak Ave payment,,,"-$1,775.00","$46,061.00",1
03/04/2025,Recurring transfer to Smith,,,-$500.00,"$46,678.00",0
04/02/2024,Unit letting,,,"-$2,575.00","$27,167.00",1
11/06/2024,123 Main St monthly,,,"-$2,750.00","$29,731.00",1
09/19/2024,Quarterly dwelling,,,-$100.00,"$9,279.00",0
03/22/2024,Utility fee + tax,,,-$125.00,"$49,502.00",0
04/23/2025,Rent payment ,,,"-$1,525.00","$18,245.00",1
08/26/2024,Unit disbursement,,,"-$1,200.00","$27,338.00",0
11/20/2024,Residential payment First Monday,,,"-$1,475.00","$31,202.00",1
11/14/2024,RENT~MONTHLY,,,"-$1,275.00","$45,186.00",1
09/01/2025,Membership 5th monthly,,,"-$1,800.00","$29,979.00",0
05/11/2024,Residential Services,,,-$925.00,"$22,728.00",1
10/03/2024,Service Monthly anniversary,,,-$300.00,"$39,771.00",0
04/07/2025,Utility fee + insurance,,,-$125.00,"$36,423.00",0
03/26/2024,Payment to Wilson,,,"-$1,850.00","$3,143.00",0
09/05/2024,Complex Services,,,-$800.00,"$18,041.00",0
02/08/2024,FEE - MONTHLY,,,$100.00,"$45,898.00",0
08/27/2025,Maintenance fee + insurance,,,-$700.00,"$38,442.00",0
03/03/2025,Membership Last day,,,-$800.00,"$38,106.00",0
05/20/2025,Residential payment Quarterly,,,"-$1,375.00","$3,100.00",1
08/18/2025,Letting fee,,,"-$1,400.00","$35,965.00",0
01/17/2024,Rent payment (apartment),,,"$3,050.00","$46,845.00",1
06/16/2025,Lease obligation payment,,,-$925.00,"$9,539.00",1
01/06/2024,Digs payment,,,-$100.00,"$10,823.00",0
09/24/2024,Subscripton payment,,,$400.00,"$27,946.00",0
07/01/2024,Property management remittance,,,-$650.00,"$26,031.00",1
06/18/2025,FEE - AUTO,,,"-$1,200.00","$25,532.00",0
09/25/2024,Excluding rent - HOA,,,"$2,800.00","$49,210.00",0
08/17/2024,Complex charge for residential unit,,,"$2,200.00","$12,506.00",1
07/16/2024,Utility fee + tax,,,-$300.00,"$12,673.00",0
09/14/2025,Unit Management,,,-$400.00,"$38,470.00",0
09/13/2025,Maintenence payment,,,-$900.00,"$23,061.00",0
10/04/2025,Rent payment ,,,"-$1,225.00","$9,987.00",1
11/21/2024,Rent..payment,,,"-$2,750.00","$1,360.00",1
07/07/2024,Facility Solutions,,,"-$1,425.00","$46,204.00",1
08/30/2024,Rent ;payment,,,"-$1,375.00","$2,104.00",1
02/01/2025,Letting fee,,,"$2,100.00","$10,726.00",1
07/27/2025,Residential payment 25th standing,,,"-$1,750.00","$42,110.00",1
06/28/2024,Rent/payment,,,-$600.00,"$48,856.00",1
11/04/2025,My house monthly,,,"-$1,600.00","$3,589.00",1
04/13/2024,Real Estate Solutions,,,-$450.00,"$19,310.00",0
08/15/2025,Payment to Wilson (Unit 49B),,,"-$1,500.00","$8,149.00",1
06/05/2025,Periodic domicile remittance,,,"-$1,600.00","$47,668.00",1
08/13/2025,Unit charge for residential unit,,,-$625.00,"$13,759.00",1
05/03/2024,Premises Services,,,"-$1,150.00","$34,245.00",1
10/16/2024,Residential payment First Monday,,,"-$1,450.00","$10,011.00",1
12/31/2025,Quarterly dwelling,,,-$875.00,"$4,434.00",1
09/06/2025,RENT>>PAYMENT,,,"-$1,725.00","$7,018.00",1
12/02/2024,Abode payment plus insurance,,,"-$1,625.00","$44,386.00",1
10/27/2024,Residential payment Calendar month,,,"-$1,450.00","$47,641.00",1
12/05/2025,Subscripton payment,,,"-$1,600.00","$32,818.00",0
09/04/2024,Check #1234 for monthly,,,"-$1,600.00","$7,720.00",0
12/22/2024,Quarterly dwelling (Unit 8B),,,"-$2,200.00","$20,161.00",1
01/02/2024,Residential payment 20th periodic,,,"-$2,850.00","$2,794.00",1
09/25/2024,HOA fee + tax,,,"-$1,800.00","$41,380.00",0
10/09/2025,Facility Solutions (Unit 50B),,,"$1,150.00","$40,970.00",1
05/13/2024,Unit remittance,,,-$75.00,"$25,820.00",0
02/25/2025,HOA fee incl. services,,,-$125.00,"$5,701.00",0
04/20/2025,RENT>>PAYMENT,,,"-$1,650.00","$7,351.00",1
01/23/2024,Lease payment for residential unit,,,"-$1,100.00","$17,257.00",1
11/12/2024,Rent(payment),,,"-$2,200.00","$13,952.00",1
02/09/2025,Strata payment,,,"$2,625.00","$29,634.00",1
08/11/2025,Quarterly dwelling,,,"-$1,075.00","$23,585.00",1
02/16/2024,Debit to Anderson,,,-$600.00,"$26,570.00",0
11/23/2024,Utility fee + insurance,,,-$700.00,"$23,443.00",0
06/14/2025,Mid-month transfer,,,-$50.00,"$43,263.00",0
12/24/2025,Rent payment ,,,"$1,675.00","$23,380.00",1
11/04/2024,HOA fee incl. services,,,-$125.00,"$9,116.00",0
02/13/2025,Tenancy payment,,,"-$1,725.00","$24,549.00",1
07/15/2024,Digs payment,,,-$700.00,"$28,361.00",1
06/01/2025,Digs payment,,,"$1,250.00","$4,273.00",0
12/05/2025,Payment on 1st of month,,,-$500.00,"$35,314.00",0
07/12/2024,Recurring transfer to Smith,,,"-$1,875.00","$41,377.00",1
03/21/2024,Condo fee,,,-$350.00,"$23,654.00",0
09/14/2024,Residential payment 20th periodic,,,"-$1,700.00","$10,182.00",1
08/30/2025,Building disbursement for residential unit,,,"$1,850.00","$6,692.00",1
06/22/2025,Periodic 30th payment (Unit 29C),,,"$3,000.00","$39,251.00",1
10/03/2024,Membership 10th recurring,,,"-$3,000.00","$33,829.00",0
10/30/2024,Quarterly dwelling,,,"-$1,600.00","$15,388.00",0
10/11/2024,Habitation remittance with utilities,,,"-$1,700.00","$20,934.00",1
06/28/2025,HOA fee incl. services,,,"-$2,100.00","$37,243.00",0
06/02/2025,Residence fee including amenities,,,-$650.00,"$37,942.00",1
12/22/2024,Abode disbursement,,,"-$1,000.00","$19,503.00",1
06/12/2024,Check #1234 for monthly,,,-$100.00,"$25,195.00",0
02/03/2025,Payment on 1st of month,,,-$700.00,"$45,561.00",0
11/26/2025,SERVICE - RECURRING,,,"-$1,400.00","$23,833.00",0
10/29/2024,Monthly on 15th,,,"$1,800.00","$22,595.00",0
08/03/2025,ACH to Johnson LLC,,,$350.00,"$30,034.00",0
12/14/2024,Apartment payment + parking,,,"-$2,575.00","$41,342.00",1
06/01/2024,Lease fee,,,-$800.00,"$26,757.00",0
03/09/2025,Residential payment 25th standing,,,"-$2,125.00","$31,345.00",1
11/13/2024,Zelle to Davis,,,-$300.00,"$26,692.00",0
04/03/2025,Domicile disbursement,,,"-$2,150.00","$31,119.00",1
09/05/2025,Semi-monthly residence,,,-$200.00,"$27,651.00",0
08/20/2024,Complex payment for residential unit,,,"$2,150.00","$33,980.00",1
03/26/2024,Complex fee,,,"-$1,000.00","$19,640.00",0
04/03/2025,Utility fee + insurance,,,-$250.00,"$49,459.00",0
04/28/2024,Invoice: RESIDENCE,,,"-$2,825.00","$45,791.00",1
01/11/2025,First of month payment,,,-$725.00,"$36,889.00",1
03/14/2025,Habitation remittance with utilities,,,"-$1,700.00","$36,398.00",1
10/04/2025,Residence fee including amenities,,,"-$2,600.00","$37,321.00",1
01/20/2025,Complex Services,,,$500.00,"$21,046.00",0
01/27/2024,Housing Associates,,,-$250.00,"$9,537.00",0
02/18/2025,Facility Solutions,,,$125.00,"$10,288.00",0
04/12/2025,Housing Associates,,,"-$1,775.00","$16,182.00",1
01/21/2025,Residential payment Monthly anniversary,,,$775.00,"$33,627.00",1
06/16/2024,Service Quarterly,,,-$700.00,"$5,926.00",0
04/15/2025,HOA fee + insurance,,,-$900.00,"$2,836.00",0
06/10/2024,Unit remittance for residential unit,,,"-$1,350.00","$39,150.00",1
12/13/2024,Servise payment,,,-$350.00,"$6,724.00",0
03/16/2025,Recurring 1st week,,,-$200.00,"$35,426.00",0
01/27/2024,Flat fee,,,"-$2,450.00","$37,826.00",1
07/27/2024,Place remittance,,,$675.00,"$15,489.00",1
04/28/2024,Property remittance for residential unit,,,"-$2,350.00","$17,282.00",1
06/29/2025,Rant fee,,,"-$2,775.00","$26,262.00",1
02/10/2025,Spot payment,,,"$1,250.00","$36,881.00",1
03/02/2025,Utilitie payment,,,"-$1,350.00","$36,555.00",0
01/02/2025,Digs payment,,,"-$1,200.00","$17,945.00",0
10/30/2024,Rant fee,,,"-$1,900.00","$42,676.00",1
07/25/2024,R3nt fee,,,"-$1,350.00","$23,901.00",1
08/10/2025,Residential payment 5th monthly,,,-$650.00,"$2,301.00",1
11/18/2024,RENT~MONTHLY,,,"-$1,600.00","$47,633.00",1
01/03/2025,Rental payment,,,"-$3,000.00","$31,133.00",0
08/08/2024,Pad payment,,,"-$1,125.00","$16,069.00",1
11/16/2025,Bi-weekly housing,,,-$350.00,"$36,482.00",0
12/16/2024,RENT~MONTHLY,,,"$1,300.00","$39,761.00",1
05/15/2024,Building payment,,,-$500.00,"$34,922.00",0
10/29/2024,Property fee for residential unit,,,"-$2,075.00","$4,080.00",1
04/23/2024,Quarterly dwelling,,,-$100.00,"$41,455.00",0
08/22/2024,CHARGE - MONTHLY,,,-$250.00,"$37,692.00",0
02/09/2025,Digs payment,,,-$600.00,"$30,320.00",0
10/09/2025,RENT: UNIT 304,,,"-$1,700.00","$16,887.00",1
07/28/2024,Bi-weekly housing,,,"-$1,250.00","$22,084.00",0
07/07/2024,Transfer to Miller,,,-$350.00,"$30,283.00",0
06/26/2024,My unit disbursement,,,"-$2,400.00","$5,512.00",1
10/17/2025,Letting fee,,,"-$2,000.00","$41,064.00",1
05/16/2024,Subscripton payment,,,"-$1,550.00","$21,293.00",0
08/26/2024,UTILITY - RECURRING,,,-$600.00,"$32,301.00",0
01/16/2024,Rent..payment,,,"-$3,025.00","$38,620.00",1
04/21/2025,Complex charge,,,"$1,800.00","$39,411.00",0
10/11/2024,Lease fee for residential unit,,,-$875.00,"$8,405.00",1
10/27/2025,HOA fee + tax,,,-$300.00,"$6,315.00",0
12/14/2025,Rent with included services,,,"-$1,225.00","$13,447.00",1
08/21/2024,RENT~MONTHLY,,,"-$1,275.00","$29,912.00",1
02/10/2024,Unit letting,,,-$725.00,"$14,582.00",1
05/11/2024,Debit to Anderson,,,"-$1,000.00","$35,553.00",0
10/08/2024,Unit 7B monthly,,,"-$1,700.00","$44,202.00",1
06/22/2025,Servise payment,,,-$850.00,"$17,146.00",0
05/22/2025,Strata payment,,,$800.00,"$49,713.00",0
01/30/2025,Lease fee,,,-$700.00,"$9,434.00",0
02/25/2024,Residential payment Every 30 days,,,"-$2,375.00","$16,732.00",1
05/20/2025,Residential Services,,,-$350.00,"$2,104.00",0
01/15/2025,Monthly housing and utilities bundle,,,"-$1,650.00","$23,089.00",1
09/16/2024,Transfer to Miller,,,-$500.00,"$32,416.00",0
06/25/2024,Premises Services,,,-$350.00,"$23,828.00",0
12/03/2025,Maintenence payment,,,"-$1,000.00","$8,861.00",0
02/20/2024,Membership 1st of month,,,-$800.00,"$15,424.00",0
11/06/2025,Rent(payment),,,"-$2,800.00","$30,585.00",1
01/10/2024,Membership Calendar month,,,-$750.00,"$16,707.00",0
12/09/2024,Periodic 30th payment,,,"-$1,000.00","$20,648.00",0
11/29/2025,Rent/payment,,,"$2,550.00","$25,062.00",1
02/24/2025,Building Management,,,-$875.00,"$3,668.00",1
03/30/2025,Utility fee + insurance,,,"-$1,800.00","$17,408.00",0
05/14/2024,Flat fee,,,"-$1,550.00","$19,809.00",0
07/25/2025,Rent payment (primary residence),,,"-$2,975.00","$34,206.00",1
04/10/2024,Rnet payment,,,"-$1,900.00","$26,483.00",1
09/07/2025,Subscripton payment,,,-$100.00,"$6,424.00",0
11/26/2024,Utilitie payment,,,"$2,400.00","$45,278.00",0
11/15/2024,Membership Monthly anniversary,,,"-$1,950.00","$9,500.00",0
07/01/2024,CHARGE - MONTHLY,,,"$1,750.00","$49,132.00",0
07/09/2025,Maintenence payment,,,-$300.00,"$28,465.00",0
04/16/2025,Service Last day,,,-$300.00,"$8,288.00",0
10/10/2024,Property remittance for residential unit,,,-$850.00,"$32,620.00",1
09/28/2024,Utility fee incl. services,,,"-$2,100.00","$46,254.00",0
05/07/2025,Rentt disbursement,,,"-$2,850.00","$34,491.00",1
08/12/2024,Rent payment ,,,"-$1,900.00","$11,774.00",1
08/19/2024,Abode payment plus insurance,,,-$650.00,"$17,089.00",1
05/17/2025,Rentt disbursement,,,"-$1,100.00","$33,075.00",1
07/07/2025,Utilitie payment,,,-$125.00,"$26,595.00",0
03/07/2024,Tenancy payment,,,$125.00,"$29,950.00",0
04/21/2025,CHARGE - MONTHLY,,,-$125.00,"$13,999.00",0
08/31/2025,Rentt disbursement,,,"-$2,300.00","$8,293.00",1
06/14/2025,Rant fee,,,"-$2,975.00","$45,976.00",1
12/30/2025,Utility fee + tax,,,-$700.00,"$44,787.00",0
12/06/2024,Abode payment plus insurance,,,"-$3,025.00","$42,942.00",1
01/18/2025,Monthly housing and utilities bundle,,,"-$2,600.00","$36,952.00",1
06/11/2024,FEE - AUTO,,,$500.00,"$12,743.00",0
02/01/2025,Subscription Quarterly,,,-$700.00,"$35,126.00",0
02/22/2025,Tenancy payment,,,$400.00,"$14,928.00",0
11/19/2025,Unit charge for residential unit,,,"-$1,325.00","$13,327.00",1
02/08/2025,Monthly housing and utilities bundle,,,"-$2,550.00","$20,609.00",1
10/20/2024,Letting fee,,,"-$1,650.00","$31,642.00",0
12/31/2024,Residence fee including amenities,,,"-$2,975.00","$32,228.00",1
09/20/2024,Servise payment,,,"-$1,400.00","$11,992.00",0
11/16/2024,123 Main St monthly,,,"-$2,200.00","$38,674.00",1
01/20/2025,Remittance to Moore,,,"$1,825.00","$5,304.00",1
06/04/2024,Unit remittance for residential unit,,,"-$1,550.00","$28,187.00",1
09/16/2025,Residential payment Every 30 days,,,-$775.00,"$23,959.00",1
01/10/2025,Membership Quarterly,,,-$700.00,"$13,428.00",0
02/19/2024,Non-rent housing expense,,,$75.00,"$25,557.00",0
05/10/2025,Maintenence payment,,,-$300.00,"$48,608.00",0
12/16/2024,Rent-paymnt,,,"-$2,800.00","$31,076.00",1
04/15/2024,Rent payment ,,,"-$2,800.00","$46,648.00",1
09/24/2025,ACH to Johnson LLC,,,-$900.00,"$33,848.00",0
12/02/2024,Service Bi-weekly,,,-$500.00,"$35,634.00",0
05/22/2024,Zelle to Davis,,,-$800.00,"$43,458.00",0
03/10/2024,Condo fee,,,-$100.00,"$12,588.00",0
01/10/2024,Residential payment Calendar month,,,$650.00,"$47,326.00",1
08/07/2025,Rnet payment,,,"-$2,100.00","$34,810.00",1
08/28/2025,Recurring transfer to Smith,,,$250.00,"$36,515.00",0
03/05/2024,Subscription 20th periodic,,,-$250.00,"$31,139.00",0
06/26/2024,End of month remittance,,,"-$2,100.00","$16,532.00",0
10/08/2024,Rent payment ,,,"-$1,125.00","$49,993.00",1
02/20/2025,Service Every 30 days,,,"-$1,950.00","$16,323.00",0
05/17/2024,Check #1234 for monthly,,,-$300.00,"$17,480.00",0
03/23/2025,Debit to Anderson,,,"$1,400.00","$33,916.00",0
03/24/2024,Digs payment,,,"-$1,000.00","$35,125.00",1
07/15/2024,Unit charge,,,$250.00,"$13,234.00",0
09/12/2024,Other than rent - tax,,,-$800.00,"$46,882.00",0
10/31/2024,Unit disbursement for residential unit,,,"-$2,625.00","$48,433.00",1
08/06/2024,Place remittance,,,"-$2,375.00","$9,527.00",1
10/20/2025,Rent(payment),,,"-$1,275.00","$7,073.00",1
06/26/2025,Rent payment (primary residence),,,"-$1,750.00","$2,761.00",1
12/06/2025,Property Services LLC,,,"$1,650.00","$14,202.00",0
09/26/2025,Facility Solutions,,,-$75.00,"$43,006.00",0
08/20/2025,Utility fee + insurance,,,"-$2,400.00","$31,931.00",0
06/10/2025,Condo fee,,,-$500.00,"$1,675.00",0
10/09/2024,RENT_INVOICE_001,,,"-$1,650.00","$19,478.00",1
05/23/2025,RENT - DO NOT DELETE,,,"-$2,225.00","$11,890.00",1
12/05/2025,Flat fee,,,-$250.00,"$18,955.00",0
05/03/2024,Wire to Thompson,,,-$600.00,"$5,791.00",0
10/26/2025,SERVICE - RECURRING,,,-$750.00,"$7,317.00",0
12/20/2024,Rent-pay ment,,,"-$1,825.00","$49,789.00",1
05/17/2024,Monthly housing and utilities bundle,,,"-$2,650.00","$34,265.00",1
01/23/2024,Subscription Quarterly,,,"-$2,400.00","$38,665.00",0
05/26/2025,Lodgings remittance,,,$700.00,"$25,919.00",0
09/26/2024,Unit payment for residential unit,,,"-$1,800.00","$43,364.00",1
04/24/2024,Letting fee,,,"-$1,650.00","$40,919.00",1
01/27/2024,Building disbursement,,,-$125.00,"$1,836.00",0
03/03/2024,Property Services LLC,,,$700.00,"$31,231.00",0
01/29/2025,Landlord services payment,,,$700.00,"$40,269.00",1
05/12/2025,RENT>>PAYMENT,,,"-$1,825.00","$37,442.00",1
04/17/2025,Rent payment (apartment),,,"-$1,500.00","$37,554.00",1
04/29/2025,Flat fee,,,-$950.00,"$20,035.00",0
03/06/2024,Besides rent - insurance,,,-$300.00,"$9,546.00",0
01/30/2025,RENT~MONTHLY,,,-$600.00,"$17,524.00",1
07/19/2025,Strata payment,,,"-$1,150.00","$47,556.00",1
12/27/2024,Non-rent housing expense,,,"-$1,400.00","$31,135.00",0
10/11/2025,Rant remittance,,,-$775.00,"$23,743.00",1
07/16/2025,Non-rent housing expense,,,-$600.00,"$7,572.00",0
01/07/2024,Residential facility fee,,,"-$1,225.00","$20,156.00",1
07/01/2024,Payment on 1st of month,,,-$700.00,"$33,848.00",0
03/02/2025,Rent(payment),,,"-$1,600.00","$2,898.00",1
05/30/2025,Rent ;payment,,,"-$1,300.00","$48,306.00",1
06/29/2024,Rent payment (apartment),,,"-$1,150.00","$5,884.00",1
04/19/2024,Service fee + tax,,,-$700.00,"$6,579.00",0
04/18/2025,Payment on 1st of month,,,"-$2,250.00","$28,801.00",0
03/01/2025,Lodgings remittance,,,"-$1,400.00","$15,430.00",1
12/01/2024,Domicile disbursement,,,-$700.00,"$36,352.00",1
07/08/2024,Residential payment 15th auto,,,-$675.00,"$35,490.00",1
03/19/2024,Apartment payment + parking,,,-$825.00,"$14,029.00",1
12/24/2024,Service Calendar month,,,"-$2,250.00","$18,875.00",0
07/01/2024,Membership 1st of month,,,-$500.00,"$38,789.00",0
03/09/2024,Premises fee with service charge,,,-$950.00,"$34,465.00",1
10/04/2025,Recurring 1st week,,,-$100.00,"$22,157.00",0
11/11/2025,Rant fee,,,"-$1,225.00","$23,516.00",1
03/18/2024,Periodic domicile remittance,,,"-$2,625.00","$22,725.00",1
06/17/2025,Building Management,,,"-$1,400.00","$32,786.00",1
07/25/2025,Abode disbursement,,,"$1,700.00","$33,299.00",1
09/06/2025,Place I stay remittance,,,"-$1,800.00","$17,765.00",1
12/22/2025,Place remittance,,,-$125.00,"$27,839.00",0
02/13/2024,Strata payment,,,"-$1,450.00","$16,690.00",1
09/02/2025,Wire to Thompson,,,-$800.00,"$28,330.00",0
11/04/2024,Residential payment First Monday,,,-$750.00,"$16,044.00",1
11/07/2025,Rent-paymnt,,,"-$1,700.00","$38,825.00",1
05/10/2025,Flat fee,,,"$2,075.00","$25,716.00",1
02/05/2024,Membership Quarterly,,,-$500.00,"$37,217.00",0
04/12/2024,Flat fee,,,"-$2,275.00","$2,533.00",1
04/07/2025,Property remittance,,,$700.00,"$31,270.00",0
02/29/2024,RENT-RECURRING,,,-$900.00,"$3,162.00",1
01/22/2024,Rent payment (apartment),,,"-$1,825.00","$35,664.00",1
05/27/2025,Payment ref: HOUSING-,,,"-$2,750.00","$31,601.00",1
04/29/2024,Membership Last day,,,"-$2,600.00","$18,079.00",0
12/01/2024,Lease payment,,,-$400.00,"$20,604.00",0
08/30/2024,Maintenence payment,,,-$350.00,"$27,206.00",0
06/27/2024,Besides rent - insurance,,,"-$1,600.00","$46,651.00",0
08/21/2024,Digs payment,,,"$1,350.00","$41,350.00",1
03/22/2024,Building disbursement,,,-$200.00,"$41,448.00",0
04/18/2025,Rent payment (apartment),,,"-$2,200.00","$35,956.00",1
04/30/2024,Service Last day,,,-$950.00,"$45,118.00",0
05/28/2025,Distinct from rent - service,,,-$900.00,"$44,642.00",0
08/08/2025,RENT - APT 5B,,,"$2,950.00","$30,536.00",1
05/24/2024,FEE - MONTHLY,,,-$75.00,"$28,174.00",0
10/10/2025,Building payment for residential unit,,,"-$2,125.00","$1,245.00",1
01/02/2024,Apart from rent - maintenance,,,-$50.00,"$24,814.00",0
06/09/2024,CHARGE - MONTHLY,,,-$800.00,"$29,962.00",0
09/26/2024,RENT>>PAYMENT,,,$625.00,"$8,907.00",1
11/26/2025,Utilitie payment,,,-$900.00,"$33,662.00",0
08/22/2024,Bi-weekly housing,,,-$50.00,"$13,759.00",0
04/28/2024,Apartment payment + parking,,,"-$1,700.00","$35,528.00",1
10/15/2024,Other than rent - tax,,,"-$1,000.00","$3,999.00",0
07/28/2024,Ref: RES-UNIT-5B,,,"-$1,650.00","$8,881.00",1
01/22/2025,Complex payment,,,-$650.00,"$17,819.00",0
06/06/2025,For 303 Parkview,,,"-$1,050.00","$3,256.00",1
04/20/2024,Residential payment Monthly anniversary,,,"$1,125.00","$12,372.00",1
05/10/2025,Unit payment including maintenance,,,"-$2,450.00","$33,269.00",1
11/26/2025,Distinct from rent - service,,,-$700.00,"$30,393.00",0
01/11/2025,Tenancy remittance,,,"-$2,150.00","$28,775.00",1
06/11/2025,Apart from rent - maintenance,,,-$350.00,"$44,179.00",0
05/02/2024,Residence fee including amenities,,,-$900.00,"$42,472.00",1
05/20/2025,Tenancy payment,,,"-$1,450.00","$5,648.00",1
08/28/2025,Unit payment including maintenance,,,"-$2,050.00","$27,837.00",1
06/03/2025,Membership 5th monthly,,,"-$1,000.00","$31,499.00",0
01/23/2024,Independent of rent - repair,,,"-$1,850.00","$4,625.00",0
12/18/2024,Pad payment,,,-$250.00,"$32,369.00",0
03/05/2025,Recurring transfer to Smith,,,"$1,350.00","$18,904.00",1
07/31/2024,Wire to Thompson,,,"-$1,000.00","$21,498.00",0
02/27/2024,Condo fee,,,-$975.00,"$29,620.00",1
11/29/2025,Facility Solutions,,,"-$1,350.00","$34,262.00",0
07/05/2025,Rent payment (apartment),,,"-$1,325.00","$31,650.00",1
07/20/2025,R3nt fee,,,"-$1,750.00","$1,218.00",1
05/05/2024,Complex management remittance,,,"-$2,975.00","$31,082.00",1
05/16/2024,Quarterly dwelling,,,-$900.00,"$15,358.00",1
07/01/2025,Separate from rent - deposit,,,-$950.00,"$41,957.00",0
05/14/2024,Zelle to Davis,,,$100.00,"$33,272.00",0
07/12/2025,Residential payment Monthly anniversary,,,"-$1,950.00","$30,883.00",1
12/09/2025,500 Oak Ave payment,,,"-$1,575.00","$29,591.00",1
03/03/2025,Building payment,,,-$75.00,"$38,963.00",0
10/22/2025,Ref: RES-UNIT-5B,,,"$1,600.00","$13,685.00",1
11/02/2024,Lease fee,,,-$850.00,"$20,621.00",0
03/18/2025,Maintenance fee + tax,,,-$450.00,"$49,646.00",0
05/04/2024,Residence fee including amenities,,,-$825.00,"$25,805.00",1
08/28/2025,RENT - APT 5B,,,"-$1,300.00","$30,569.00",1
05/12/2025,Servise payment,,,$50.00,"$43,147.00",0
08/08/2024,Residential payment 1st of month,,,"-$1,425.00","$35,036.00",1
09/14/2025,Debit to Anderson,,,-$900.00,"$32,542.00",0
10/30/2024,Excluding rent - HOA,,,-$400.00,"$38,505.00",0
01/09/2025,Mid-month transfer,,,-$700.00,"$30,924.00",0
02/13/2024,Quarterly dwelling,,,-$200.00,"$33,762.00",0
05/12/2025,My apartment payment,,,"-$1,550.00","$37,765.00",1
08/19/2025,Complex fee for residential unit,,,"-$1,575.00","$1,727.00",1
06/20/2024,Crib fee,,,$500.00,"$48,410.00",0
04/25/2025,Service 10th recurring,,,$75.00,"$6,779.00",0
07/22/2025,Recurring transfer to Smith,,,-$600.00,"$10,241.00",0
09/25/2025,Premises fee with service charge,,,"-$2,275.00","$21,966.00",1
05/10/2024,Residential payment Semi-monthly,,,"-$3,050.00","$7,627.00",1
12/19/2025,Membership Semi-monthly,,,-$75.00,"$8,675.00",0
06/09/2025,Residential Services,,,-$400.00,"$8,555.00",0
06/25/2025,Digs payment,,,"-$1,575.00","$47,017.00",1
03/08/2025,Invoice #APT2024-001,,,"-$1,400.00","$33,139.00",1
06/07/2025,Complex management remittance,,,"-$1,475.00","$45,874.00",1
06/21/2024,Real Estate Solutions,,,-$75.00,"$5,251.00",0
09/11/2024,Building disbursement,,,-$400.00,"$22,412.00",0
04/24/2024,Rent payment ,,,"-$1,600.00","$1,515.00",1
04/10/2025,Unit payment for residential unit,,,"-$1,700.00","$22,336.00",1
07/15/2025,ACH to Johnson LLC,,,$150.00,"$2,566.00",0
01/04/2025,Semi-monthly residence,,,"-$1,150.00","$39,419.00",1
08/31/2025,Recurring habitation expenditure,,,"-$1,500.00","$49,087.00",1
11/02/2025,Condo fee,,,"-$1,500.00","$33,488.00",1
08/16/2024,Subscripton payment,,,-$200.00,"$17,546.00",0
06/20/2024,Residential payment Quarterly,,,"-$2,425.00","$48,630.00",1
11/23/2024,Unit remittance for residential unit,,,"-$3,000.00","$10,536.00",1
05/07/2025,Debit to Anderson,,,-$200.00,"$32,382.00",0
05/28/2025,RENT - DO NOT DELETE,,,"-$1,450.00","$11,393.00",1
02/15/2024,Servise payment,,,"-$2,250.00","$7,573.00",0
10/28/2025,FEE - AUTO,,,-$250.00,"$5,693.00",0
08/12/2024,Periodic 30th payment,,,"-$1,000.00","$48,896.00",0
08/11/2025,Rentt disbursement,,,"-$1,625.00","$12,177.00",1
08/19/2024,Lease fee,,,"-$2,600.00","$15,932.00",0
02/01/2024,Rant remittance,,,"-$3,025.00","$41,489.00",1
01/28/2024,RENT>>PAYMENT,,,"-$1,300.00","$30,013.00",1
06/30/2025,Unit charge,,,-$350.00,"$49,187.00",0
10/17/2024,Remittance to Moore,,,-$150.00,"$43,335.00",0
08/15/2024,Separate from rent - deposit,,,"-$1,450.00","$17,628.00",0
07/26/2024,Rent payment (primary residence),,,"-$1,875.00","$15,344.00",1
07/08/2025,Complex charge,,,-$850.00,"$26,519.00",0
08/08/2024,Bi-weekly housing,,,$700.00,"$46,527.00",0
03/31/2025,Subscription Calendar month,,,-$75.00,"$32,380.00",0
01/05/2025,Residence fee including amenities,,,"$2,775.00","$15,844.00",1
01/09/2025,Property payment for residential unit,,,"-$1,700.00","$22,969.00",1
04/25/2024,Utilitie payment,,,-$300.00,"$16,270.00",0
07/16/2024,SERVICE - MONTHLY,,,"-$1,800.00","$6,440.00",0
08/21/2024,Service Bi-weekly,,,-$150.00,"$3,576.00",0
07/05/2025,Property remittance,,,-$700.00,"$2,080.00",0
10/17/2024,Strata payment,,,$700.00,"$41,014.00",0
11/16/2024,Service Bi-weekly,,,"-$3,000.00","$38,627.00",0
03/29/2024,Residential payment 10th recurring,,,"-$2,600.00","$14,604.00",1
11/23/2024,Apartment 12C fee,,,"$1,425.00","$25,189.00",1
05/11/2024,Unit payment including maintenance,,,"-$1,700.00","$13,525.00",1
02/26/2024,Residence fee including amenities,,,"-$1,400.00","$22,163.00",1
07/25/2024,Domicile Solutions,,,"-$2,000.00","$7,405.00",1
01/24/2025,Unit disbursement,,,$100.00,"$26,254.00",0
12/19/2025,Maintenence payment,,,-$700.00,"$10,649.00",0
09/28/2025,Rent payment (primary residence),,,"-$2,450.00","$39,318.00",1
02/23/2024,Letting fee,,,"-$1,675.00","$13,276.00",1
03/02/2025,Lease obligation payment,,,"-$2,650.00","$35,823.00",1
11/06/2025,Premises Services,,,$100.00,"$41,608.00",0
09/08/2024,Semi-monthly residence,,,-$50.00,"$34,931.00",0
04/13/2024,Rent(payment),,,-$650.00,"$49,228.00",1
06/14/2024,Lodgings remittance,,,-$300.00,"$3,179.00",0
01/22/2024,Accommodation remittance including tax,,,"-$2,375.00","$37,614.00",1
12/30/2025,Tenancy payment,,,"-$1,050.00","$24,717.00",1
01/06/2024,Residential payment 1st of month,,,"-$2,450.00","$32,598.00",1
10/15/2024,Residential payment Quarterly,,,"-$1,050.00","$45,119.00",1
11/20/2025,Separate from rent - deposit,,,-$750.00,"$21,313.00",0
07/24/2024,First of month payment,,,"-$1,800.00","$15,071.00",0
11/30/2024,Servise payment,,,-$200.00,"$32,561.00",0
10/21/2025,Monthly housing and utilities bundle,,,"-$2,425.00","$13,848.00",1
05/10/2024,Residential payment First Monday,,,"-$1,800.00","$18,907.00",1
09/22/2024,Tenancy payment,,,-$900.00,"$44,643.00",0
08/18/2025,SERVICE - RECURRING,,,-$50.00,"$6,355.00",0
06/08/2025,Separate from rent - deposit,,,$300.00,"$14,113.00",0
06/15/2024,Semi-monthly residence,,,-$450.00,"$35,776.00",0
02/16/2025,Check #1234 for monthly,,,-$700.00,"$34,642.00",1
01/07/2024,My unit disbursement,,,"-$2,300.00","$12,357.00",1
08/25/2024,Habitation remittance with utilities,,,"-$2,625.00","$18,928.00",1
11/03/2025,My apartment payment,,,"-$1,075.00","$5,989.00",1
05/04/2024,Payment to Wilson,,,"-$1,075.00","$24,807.00",1
02/03/2025,Subscripton payment,,,-$800.00,"$27,465.00",0
10/09/2025,Habitation remittance with utilities,,,-$975.00,"$20,778.00",1
05/07/2024,My house monthly,,,"-$1,500.00","$34,551.00",1
12/15/2025,Residential payment 1st of month,,,"-$1,400.00","$27,995.00",1
02/03/2025,Distinct from rent - service,,,-$50.00,"$26,717.00",0
10/25/2024,Maintenence payment,,,-$125.00,"$28,799.00",0
04/27/2024,Facility Solutions,,,$600.00,"$22,364.00",0
01/22/2025,Separate from rent - deposit,,,"-$2,100.00","$45,403.00",0
07/06/2024,Lodgings remittance,,,"-$2,425.00","$27,908.00",1
07/11/2025,Recurring 1st week,,,-$400.00,"$16,939.00",0
10/28/2024,SERVICE - MONTHLY,,,"-$2,400.00","$34,535.00",0
01/05/2025,Residential payment Calendar month,,,"-$1,300.00","$32,789.00",1
11/22/2025,Semi-monthly residence,,,"-$1,675.00","$15,896.00",1
06/11/2024,Facility Solutions,,,"-$1,750.00","$32,147.00",0
01/22/2025,Rent-paymnt,,,"-$3,050.00","$3,862.00",1
05/28/2024,Rnet payment,,,"-$1,300.00","$14,157.00",1
05/12/2025,Rent payment ,,,-$600.00,"$6,829.00",1
07/18/2024,Complex Services,,,"-$1,200.00","$41,102.00",0
01/14/2025,Property remittance,,,-$200.00,"$4,328.00",0
07/23/2024,Unit Management,,,-$500.00,"$4,528.00",0
02/02/2025,Separate from rent - deposit,,,-$350.00,"$42,705.00",0
11/12/2025,RENT-RECURRING,,,"-$1,700.00","$6,595.00",1
02/14/2025,Building payment for residential unit,,,"-$2,375.00","$18,863.00",1
10/27/2025,My house monthly,,,-$950.00,"$37,367.00",1
03/25/2025,Membership Monthly anniversary,,,-$900.00,"$1,408.00",0
10/04/2024,Subscription 1st of month,,,"-$1,800.00","$41,992.00",0
02/12/2025,Zelle to Davis,,,"-$1,000.00","$13,724.00",0
10/31/2024,Membership 15th auto,,,$250.00,"$11,130.00",0
07/30/2024,Rent payment (primary residence),,,-$725.00,"$3,557.00",1
02/02/2024,Independent of rent - repair,,,-$300.00,"$36,198.00",0
09/04/2024,Ref: RES-UNIT-5B,,,"-$2,050.00","$40,730.00",1
10/02/2024,RENT-RECURRING,,,-$600.00,"$39,779.00",1
03/07/2024,Rental payment,,,"$2,975.00","$18,582.00",1
10/30/2025,Residence fee including amenities,,,"-$1,900.00","$37,662.00",1
09/16/2025,Service fee + insurance,,,"-$1,750.00","$22,833.00",0
11/07/2024,UTILITY - AUTO,,,$350.00,"$3,848.00",0
03/20/2025,Complex charge for residential unit,,,"-$2,075.00","$39,148.00",1
12/27/2025,Rant fee,,,"-$2,150.00","$17,080.00",1
09/11/2024,Building fee for residential unit,,,"-$1,725.00","$18,614.00",1
07/12/2024,Mid-month transfer,,,"-$1,550.00","$34,469.00",1
02/18/2025,Building payment for residential unit,,,"-$2,050.00","$11,360.00",1
07/18/2025,Quarterly dwelling,,,"-$2,100.00","$43,700.00",0
10/07/2025,Rent payment (apartment),,,"-$1,600.00","$43,849.00",1
03/09/2025,For 303 Parkview,,,-$925.00,"$5,067.00",1
02/01/2024,Domicile Solutions,,,"$1,000.00","$18,402.00",0
03/09/2024,Unit fee,,,-$700.00,"$22,583.00",0
01/19/2024,Rent..payment,,,-$625.00,"$45,526.00",1
09/27/2025,Separate from rent - deposit,,,-$400.00,"$43,691.00",0
12/07/2025,Crib fee,,,"-$1,750.00","$10,286.00",0
03/22/2025,Additional to rent - fee,,,-$700.00,"$10,221.00",0
03/09/2024,Excluding rent - HOA,,,"-$1,000.00","$26,034.00",0
10/08/2024,Debit to Anderson,,,"-$1,675.00","$39,407.00",1
06/17/2025,Unit disbursement,,,-$250.00,"$40,781.00",0
07/06/2025,Payment to Wilson,,,-$350.00,"$23,061.00",0
02/13/2024,Rent..payment,,,"$1,125.00","$9,981.00",1
04/02/2025,Dwelling remittance,,,-$925.00,"$12,832.00",1
12/20/2024,Spot payment,,,"-$2,600.00","$13,844.00",1
10/10/2025,Service fee + insurance,,,"-$1,800.00","$6,951.00",0
12/05/2025,Building payment for residential unit,,,"-$2,050.00","$5,519.00",1
09/30/2025,Unit remittance for residential unit,,,"-$1,000.00","$36,658.00",1
06/16/2024,Quarterly dwelling,,,"$1,600.00","$21,388.00",0
08/18/2024,Landlord services payment,,,"-$1,675.00","$39,143.00",1
10/07/2025,Utilitie payment,,,-$350.00,"$46,015.00",0
03/21/2024,Rent ;payment,,,"-$1,200.00","$3,335.00",1
08/23/2024,Place remittance,,,-$400.00,"$34,709.00",0
12/21/2024,UTILITY - MONTHLY,,,"-$1,600.00","$36,110.00",0
12/13/2025,Strata payment,,,-$350.00,"$20,176.00",0
09/26/2024,Residential payment Bi-weekly,,,"-$2,275.00","$12,704.00",1
08/10/2024,Monthly payment to John,,,-$950.00,"$32,853.00",0
03/04/2025,Accommodation remittance including tax,,,"-$2,775.00","$38,404.00",1
10/05/2024,Dwelling remittance,,,"-$1,925.00","$2,336.00",1
03/01/2025,Letting fee,,,"$2,225.00","$34,984.00",1
08/11/2025,Rent payment (primary residence),,,-$775.00,"$5,861.00",1
03/17/2025,Rent payment (primary residence),,,-$750.00,"$25,275.00",1
10/13/2024,Residential payment 1st of month,,,-$725.00,"$33,315.00",1
02/25/2025,Residence disbursement,,,"-$2,275.00","$45,250.00",1
09/22/2024,UTILITY - AUTO,,,"-$1,800.00","$5,821.00",0
08/27/2025,Rental payment,,,-$200.00,"$25,255.00",0
08/03/2025,Residential payment 1st of month,,,-$650.00,"$18,990.00",1
06/09/2024,Residential payment 20th periodic,,,"-$2,150.00","$27,281.00",1
02/21/2025,RENT: UNIT 304,,,"-$1,000.00","$3,379.00",1
04/05/2024,RENT>>PAYMENT,,,"$1,200.00","$32,143.00",1
03/29/2025,Spot payment,,,"-$2,125.00","$44,807.00",1
04/28/2024,Maintenance fee + insurance,,,-$200.00,"$5,534.00",0
07/13/2025,Rent payment (primary residence),,,-$875.00,"$33,539.00",1
10/26/2025,Rent payment (primary residence),,,"-$1,250.00","$47,803.00",1
02/11/2025,Residential payment 25th standing,,,"-$1,400.00","$8,684.00",1
03/17/2024,Utility fee + tax,,,"-$1,600.00","$12,446.00",0
10/06/2024,Unit letting,,,-$925.00,"$7,352.00",1
07/13/2024,RENT|AUTO,,,-$675.00,"$46,074.00",1
02/28/2024,RENT: UNIT 304,,,"$1,200.00","$17,630.00",1
11/19/2025,Strata payment,,,-$900.00,"$25,681.00",0
06/18/2025,Habitation remittance with utilities,,,"-$1,450.00","$26,621.00",1
09/26/2025,Rent payment ,,,"-$1,300.00","$30,078.00",1
02/04/2025,Mid-month transfer,,,"$1,875.00","$3,347.00",1
12/05/2024,For 303 Parkview,,,-$675.00,"$36,444.00",1
08/07/2024,Rent-pay ment,,,"-$1,275.00","$46,399.00",1
02/10/2025,Mid-month transfer,,,-$500.00,"$15,559.00",0
03/04/2024,RENT PAYMENT (MONTHLY),,,"$2,125.00","$40,916.00",1
11/13/2024,SERVICE - RECURRING,,,-$450.00,"$35,300.00",0
06/29/2024,Residential payment 25th standing,,,"-$1,150.00","$27,571.00",1
07/26/2024,Subscripton payment,,,"-$1,400.00","$1,637.00",0
11/13/2025,Residential payment 25th standing,,,"-$2,825.00","$28,333.00",1
08/14/2025,CHARGE - MONTHLY,,,-$500.00,"$12,090.00",0
06/01/2024,Periodic 30th payment,,,"$1,300.00","$49,143.00",1
05/19/2024,First of month payment,,,"-$1,400.00","$49,956.00",1
02/07/2024,Debit to Anderson,,,-$300.00,"$44,444.00",0
11/19/2025,Monthly housing and utilities bundle,,,-$800.00,"$8,966.00",1
05/09/2025,FEE - AUTO,,,"-$1,800.00","$34,384.00",0
05/23/2024,Real Estate Solutions,,,-$900.00,"$28,966.00",1
02/01/2024,Service fee + insurance,,,"-$2,100.00","$40,912.00",0
11/01/2024,Rent..payment,,,"-$2,825.00","$10,373.00",1
10/06/2024,Subscripton payment,,,$800.00,"$46,541.00",0
05/30/2024,Mid-month transfer,,,-$900.00,"$43,463.00",0
05/10/2025,Monthly housing and utilities bundle,,,-$775.00,"$43,634.00",1
02/06/2025,Unit Management,,,-$900.00,"$44,343.00",0
01/31/2025,Real Estate Solutions,,,"-$1,000.00","$7,365.00",0
03/28/2024,RENT_INVOICE_001,,,"-$1,700.00","$37,807.00",1
04/26/2025,Residential Services,,,-$400.00,"$14,468.00",0
07/03/2025,Landlord services payment,,,"-$1,900.00","$33,772.00",1
08/12/2024,RENT PAYMENT (MONTHLY),,,$750.00,"$1,250.00",1
01/30/2025,HOA fee + insurance,,,-$75.00,"$35,643.00",0
04/21/2024,Pad payment,,,"-$2,350.00","$32,990.00",1
07/07/2025,Rent-pay ment,,,$850.00,"$11,467.00",1
04/07/2025,Utility fee + insurance,,,-$200.00,"$31,525.00",0
03/11/2025,Lodging remittance,,,"-$1,200.00","$27,066.00",1
06/15/2024,RENT - DO NOT DELETE,,,"-$1,925.00","$7,261.00",1
07/30/2025,Utility fee + tax,,,-$100.00,"$28,556.00",0
04/02/2024,Subscripton payment,,,-$800.00,"$39,655.00",0
08/31/2025,Non-rent housing expense,,,"-$1,950.00","$18,749.00",0
03/19/2025,Rentt disbursement,,,"-$2,100.00","$3,689.00",1
03/31/2025,Wire to Thompson,,,-$925.00,"$44,763.00",1
03/28/2024,RENT: UNIT 304,,,"-$2,200.00","$27,417.00",1
04/14/2025,End of month remittance,,,"$1,350.00","$41,700.00",1
07/21/2025,RENT PAYMENT (MONTHLY),,,"-$2,125.00","$49,165.00",1
04/03/2025,Rental payment,,,-$650.00,"$23,844.00",1
05/11/2024,Abode disbursement,,,"-$1,125.00","$32,208.00",1
04/26/2025,Place I stay remittance,,,"-$1,600.00","$33,912.00",1
05/10/2025,Recurring 1st week,,,-$500.00,"$40,839.00",0
05/19/2025,Tenancy payment,,,"-$1,100.00","$16,315.00",1
07/30/2025,Residence fee including amenities,,,"-$3,025.00","$44,608.00",1
03/05/2025,Rental payment,,,"-$1,200.00","$6,287.00",1
12/25/2025,RENT: UNIT 304,,,-$700.00,"$48,437.00",1
06/24/2025,Rent-paymnt,,,"-$2,400.00","$24,029.00",1
09/13/2025,Strata payment,,,"-$1,375.00","$42,056.00",1
08/21/2024,Subscription 10th recurring,,,-$400.00,"$44,284.00",0
04/05/2025,NOT rent - utilities,,,-$100.00,"$14,247.00",0
11/05/2025,Monthly on 15th,,,"-$1,600.00","$3,451.00",0
03/15/2024,Subscripton payment,,,-$150.00,"$29,573.00",0
05/07/2025,Spot payment,,,-$400.00,"$21,667.00",0
09/13/2024,Service 5th monthly,,,-$100.00,"$26,779.00",0
06/06/2024,Premises fee with service charge,,,"-$1,150.00","$8,711.00",1
12/29/2024,RENT - APT 5B,,,"-$2,950.00","$18,071.00",1
02/15/2025,Letting fee,,,"-$2,100.00","$49,825.00",1
12/04/2025,Zelle to Davis,,,"-$1,800.00","$10,643.00",0
06/24/2024,Subscription First Monday,,,-$50.00,"$42,395.00",0
08/02/2024,Wire to Thompson,,,"-$1,250.00","$18,963.00",0
12/19/2025,Service 20th periodic,,,-$600.00,"$30,617.00",0
09/01/2025,Maintenence payment,,,-$500.00,"$4,564.00",0
08/06/2024,Rent-paymnt,,,-$800.00,"$25,703.00",1
02/12/2024,Subscripton payment,,,-$800.00,"$35,390.00",0
05/22/2025,Service fee + insurance,,,-$50.00,"$18,905.00",0
11/19/2024,Rent..payment,,,"-$1,800.00","$33,235.00",1
09/21/2024,Property fee,,,"-$1,800.00","$12,971.00",0
11/07/2024,Tenancy payment,,,"-$3,025.00","$19,053.00",1
10/16/2024,R3nt fee,,,"-$1,850.00","$6,193.00",1
12/30/2025,Residential payment Last day,,,-$700.00,"$47,427.00",1
06/04/2024,Rent payment (primary residence),,,"-$2,125.00","$41,544.00",1
03/06/2025,Building fee for residential unit,,,"$1,450.00","$48,763.00",1
04/19/2025,Rent..payment,,,-$850.00,"$49,277.00",1
07/04/2025,Unit payment including maintenance,,,"-$1,900.00","$20,582.00",1
09/19/2025,Periodic 30th payment,,,-$125.00,"$15,570.00",0
07/05/2025,Additional to rent - fee,,,-$900.00,"$12,382.00",0
03/14/2025,Other than rent - tax,,,-$350.00,"$5,655.00",0
08/01/2025,ACH to Johnson LLC,,,-$300.00,"$3,408.00",0
06/03/2025,Residential payment 10th recurring,,,"-$2,575.00","$46,910.00",1
10/11/2025,Other than rent - tax,,,-$200.00,"$6,495.00",0
07/06/2024,Residential payment 5th monthly,,,"-$1,100.00","$39,196.00",1
08/22/2024,Membership 15th auto,,,-$150.00,"$11,784.00",0
02/28/2025,Excluding rent - HOA,,,-$75.00,"$26,691.00",0
02/14/2024,UTILITY - AUTO,,,-$150.00,"$20,906.00",0
03/12/2024,RENT: UNIT 304,,,"-$1,050.00","$3,210.00",1
01/19/2025,RENT_INVOICE_001,,,"-$1,850.00","$31,389.00",1
11/17/2025,FEE - MONTHLY,,,-$75.00,"$35,173.00",0
02/20/2025,Residential Services,,,"-$1,000.00","$41,520.00",0
12/25/2025,Accommodation remittance including tax,,,"-$1,725.00","$22,982.00",1
05/28/2025,Residential payment Calendar month,,,"-$1,675.00","$7,147.00",1
05/12/2025,Unit 7B monthly,,,-$900.00,"$14,689.00",1
11/06/2024,Unit Management,,,"-$1,475.00","$3,173.00",1
09/14/2025,Building payment for residential unit,,,"-$2,800.00","$37,937.00",1
12/03/2024,SERVICE - RECURRING,,,-$500.00,"$3,492.00",0
12/20/2024,Rent payment (apartment),,,"-$1,650.00","$13,638.00",1
09/28/2025,Abode payment plus insurance,,,-$800.00,"$47,731.00",1
07/01/2024,Service fee incl. services,,,-$450.00,"$42,777.00",0
04/03/2024,ACH to Johnson LLC,,,-$450.00,"$1,472.00",0
05/22/2025,Payment on 1st of month,,,"-$1,050.00","$1,588.00",1
09/21/2025,Subscription Monthly anniversary,,,"-$2,400.00","$45,843.00",0
04/02/2025,Subscription 25th standing,,,$450.00,"$13,348.00",0
05/23/2025,Separate from rent - deposit,,,"-$1,650.00","$30,921.00",0
09/26/2025,UTILITY - AUTO,,,"$2,800.00","$2,896.00",0
09/02/2025,Utility fee + insurance,,,"-$1,350.00","$26,542.00",0
05/17/2024,Maintenence payment,,,-$950.00,"$17,257.00",0
06/05/2025,Rent payment ,,,"-$1,425.00","$11,631.00",1
02/24/2025,Independent of rent - repair,,,-$700.00,"$37,286.00",0
01/06/2024,Other than rent - tax,,,$750.00,"$41,815.00",0
01/08/2024,Rent payment ,,,"-$3,050.00","$33,471.00",1
06/29/2024,Complex Services,,,-$950.00,"$30,360.00",1
07/26/2024,Remittance to Moore,,,-$875.00,"$6,027.00",1
02/24/2024,Payment on 1st of month,,,"-$2,350.00","$35,992.00",1
10/30/2025,Quarterly dwelling,,,"$1,700.00","$17,011.00",1
10/18/2024,NOT rent - utilities,,,-$700.00,"$23,095.00",0
07/31/2025,Apartment payment + parking,,,"-$2,625.00","$25,630.00",1
09/14/2024,Residential payment 5th monthly,,,-$850.00,"$28,430.00",1
04/13/2024,Maintenance fee + tax,,,-$700.00,"$47,264.00",0
01/27/2024,Unit fee for residential unit,,,"-$2,000.00","$7,547.00",1
06/07/2025,Bi-weekly housing,,,"-$1,100.00","$17,152.00",0
02/07/2024,Recurring habitation expenditure,,,"-$1,100.00","$5,757.00",1
04/30/2025,Rent payment (primary residence),,,"-$1,825.00","$33,157.00",1
04/25/2024,Rent/payment,,,"-$1,625.00","$7,828.00",1
05/15/2024,Recurring 1st week,,,"-$1,400.00","$29,401.00",0
03/05/2025,Remittance: DWELLING,,,-$775.00,"$41,429.00",1
01/07/2025,ACH to Johnson LLC,,,-$50.00,"$38,256.00",0
07/08/2025,Place remittance,,,"-$1,650.00","$15,760.00",0
11/18/2025,Ren tpayment,,,"-$1,975.00","$17,334.00",1
05/16/2025,Housing Associates,,,-$350.00,"$28,104.00",0
06/04/2025,Rant fee,,,"$2,050.00","$8,175.00",1
03/06/2024,Rant fee,,,"-$1,650.00","$13,572.00",1
11/15/2024,Building payment for residential unit,,,-$725.00,"$47,828.00",1
04/15/2024,Property remittance,,,"-$1,850.00","$10,127.00",0
05/26/2025,Monthly premises fee,,,-$675.00,"$6,125.00",1
10/27/2024,Unit payment including maintenance,,,"-$1,300.00","$47,921.00",1
06/04/2025,SERVICE - AUTO,,,"-$1,000.00","$35,129.00",0
06/18/2024,Rent ;payment,,,-$975.00,"$4,749.00",1
12/14/2025,Recurring 1st week,,,-$50.00,"$15,754.00",0
07/09/2025,Utilitie payment,,,-$100.00,"$25,090.00",0
06/29/2025,RENT~MONTHLY,,,"-$1,650.00","$5,069.00",1
11/21/2024,Transfer to Miller,,,"-$1,225.00","$28,359.00",1
08/20/2025,Service 15th auto,,,"-$1,650.00","$42,498.00",0
02/05/2024,SERVICE - AUTO,,,"-$1,400.00","$28,814.00",0
09/28/2025,Lodgings remittance,,,"-$1,750.00","$31,994.00",0
10/23/2025,Wire to Thompson,,,-$200.00,"$5,137.00",0
10/21/2024,Digs payment,,,"$1,850.00","$48,583.00",0
05/17/2024,Building disbursement,,,$450.00,"$24,265.00",0
07/08/2025,Pad payment,,,"-$2,600.00","$5,090.00",0
10/01/2024,Rent payment (apartment),,,"-$1,550.00","$38,830.00",1
07/22/2025,Unit disbursement,,,-$125.00,"$5,605.00",0
02/25/2024,RENT - DO NOT DELETE,,,"-$1,050.00","$7,860.00",1
04/13/2024,CHARGE - RECURRING,,,-$150.00,"$38,660.00",0
07/30/2024,UTILITY - AUTO,,,"-$2,600.00","$17,286.00",0
04/06/2024,My unit disbursement,,,"-$1,150.00","$4,620.00",1
10/17/2024,CHARGE - MONTHLY,,,-$50.00,"$3,431.00",0
09/08/2024,UTILITY - MONTHLY,,,"-$1,200.00","$22,676.00",0
11/18/2024,RENT>>PAYMENT,,,"-$1,475.00","$16,835.00",1
09/21/2025,Residential payment Last day,,,"-$1,575.00","$18,531.00",1
03/17/2025,Membership Every 30 days,,,"-$1,650.00","$35,343.00",0
02/22/2024,Besides rent - insurance,,,-$150.00,"$27,787.00",0
11/08/2025,Monthly housing and utilities bundle,,,"-$2,425.00","$40,715.00",1
01/08/2025,Quarterly dwelling (Unit 39C),,,"-$1,975.00","$9,738.00",1
02/04/2024,Non-rent housing expense,,,-$150.00,"$37,032.00",0
02/16/2024,Distinct from rent - service,,,"-$1,100.00","$45,517.00",0
06/08/2025,Complex charge,,,-$100.00,"$34,099.00",0
06/01/2025,CHARGE - MONTHLY,,,"-$1,850.00","$26,948.00",0
12/11/2025,Independent of rent - repair,,,-$50.00,"$42,254.00",0
03/28/2025,Unit letting,,,"-$2,375.00","$3,565.00",1
02/22/2025,Rent payment ,,,"-$3,050.00","$45,849.00",1
01/13/2025,UTILITY - MONTHLY,,,-$250.00,"$10,544.00",0
07/20/2024,Dwelling disbursement plus fees,,,"$2,200.00","$15,428.00",1
02/19/2024,Separate from rent - deposit,,,-$150.00,"$26,981.00",0
11/12/2024,Unit Management,,,-$900.00,"$42,534.00",0
12/12/2024,Pad payment,,,"-$2,800.00","$34,777.00",0
07/08/2025,Strata payment,,,"-$2,550.00","$13,650.00",1
01/21/2024,Rent payment (primary residence),,,"-$1,650.00","$5,262.00",1
12/29/2024,Service 25th standing,,,-$450.00,"$5,346.00",0
12/25/2024,Building disbursement for residential unit,,,-$600.00,"$13,612.00",1
07/11/2025,Place remittance,,,"$2,225.00","$32,168.00",1
02/21/2024,HOA fee incl. services,,,"$1,350.00","$17,377.00",0
04/26/2024,RENT_INVOICE_001,,,"-$2,575.00","$14,645.00",1
07/20/2024,Rent(payment),,,"-$1,150.00","$35,391.00",1
04/21/2025,Membership 15th auto,,,"-$2,600.00","$35,792.00",0
09/04/2024,Unit disbursement for residential unit,,,"-$2,250.00","$3,604.00",1
04/20/2025,Membership 5th monthly,,,"-$1,000.00","$26,546.00",0
03/14/2024,SERVICE - MONTHLY,,,"-$1,550.00","$27,632.00",0
07/24/2024,Subscripton payment,,,-$350.00,"$48,678.00",0
07/28/2024,Unit letting,,,-$400.00,"$49,861.00",0
07/15/2025,Utility fee + tax,,,-$800.00,"$41,612.00",0
04/27/2025,Rent payment (primary residence),,,"-$2,650.00","$9,552.00",1
09/05/2025,Recurring habitation expenditure,,,"-$2,350.00","$7,603.00",1
10/18/2025,Quarterly dwelling,,,-$500.00,"$16,524.00",0
06/28/2025,RENT - DO NOT DELETE,,,-$975.00,"$39,067.00",1
02/05/2024,Debit to Anderson,,,"-$1,675.00","$49,432.00",1
05/01/2024,Maintenence payment,,,"-$2,400.00","$25,060.00",0
09/05/2025,Lease obligation payment,,,"-$1,350.00","$12,078.00",1
01/10/2025,Residential payment Quarterly,,,-$800.00,"$45,695.00",1
11/05/2025,Transfer to Miller,,,-$625.00,"$34,084.00",1
10/03/2025,Rent payment (apartment),,,"-$2,100.00","$40,746.00",1
02/16/2025,Payment on 1st of month,,,-$500.00,"$36,089.00",0
12/12/2025,Zelle to Davis,,,$975.00,"$14,053.00",1
07/06/2025,Rent(payment),,,"-$1,250.00","$45,289.00",1
03/30/2024,Monthly payment to John,,,-$950.00,"$4,268.00",1
10/16/2024,Payment ref: HOUSING-,,,"-$2,050.00","$33,035.00",1
06/21/2024,RENT|AUTO,,,"-$2,975.00","$15,364.00",1
01/17/2025,Monthly on 15th,,,-$150.00,"$44,263.00",0
05/03/2025,Abode payment plus insurance,,,-$975.00,"$8,325.00",1
06/12/2024,Additional to rent - fee,,,"-$1,800.00","$2,411.00",0
03/10/2025,Recurring 1st week,,,-$350.00,"$21,516.00",0
11/25/2025,My apartment payment,,,"$1,200.00","$25,723.00",1
05/04/2024,RENT: UNIT 304,,,$775.00,"$22,077.00",1
05/30/2025,Monthly payment to John,,,"-$1,400.00","$9,329.00",0
09/16/2024,Property fee,,,-$125.00,"$27,709.00",0
09/10/2024,Utilitie payment,,,"-$2,600.00","$40,849.00",0
07/06/2024,Apartment payment + parking,,,"$1,475.00","$29,800.00",1
09/03/2025,Flat fee,,,"$1,350.00","$24,204.00",1
05/23/2025,Housing allocation payment,,,"-$1,800.00","$6,980.00",1
05/03/2024,Property payment for residential unit,,,"-$1,100.00","$41,560.00",1
01/02/2024,RENT|AUTO,,,"-$2,350.00","$7,692.00",1
04/03/2024,UTILITY - RECURRING,,,"-$1,250.00","$5,292.00",0
01/29/2025,Lease obligation payment,,,"-$2,050.00","$9,967.00",1
04/27/2025,Residential Services,,,"-$1,600.00","$13,698.00",0
08/08/2025,Utilitie payment,,,-$700.00,"$15,099.00",0
07/10/2025,Real Estate Solutions,,,-$800.00,"$23,388.00",0
11/02/2024,Service First Monday,,,-$900.00,"$27,866.00",0
06/18/2025,Unit letting,,,-$350.00,"$18,156.00",0
08/24/2025,Unit disbursement,,,"-$1,200.00","$35,928.00",0
01/02/2024,Digs payment,,,"-$1,800.00","$17,483.00",0
02/23/2024,Unit letting,,,"-$1,200.00","$34,581.00",1
09/14/2024,Real estate management fee,,,"-$1,050.00","$14,589.00",1
02/21/2024,500 Oak Ave payment,,,"-$2,225.00","$46,505.00",1
10/18/2024,Rant fee,,,"-$1,725.00","$39,367.00",1
05/01/2025,SERVICE - AUTO,,,"-$1,950.00","$12,553.00",0
07/06/2025,Rent-pay ment,,,"-$1,900.00","$30,952.00",1
10/23/2024,Premises Services (Unit 44C),,,"-$1,875.00","$19,097.00",1
09/25/2025,Membership Monthly anniversary,,,-$700.00,"$37,041.00",0
03/03/2024,Property Services LLC,,,-$400.00,"$9,730.00",0
02/10/2024,Maintenance fee + insurance,,,-$900.00,"$11,267.00",0
02/18/2024,Rent ;payment,,,"-$1,475.00","$35,392.00",1
07/21/2025,Rental payment,,,"$1,450.00","$17,125.00",1
02/02/2024,Invoice: RESIDENCE,,,"-$2,425.00","$6,186.00",1
08/08/2025,Payment on 1st of month,,,-$800.00,"$42,396.00",1
09/22/2025,Remittance: DWELLING,,,-$775.00,"$26,277.00",1
07/01/2024,Residential Services,,,"-$1,800.00","$33,549.00",0
09/21/2024,Residential payment 20th periodic,,,"-$2,200.00","$39,108.00",1
04/26/2025,Monthly payment to John,,,"-$1,100.00","$11,167.00",0
05/16/2024,Additional to rent - fee,,,-$500.00,"$23,206.00",0
02/21/2025,UTILITY - MONTHLY,,,-$200.00,"$3,376.00",0
03/05/2025,FEE - RECURRING,,,"-$1,550.00","$48,147.00",0
07/22/2024,Service fee incl. services,,,"-$2,250.00","$32,156.00",0
09/12/2025,Servise payment,,,-$500.00,"$19,744.00",0
07/18/2024,Rental payment,,,"-$2,775.00","$10,856.00",1
04/09/2024,Rant fee,,,-$775.00,"$35,412.00",1
12/06/2025,RENT: UNIT 304,,,"-$2,825.00","$39,527.00",1
07/10/2025,Monthly on 15th,,,"-$1,750.00","$42,120.00",1
05/26/2025,Utility fee + tax,,,"-$1,200.00","$34,243.00",0
03/04/2024,CHARGE - MONTHLY,,,-$350.00,"$7,070.00",0
04/26/2024,Condo fee,,,"-$1,425.00","$13,590.00",1
04/14/2024,Flat fee,,,$75.00,"$13,386.00",0
11/08/2024,Monthly on 15th,,,"$2,975.00","$37,238.00",1
09/05/2024,Residential payment 15th auto,,,"-$2,300.00","$44,814.00",1
11/30/2024,Rnet payment,,,"-$1,800.00","$42,222.00",1
08/05/2025,Utilitie payment,,,-$400.00,"$22,198.00",0
03/09/2024,Property remittance,,,-$900.00,"$12,988.00",0
07/22/2024,Residential Services,,,-$300.00,"$19,211.00",0
03/02/2024,Debit to Anderson,,,"-$1,000.00","$18,767.00",0
09/10/2025,My apartment payment,,,"-$1,575.00","$13,819.00",1
05/15/2025,Servise payment,,,"-$1,550.00","$3,669.00",0
09/06/2024,RENT - DO NOT DELETE,,,"-$2,275.00","$18,718.00",1
08/23/2025,RENT~MONTHLY,,,"-$3,025.00","$22,740.00",1
08/16/2025,CHARGE - MONTHLY,,,-$750.00,"$32,980.00",0
08/21/2024,Residential payment 10th recurring,,,"-$1,250.00","$35,100.00",1
03/14/2024,Service 1st of month,,,-$850.00,"$46,717.00",0
09/23/2025,Utility fee incl. services,,,-$600.00,"$31,950.00",0
09/22/2025,Rant fee,,,"$3,000.00","$33,500.00",1
09/15/2024,Facility management disbursement,,,"-$2,800.00","$44,320.00",1
12/24/2024,Service fee incl. services,,,-$600.00,"$44,322.00",0
10/02/2025,Real estate management fee,,,"-$1,350.00","$15,548.00",1
05/23/2025,SERVICE - AUTO,,,"-$2,800.00","$4,289.00",0
09/29/2025,Place remittance,,,-$300.00,"$5,687.00",0
08/26/2025,Premises fee with service charge,,,"-$1,275.00","$20,692.00",1
09/12/2024,Subscripton payment,,,-$150.00,"$38,030.00",0
03/27/2025,RENT - APT 5B,,,"-$1,275.00","$13,190.00",1
04/08/2025,Bi-weekly housing,,,"$1,225.00","$14,079.00",1
04/24/2024,Service First Monday,,,-$600.00,"$36,944.00",0
12/13/2024,Place remittance,,,"-$2,450.00","$24,522.00",1
11/01/2024,Habitation remittance with utilities,,,-$625.00,"$43,160.00",1
01/10/2025,Unit charge for residential unit,,,-$925.00,"$43,704.00",1
04/29/2025,HOA fee + tax,,,-$400.00,"$4,962.00",0
04/13/2025,Condo fee,,,"-$1,600.00","$23,344.00",0
06/15/2024,Rent payment (apartment),,,-$800.00,"$31,558.00",1
03/21/2025,Unit fee,,,-$600.00,"$1,635.00",0
10/31/2025,Residential payment 1st of month,,,-$675.00,"$27,550.00",1
10/29/2025,Wire to Thompson,,,-$75.00,"$43,059.00",0
06/12/2024,Payment to Wilson,,,-$800.00,"$11,257.00",0
05/28/2025,Service 1st of month,,,-$250.00,"$23,033.00",0
07/28/2025,Apartment payment + parking,,,-$700.00,"$49,595.00",1
11/26/2024,Semi-monthly residence,,,"-$1,400.00","$20,504.00",0
11/08/2025,Complex charge,,,"-$3,000.00","$9,824.00",0
07/31/2025,Rent payment (apartment),,,"-$1,800.00","$24,522.00",1
04/26/2024,HOA fee incl. services,,,"-$2,600.00","$12,271.00",0
08/15/2025,Pad payment,,,-$250.00,"$38,373.00",0
06/16/2025,Payment to Wilson,,,-$150.00,"$8,821.00",0
12/26/2024,Building Management,,,-$900.00,"$23,792.00",0
08/13/2024,Unit payment including maintenance,,,"-$2,550.00","$13,535.00",1
03/14/2025,Unit payment,,,"-$1,600.00","$8,585.00",0
01/27/2024,Apartment 12C fee,,,-$700.00,"$8,996.00",1
02/28/2024,HOA fee + insurance,,,-$450.00,"$19,928.00",0
07/26/2025,Strata payment,,,"-$1,700.00","$33,149.00",1
03/10/2024,Residential payment Semi-monthly,,,"-$1,300.00","$7,020.00",1
06/16/2025,Abode payment plus insurance,,,"-$1,150.00","$2,122.00",1
03/05/2025,End of month remittance,,,"-$1,200.00","$20,980.00",0
05/22/2024,Real Estate Solutions,,,"-$1,450.00","$40,647.00",1
03/06/2025,SERVICE - AUTO,,,"-$1,450.00","$23,475.00",0
04/29/2025,Complex payment,,,-$200.00,"$24,350.00",0
04/03/2025,Complex charge,,,"-$1,000.00","$23,574.00",0
03/14/2024,Premises Services,,,-$50.00,"$18,966.00",0
09/11/2024,Facility Solutions,,,-$650.00,"$9,960.00",0
05/06/2024,Rant remittance,,,"-$2,200.00","$11,230.00",1
06/21/2025,Strata payment,,,"-$2,350.00","$45,242.00",1
02/01/2024,Real Estate Solutions,,,-$950.00,"$35,357.00",0
04/21/2024,CHARGE - AUTO,,,-$900.00,"$23,101.00",0
05/22/2024,Housing Associates (Unit 41B),,,"$2,375.00","$48,917.00",1
05/28/2024,Unit Management,,,-$450.00,"$44,310.00",0
06/13/2024,UTILITY - AUTO,,,-$350.00,"$40,454.00",0
03/25/2025,Residential payment 20th periodic,,,"-$1,225.00","$4,474.00",1
09/09/2025,UTILITY - AUTO,,,-$75.00,"$32,099.00",0
11/22/2024,Unit remittance,,,-$800.00,"$33,493.00",0
01/25/2024,Check #1234 for monthly,,,"-$1,225.00","$26,337.00",1
07/28/2025,Unit charge for residential unit,,,-$875.00,"$9,251.00",1
04/27/2025,Service fee incl. services,,,"-$1,600.00","$44,920.00",0
12/14/2025,Unit payment including maintenance,,,"-$1,600.00","$16,983.00",1
12/30/2025,Unit charge,,,-$700.00,"$10,679.00",0
03/14/2024,Residence fee including amenities,,,-$700.00,"$24,104.00",1
01/12/2024,Lease fee,,,-$350.00,"$2,497.00",0
07/22/2025,Remittance: DWELLING,,,-$975.00,"$32,690.00",1
09/07/2025,UTILITY - RECURRING,,,"-$1,100.00","$14,295.00",0
05/10/2025,Debit to Anderson (Unit 45B),,,"-$2,275.00","$46,071.00",1
12/20/2025,RENT PAYMENT (MONTHLY),,,"-$1,975.00","$40,541.00",1
05/05/2024,RENT_INVOICE_001,,,"-$2,600.00","$47,090.00",1
06/17/2025,Rent payment (primary residence),,,"-$1,500.00","$26,554.00",1
08/17/2025,Monthly on 15th,,,"-$1,625.00","$14,359.00",1
08/22/2025,Periodic 30th payment,,,-$250.00,"$39,329.00",0
02/23/2025,Quarterly dwelling,,,"-$1,700.00","$17,459.00",1
01/19/2024,RENT #2024-001,,,"-$1,800.00","$1,712.00",1
09/01/2025,Building Management,,,"-$1,300.00","$33,718.00",1
10/19/2025,Subscripton payment,,,"-$1,200.00","$13,756.00",0
12/12/2024,HOA fee + tax,,,-$50.00,"$2,455.00",0
12/26/2024,Unit fee,,,-$200.00,"$9,750.00",0
03/19/2024,Residential Services,,,"-$1,050.00","$30,228.00",1
01/01/2025,Subscription Semi-monthly,,,-$600.00,"$6,284.00",0
11/02/2024,Remittance to Moore,,,"-$2,275.00","$25,913.00",1
08/25/2024,Property fee for residential unit,,,"-$2,075.00","$29,015.00",1
07/05/2024,Residential payment 1st of month,,,"$1,550.00","$33,349.00",1
02/23/2025,Other than rent - tax,,,-$75.00,"$2,997.00",0
10/20/2025,Flat fee,,,-$100.00,"$44,657.00",0
03/29/2024,Property payment for residential unit,,,"$2,100.00","$12,631.00",1
04/11/2025,Residence fee including amenities,,,"-$1,375.00","$45,644.00",1
12/25/2025,Facility Solutions,,,"-$1,425.00","$39,212.00",1
02/25/2024,Building Management,,,"-$1,200.00","$11,279.00",0
07/25/2024,UTILITY - RECURRING,,,-$100.00,"$3,231.00",0
12/06/2025,RENT~MONTHLY,,,"-$2,600.00","$5,647.00",1
01/17/2024,RENT: UNIT 304,,,-$900.00,"$33,354.00",1
08/23/2024,FEE - MONTHLY,,,-$300.00,"$21,320.00",0
03/01/2025,Property Services LLC,,,-$450.00,"$44,731.00",0
07/14/2024,Rental payment,,,-$950.00,"$5,071.00",0
05/24/2024,Payment to Wilson,,,-$50.00,"$48,416.00",0
05/08/2025,Spot payment,,,-$125.00,"$25,988.00",0
12/27/2024,Complex Services,,,-$250.00,"$3,995.00",0
10/06/2025,CHARGE - RECURRING,,,-$50.00,"$31,779.00",0
04/13/2025,Real Estate Solutions,,,-$300.00,"$6,189.00",0
11/12/2024,Facility Solutions,,,-$500.00,"$36,120.00",0
06/28/2024,Rent payment ,,,-$800.00,"$45,853.00",1
12/05/2024,Real Estate Solutions (Unit 1C),,,"$2,625.00","$24,482.00",1
11/15/2024,Subscription Last day,,,"-$2,400.00","$36,890.00",0
02/14/2024,UTILITY - MONTHLY,,,"-$2,800.00","$13,557.00",0
04/12/2024,Subscription 5th monthly,,,-$250.00,"$6,967.00",0
06/26/2025,Check #1234 for monthly,,,"-$1,725.00","$30,421.00",1
02/16/2024,RENT_INVOICE_001,,,"-$2,050.00","$27,728.00",1
07/25/2025,Residential payment Monthly anniversary,,,"-$1,600.00","$26,203.00",1
07/11/2025,Unit disbursement for residential unit,,,"-$1,550.00","$26,497.00",1
01/03/2025,Rent payment ,,,"-$1,425.00","$5,131.00",1
08/08/2025,Property remittance for residential unit,,,"-$2,800.00","$40,719.00",1
07/13/2024,Unit remittance for residential unit,,,"-$1,500.00","$6,421.00",1
07/22/2025,Non-rent housing expense,,,"$1,200.00","$31,336.00",0
09/25/2025,Maintenence payment,,,-$700.00,"$38,279.00",0
12/11/2025,Besides rent - insurance,,,-$800.00,"$41,175.00",0
01/27/2025,Place remittance,,,-$75.00,"$49,426.00",0
03/22/2025,Unit disbursement,,,-$600.00,"$46,098.00",0
06/22/2025,Separate from rent - deposit,,,$350.00,"$35,167.00",0
05/07/2024,Dwelling remittance,,,-$900.00,"$10,091.00",1
11/07/2024,Monthly payment to John,,,-$750.00,"$16,683.00",0
08/15/2025,FEE - AUTO,,,-$900.00,"$46,591.00",0
12/20/2024,Monthly premises fee,,,"$2,225.00","$44,534.00",1
03/28/2025,Unit payment for residential unit,,,"-$2,125.00","$10,518.00",1
01/05/2024,Membership 5th monthly,,,-$900.00,"$27,436.00",0
04/06/2024,Abode payment plus insurance,,,-$800.00,"$29,654.00",1
01/20/2025,Accommodation remittance including tax,,,"-$1,425.00","$49,192.00",1
03/17/2025,Rent payment ,,,"-$1,950.00","$48,277.00",1
03/24/2024,Rent ;payment,,,"-$2,375.00","$6,883.00",1
01/24/2024,RENT PAYMENT (MONTHLY),,,"-$2,225.00","$26,844.00",1
03/09/2024,Rent payment (apartment),,,"-$1,000.00","$15,593.00",1
11/07/2025,Rent payment ,,,"-$1,500.00","$22,986.00",1
09/07/2024,Property remittance,,,"-$1,100.00","$29,139.00",0
09/20/2024,First of month payment,,,"-$2,125.00","$39,727.00",1
04/04/2025,Monthly on 15th,,,"-$1,325.00","$42,151.00",1
06/27/2024,Tenancy remittance,,,-$625.00,"$43,105.00",1
02/26/2024,HOA fee + tax,,,"$1,600.00","$45,918.00",0
03/14/2024,Building Management,,,"-$1,475.00","$16,350.00",1
07/25/2024,Strata payment,,,"-$3,000.00","$42,394.00",1
11/14/2025,HOA fee + insurance,,,-$100.00,"$23,059.00",0
09/03/2024,Rent..payment,,,"-$1,800.00","$10,894.00",1
01/22/2024,Subscription Monthly anniversary,,,-$800.00,"$9,715.00",0
04/06/2025,RENT - APT 5B,,,"-$2,950.00","$7,855.00",1
11/12/2024,Residential payment 20th periodic,,,"-$1,625.00","$47,038.00",1
12/02/2024,Rent with included services,,,"-$1,500.00","$37,733.00",1
07/12/2024,Unit payment including maintenance,,,"-$1,800.00","$1,855.00",1
06/27/2024,Residential payment 5th monthly,,,"-$2,600.00","$35,948.00",1
10/13/2025,Building disbursement for residential unit,,,-$725.00,"$45,267.00",1
02/28/2024,Unit charge for residential unit,,,"-$1,350.00","$49,327.00",1
01/25/2025,Monthly housing and utilities bundle,,,"-$1,950.00","$10,485.00",1
11/19/2025,Residential payment Calendar month,,,"-$1,675.00","$28,040.00",1
07/03/2024,Bi-weekly housing,,,-$75.00,"$47,982.00",0
05/23/2025,Mid-month transfer,,,-$450.00,"$36,917.00",0
02/02/2025,Spot payment,,,$900.00,"$14,641.00",0
10/24/2025,Membership 5th monthly,,,-$50.00,"$45,535.00",0
04/21/2024,Lease charge for residential unit,,,"-$1,075.00","$38,779.00",1
09/07/2024,Service 20th periodic,,,"-$1,800.00","$27,619.00",0
04/12/2025,Real Estate Solutions,,,"-$1,275.00","$26,461.00",1
06/29/2024,Utility fee + insurance,,,$300.00,"$13,749.00",0
05/01/2024,Monthly payment to John,,,$350.00,"$2,325.00",0
04/21/2024,Monthly payment to John,,,-$125.00,"$23,384.00",0
02/17/2024,Abode payment plus insurance,,,"-$2,375.00","$28,424.00",1
04/05/2025,Payment ref: HOUSING-,,,"-$1,825.00","$24,676.00",1
12/07/2024,RENT: UNIT 304,,,"-$1,875.00","$16,399.00",1
09/23/2024,End of month remittance,,,-$800.00,"$22,321.00",0
10/01/2025,RENT_INVOICE_001,,,"-$2,400.00","$22,364.00",1
08/11/2025,Unit letting,,,"-$1,875.00","$49,762.00",1
02/09/2025,Residential facility fee,,,"-$1,300.00","$34,517.00",1
11/18/2025,Pad payment,,,$900.00,"$20,854.00",0
12/11/2025,RENT~MONTHLY,,,"-$1,125.00","$46,334.00",1
05/16/2024,Lodgings remittance,,,"-$2,600.00","$15,071.00",0
11/15/2024,Monthly on 15th,,,-$725.00,"$3,598.00",1
10/30/2025,Apartment 12C fee,,,"-$2,650.00","$11,597.00",1
08/10/2025,Utility fee incl. services,,,-$900.00,"$16,498.00",0
01/21/2025,NOT rent - utilities,,,"-$1,400.00","$44,325.00",0
10/27/2025,Residential Services,,,-$100.00,"$43,633.00",0
05/04/2024,Rent payment (apartment),,,"-$2,850.00","$45,128.00",1
03/20/2025,Unit payment including maintenance,,,"-$2,125.00","$32,224.00",1
05/23/2024,Transfer to Miller,,,-$300.00,"$19,828.00",0
11/15/2024,Unit charge,,,-$800.00,"$21,770.00",0
08/31/2025,Subscripton payment,,,-$100.00,"$29,907.00",0
10/28/2024,Dwelling disbursement plus fees,,,"-$1,600.00","$13,609.00",1
05/04/2024,Bi-weekly housing,,,-$100.00,"$36,500.00",0
03/16/2024,Residential payment 15th auto,,,"-$1,050.00","$35,515.00",1
12/17/2025,Lease fee for residential unit,,,-$750.00,"$7,811.00",1
02/06/2025,UTILITY - MONTHLY,,,-$750.00,"$25,951.00",0
03/13/2024,Other than rent - tax,,,-$75.00,"$3,183.00",0
12/10/2024,Spot payment,,,"-$1,650.00","$48,393.00",1
05/29/2025,RENT~MONTHLY,,,"-$1,150.00","$11,476.00",1
04/22/2024,RENT-RECURRING,,,"-$1,700.00","$44,957.00",1
06/21/2025,Servise payment,,,-$450.00,"$20,664.00",0
09/28/2025,Transfer to Miller,,,-$250.00,"$38,919.00",0
08/16/2024,End of month remittance,,,"-$1,400.00","$33,906.00",1
04/24/2024,Building payment,,,-$600.00,"$29,336.00",0
09/10/2025,Apartment payment + parking,,,"-$1,675.00","$3,099.00",1
05/19/2024,Lease payment,,,-$500.00,"$7,093.00",0
10/12/2024,Separate from rent - deposit,,,$900.00,"$7,811.00",0
12/03/2025,Rent payment ,,,"-$2,075.00","$47,357.00",1
09/29/2024,Excluding rent - HOA,,,"-$1,850.00","$32,876.00",0
09/05/2025,Strata payment,,,-$900.00,"$19,691.00",0
11/21/2025,Transfer to Miller,,,"-$1,400.00","$29,286.00",1
03/09/2024,Building payment for residential unit,,,"-$2,350.00","$45,899.00",1
05/22/2025,Utility fee incl. services,,,-$350.00,"$41,811.00",0
12/14/2025,Utility fee + insurance,,,-$75.00,"$30,774.00",0
11/12/2024,Complex Services,,,"$1,100.00","$17,517.00",0
11/29/2024,RENT - DO NOT DELETE,,,"$1,825.00","$15,485.00",1
05/18/2024,Residential payment Last day,,,"-$3,025.00","$44,077.00",1
11/29/2024,Rentt disbursement,,,"-$1,000.00","$23,105.00",1
05/12/2024,Residence fee including amenities,,,"-$2,000.00","$17,887.00",1
10/16/2025,Rent (missed auto),,,"-$1,825.00","$47,491.00",1
06/13/2025,RENT_INVOICE_001,,,"-$1,750.00","$4,330.00",1
12/25/2025,RENT|AUTO,,,"$2,625.00","$48,093.00",1
10/02/2025,Apartment 12C fee,,,"-$2,075.00","$23,630.00",1
10/25/2025,Quarterly dwelling,,,-$600.00,"$38,923.00",0
02/21/2025,Unit Management,,,$200.00,"$11,436.00",0
02/24/2025,Monthly payment to John,,,"-$2,000.00","$12,299.00",1
11/02/2024,Facility Solutions,,,-$350.00,"$35,730.00",0
03/01/2025,RENT PAYMENT (MONTHLY),,,-$650.00,"$35,005.00",1
05/18/2024,Residential payment First Monday,,,"-$1,300.00","$31,397.00",1
11/26/2025,SERVICE - AUTO,,,$900.00,"$18,358.00",0
05/04/2025,Strata payment,,,"-$2,375.00","$31,227.00",1
05/28/2025,Maintenence payment,,,-$50.00,"$4,759.00",0
07/13/2025,First of month payment,,,"-$1,400.00","$29,024.00",0
03/27/2025,Domicile Solutions,,,"-$1,800.00","$31,552.00",0
07/14/2024,Utilitie payment,,,-$900.00,"$15,174.00",0
07/04/2025,Habitation remittance with utilities,,,"-$2,000.00","$38,614.00",1
05/27/2024,500 Oak Ave payment,,,-$875.00,"$3,319.00",1
05/26/2024,Residential payment Calendar month,,,"-$2,750.00","$4,677.00",1
07/26/2024,Recurring 1st week,,,"-$1,900.00","$17,243.00",1
01/28/2025,Rent payment (apartment),,,"-$1,450.00","$19,484.00",1
10/07/2024,Crib fee,,,"-$1,200.00","$35,402.00",0
08/02/2024,Place remittance,,,"-$1,075.00","$7,855.00",1
09/18/2025,Rent payment (apartment),,,"-$2,425.00","$30,622.00",1
11/13/2025,Digs payment,,,-$300.00,"$34,977.00",0
06/06/2025,Building Management (Unit 26C),,,"-$3,025.00","$32,832.00",1
02/03/2024,Rental payment,,,"-$1,300.00","$21,525.00",1
04/06/2025,RENT - APT 5B,,,"-$1,075.00","$6,851.00",1
11/11/2025,Residential Services,,,"-$1,925.00","$2,250.00",1
12/18/2024,RENT-RECURRING,,,-$825.00,"$48,928.00",1
06/28/2024,Abode payment plus insurance,,,"-$2,125.00","$44,490.00",1
05/03/2024,FEE - AUTO,,,$150.00,"$45,135.00",0
11/26/2025,Unit Management,,,$450.00,"$4,640.00",0
01/07/2024,Zelle to Davis (Unit 41C),,,"-$1,200.00","$49,635.00",1
08/06/2025,Residential payment 5th monthly,,,"$1,100.00","$11,115.00",1
04/24/2024,Rental payment,,,"-$1,450.00","$39,975.00",1
08/17/2024,Domicile Solutions,,,"-$1,750.00","$32,634.00",0
06/16/2025,Facility management disbursement,,,"-$1,800.00","$24,687.00",1
07/17/2024,Payment to Wilson,,,-$500.00,"$24,556.00",0
03/18/2025,My unit disbursement,,,"-$2,150.00","$22,029.00",1
10/02/2025,Domicile Solutions,,,"-$1,000.00","$11,331.00",0
04/06/2025,Rentt disbursement,,,"-$3,025.00","$10,765.00",1
08/20/2024,Rent (missed auto),,,"-$2,125.00","$20,716.00",1
03/02/2025,Building Management,,,"-$1,650.00","$44,189.00",0
02/07/2025,Subscripton payment,,,-$800.00,"$1,347.00",0
04/11/2024,Dwelling disbursement plus fees,,,"$2,275.00","$39,393.00",1
07/14/2024,Property fee,,,-$50.00,"$18,935.00",0
07/17/2025,Residential payment Quarterly,,,"-$2,425.00","$11,128.00",1
11/22/2025,Complex fee for residential unit,,,"-$1,250.00","$9,191.00",1
07/11/2024,Residential payment Monthly anniversary,,,"-$2,650.00","$42,211.00",1
10/08/2025,CHARGE - MONTHLY,,,-$75.00,"$21,776.00",0
01/23/2025,Complex management remittance,,,-$700.00,"$21,669.00",1
04/15/2025,Accommodation remittance including tax,,,"-$2,250.00","$10,497.00",1
03/16/2024,Rent payment ,,,"-$2,125.00","$20,942.00",1
06/07/2025,Digs payment,,,-$600.00,"$46,199.00",1
05/29/2025,Service 20th periodic,,,$700.00,"$14,883.00",0
03/24/2024,Pad payment,,,-$125.00,"$40,057.00",0
01/07/2025,Independent of rent - repair,,,-$150.00,"$8,366.00",0
11/21/2025,Remittance to Moore,,,-$800.00,"$45,203.00",0
06/05/2025,Complex management remittance,,,"-$2,350.00","$39,944.00",1
02/20/2025,Residential Services,,,-$800.00,"$49,671.00",0
10/12/2024,Check #1234 for monthly,,,-$350.00,"$44,382.00",0
06/03/2024,Digs payment,,,"-$2,075.00","$10,642.00",1
11/08/2025,Building Management,,,"-$2,550.00","$5,789.00",1
10/31/2024,Rent payment (apartment),,,-$800.00,"$17,021.00",1
01/31/2025,Non-rent housing expense,,,"-$1,600.00","$26,422.00",0
01/26/2024,Domicile Solutions,,,-$200.00,"$40,024.00",0
10/31/2024,Unit Management (Unit 29C),,,"-$1,700.00","$15,384.00",1
07/17/2025,Residential payment 15th auto,,,"-$1,375.00","$3,423.00",1
10/27/2024,Rent payment (primary residence),,,-$950.00,"$42,682.00",1
05/14/2025,Periodic domicile remittance,,,"-$1,250.00","$41,114.00",1
08/30/2024,Building fee for residential unit,,,"-$1,375.00","$25,193.00",1
10/22/2025,Complex charge,,,"-$1,400.00","$6,578.00",0
05/23/2025,Lease charge for residential unit,,,"$1,600.00","$33,027.00",1
01/12/2025,Condo fee,,,"-$1,250.00","$4,419.00",0
08/28/2025,Payment on 1st of month,,,"-$1,900.00","$41,367.00",1
07/29/2024,Check #1234 for monthly,,,-$100.00,"$31,395.00",0
07/19/2025,Rent payment ,,,"-$2,100.00","$8,196.00",1
02/20/2024,Monthly on 15th,,,-$800.00,"$11,686.00",0
06/05/2024,Tenancy payment,,,-$700.00,"$16,749.00",0
11/18/2024,Complex fee,,,"-$1,800.00","$9,750.00",0
10/05/2024,HOA fee + insurance,,,-$250.00,"$37,348.00",0
10/07/2025,Service fee incl. services,,,"-$2,600.00","$41,101.00",0
07/22/2024,Residential payment Semi-monthly,,,"-$1,250.00","$48,930.00",1
06/30/2025,Additional to rent - fee,,,-$50.00,"$6,613.00",0
12/19/2024,Property fee,,,"$1,850.00","$2,908.00",0
11/27/2024,Unit disbursement for residential unit,,,"-$2,750.00","$45,920.00",1
03/01/2025,Unit payment for residential unit,,,"-$1,875.00","$32,690.00",1
11/05/2025,Utilitie payment,,,-$250.00,"$36,229.00",0
08/06/2024,Letting fee,,,-$700.00,"$40,492.00",0
05/20/2025,Place remittance,,,"-$1,475.00","$8,475.00",1
09/09/2025,Premises fee with service charge,,,"-$2,625.00","$5,248.00",1
01/27/2025,Monthly payment to John,,,-$975.00,"$28,459.00",1
02/01/2024,Facility Solutions (Unit 21A),,,"-$1,775.00","$3,090.00",1
09/19/2025,Complex Services,,,$875.00,"$13,201.00",1
02/23/2024,Habitation remittance with utilities,,,"-$1,750.00","$8,117.00",1
06/25/2025,Letting fee,,,"-$1,800.00","$40,696.00",0
05/27/2024,Real Estate Solutions,,,-$500.00,"$14,237.00",0
09/20/2024,Rent with included services,,,"$1,200.00","$45,376.00",1
07/22/2024,Servise payment,,,-$450.00,"$14,292.00",0
12/09/2025,Complex management remittance,,,-$825.00,"$33,199.00",1
08/16/2025,Payment to Wilson,,,"-$1,800.00","$43,924.00",0
11/01/2024,Besides rent - insurance,,,-$50.00,"$7,679.00",0
02/01/2024,RENT~MONTHLY,,,"-$2,750.00","$37,596.00",1
03/05/2025,CHARGE - AUTO,,,$400.00,"$13,980.00",0
10/15/2025,Service fee + insurance,,,-$800.00,"$3,581.00",0
11/26/2025,Residential occupancy fee,,,"-$1,325.00","$27,131.00",1
07/28/2024,Lease fee for residential unit,,,"-$1,700.00","$21,503.00",1
08/13/2024,First of month payment,,,-$900.00,"$48,651.00",1
07/23/2025,Maintenence payment,,,-$500.00,"$16,399.00",0
06/21/2024,Complex charge,,,-$50.00,"$9,235.00",0
01/04/2024,Periodic 30th payment,,,"-$1,100.00","$41,433.00",0
04/06/2025,500 Oak Ave payment,,,"-$2,200.00","$40,600.00",1
01/15/2024,Recurring 1st week,,,-$900.00,"$5,570.00",0
07/09/2024,Pad payment,,,"-$1,500.00","$38,704.00",1
12/26/2024,Distinct from rent - service,,,"-$1,400.00","$18,997.00",0
09/12/2025,Membership Bi-weekly,,,-$100.00,"$14,820.00",0
08/15/2024,Premises Services (Unit 36B),,,"-$1,625.00","$8,033.00",1
07/11/2025,Zelle to Davis (Unit 6A),,,"-$1,400.00","$43,370.00",1
10/23/2024,Rentt disbursement,,,"-$1,775.00","$2,893.00",1
09/02/2025,Monthly payment to John,,,"-$2,625.00","$2,729.00",1
01/25/2024,Ren tpayment,,,"-$1,050.00","$46,542.00",1
11/29/2024,Complex payment for residential unit,,,$900.00,"$1,462.00",1
12/24/2025,Periodic 30th payment,,,"-$1,800.00","$35,523.00",0
10/15/2024,Lease fee,,,"$1,450.00","$41,360.00",0
05/15/2024,Service Last day,,,"$3,000.00","$33,122.00",0
08/22/2024,Service Quarterly,,,"-$1,450.00","$26,280.00",0
09/21/2024,Tenancy payment,,,-$300.00,"$10,585.00",0
08/24/2024,Residential payment 25th standing,,,"$2,000.00","$5,103.00",1
09/11/2024,Remittance to Moore,,,"-$3,000.00","$31,911.00",0
06/14/2024,Service 25th standing,,,-$250.00,"$34,714.00",0
07/10/2024,Rental payment,,,-$50.00,"$35,934.00",0
02/25/2025,Utility fee + tax,,,"-$1,200.00","$10,959.00",0
02/20/2024,RENT: UNIT 304,,,"$1,950.00","$46,874.00",1
12/27/2025,Semi-monthly residence,,,-$500.00,"$18,149.00",0
02/02/2024,Periodic 30th payment,,,-$150.00,"$1,978.00",0
09/20/2025,Unit fee for residential unit,,,"-$2,850.00","$19,314.00",1
08/25/2024,Habitation remittance with utilities,,,"-$1,500.00","$5,528.00",1
08/12/2025,Letting fee,,,-$700.00,"$42,145.00",0
07/27/2024,HOA fee + tax,,,-$150.00,"$13,034.00",0
12/07/2024,Unit disbursement,,,-$500.00,"$9,408.00",0
12/12/2024,Residence fee including amenities,,,"-$2,375.00","$46,131.00",1
04/11/2025,Service Quarterly,,,"-$1,850.00","$18,394.00",0
01/21/2025,Transfer to Miller,,,-$450.00,"$47,292.00",0
10/24/2024,NOT rent - utilities,,,-$700.00,"$1,310.00",0
12/01/2025,Monthly payment to John (Unit 33B),,,-$700.00,"$30,326.00",1
04/20/2024,My apartment payment,,,"-$2,550.00","$10,490.00",1
05/28/2024,Residential payment Quarterly,,,"-$2,625.00","$42,098.00",1
03/04/2024,Rent-pay ment,,,-$950.00,"$36,458.00",1
01/31/2025,Maintenance fee + insurance,,,-$100.00,"$47,955.00",0
05/27/2024,Letting fee,,,"-$2,150.00","$37,455.00",1
05/02/2024,Rent payment ,,,"-$1,725.00","$37,595.00",1
03/16/2025,Excluding rent - HOA,,,-$250.00,"$27,644.00",0
11/26/2024,Independent of rent - repair,,,-$700.00,"$45,883.00",0
08/17/2024,Independent of rent - repair,,,"-$1,800.00","$39,649.00",0
04/22/2024,UTILITY - AUTO,,,"-$1,600.00","$19,496.00",0
06/26/2025,Rnet payment,,,"-$2,075.00","$42,257.00",1
09/24/2024,Membership 10th recurring,,,-$700.00,"$14,873.00",0
01/29/2025,Rant fee,,,"-$1,475.00","$44,091.00",1
02/12/2025,Lease fee for residential unit,,,"-$1,925.00","$42,284.00",1
11/19/2025,Spot payment,,,-$675.00,"$39,485.00",1
12/28/2025,Service fee incl. services,,,"$1,450.00","$10,374.00",0
12/17/2024,Spot payment,,,-$125.00,"$5,777.00",0
11/07/2025,Maintenance fee + tax,,,-$100.00,"$23,456.00",0
12/16/2024,Utilitie payment,,,-$350.00,"$10,714.00",0
03/03/2024,Quarterly dwelling,,,-$600.00,"$39,537.00",0
02/06/2024,Unit fee for residential unit,,,"-$1,350.00","$5,907.00",1
08/29/2025,Unit remittance,,,"-$3,000.00","$34,892.00",0
12/27/2024,RENT PAYMENT (MONTHLY),,,"-$2,200.00","$30,233.00",1
10/24/2025,Utilitie payment,,,-$350.00,"$20,101.00",0
08/25/2024,Unit disbursement for residential unit,,,"-$2,350.00","$9,630.00",1
06/26/2024,Remittance to Moore,,,$100.00,"$30,955.00",0
12/07/2025,Rent..payment,,,-$975.00,"$24,929.00",1
10/21/2024,Property fee for residential unit,,,-$700.00,"$11,438.00",1
05/03/2024,NOT rent - utilities,,,"-$1,400.00","$2,059.00",0
03/31/2025,Rent..payment,,,"-$3,000.00","$6,957.00",1
06/23/2024,Mid-month transfer,,,"-$1,600.00","$33,101.00",0
04/28/2025,Residential payment Calendar month,,,"-$2,075.00","$43,759.00",1
12/12/2025,FEE - RECURRING,,,-$300.00,"$27,122.00",0
11/16/2025,Building disbursement,,,"-$1,750.00","$26,372.00",0
02/28/2025,Residential payment 10th recurring,,,"-$2,600.00","$42,400.00",1
11/12/2024,Utility fee incl. services,,,-$900.00,"$5,829.00",0
12/25/2025,Rent payment (primary residence),,,"$1,625.00","$16,232.00",1
04/30/2024,Recurring habitation expenditure,,,"-$2,350.00","$19,737.00",1
11/13/2024,Distinct from rent - service,,,-$250.00,"$43,969.00",0
10/12/2024,RENT~MONTHLY,,,-$800.00,"$48,932.00",1
08/19/2024,RENT>>PAYMENT,,,-$975.00,"$34,645.00",1
01/02/2024,Building Management,,,-$600.00,"$17,867.00",0
01/07/2024,Place remittance,,,-$50.00,"$29,843.00",0
10/26/2025,Monthly payment to John,,,-$600.00,"$2,452.00",0
12/18/2024,Unit Management,,,"-$1,875.00","$37,535.00",1
04/19/2024,Other than rent - tax,,,-$400.00,"$35,541.00",0
11/19/2024,Lodgings remittance,,,"-$1,450.00","$26,715.00",1
04/15/2025,Unit Management,,,"-$1,900.00","$41,480.00",1
10/16/2024,RENT - DO NOT DELETE,,,"$2,750.00","$1,675.00",1
08/08/2024,Property Services LLC,,,"-$1,600.00","$24,060.00",0
04/17/2025,Rant fee,,,"-$1,500.00","$34,727.00",1
06/02/2025,Separate from rent - deposit,,,"$1,450.00","$15,769.00",0
04/19/2024,Monthly premises fee,,,-$700.00,"$8,639.00",1
09/09/2025,Servise payment,,,-$125.00,"$2,487.00",0
04/18/2025,Service fee incl. services,,,-$600.00,"$26,618.00",0
10/05/2025,Residential payment Quarterly,,,-$900.00,"$3,327.00",1
08/27/2024,Lodgings remittance,,,"-$1,075.00","$47,344.00",1
07/06/2024,Zelle to Davis,,,"$1,775.00","$31,479.00",1
12/07/2024,Habitation remittance with utilities,,,$600.00,"$42,276.00",1
06/04/2024,Domicile Solutions,,,-$600.00,"$29,920.00",0
02/19/2025,Independent of rent - repair,,,"-$1,200.00","$9,049.00",0
01/11/2024,Rental payment,,,"-$2,575.00","$9,589.00",1
02/10/2024,Property remittance for residential unit,,,"-$1,325.00","$29,006.00",1
12/28/2024,Distinct from rent - service,,,"$1,400.00","$27,260.00",0
10/16/2025,First of month payment,,,-$100.00,"$33,392.00",0
01/09/2024,Complex Services,,,-$100.00,"$43,474.00",0
09/20/2024,Unit Management,,,-$850.00,"$5,595.00",1
01/07/2024,Real Estate Solutions,,,"-$1,200.00","$20,823.00",0
10/30/2025,FEE - MONTHLY,,,-$450.00,"$5,144.00",0
06/17/2025,Lease payment,,,"-$2,600.00","$13,991.00",0
01/02/2025,Rent payment (apartment),,,"$2,550.00","$26,192.00",1
12/13/2025,Service fee incl. services,,,"-$2,100.00","$39,877.00",0
12/04/2025,Rent payment (primary residence),,,"-$1,250.00","$39,122.00",1
09/21/2024,Rent..payment,,,-$600.00,"$16,846.00",1
07/27/2025,Tenancy payment,,,"-$1,000.00","$13,216.00",0
11/10/2024,FEE - RECURRING,,,-$400.00,"$12,993.00",0
08/28/2025,Unit charge,,,-$200.00,"$39,188.00",0
05/25/2024,Spot payment,,,-$300.00,"$42,286.00",0
04/15/2024,Residential payment Last day,,,"-$1,150.00","$23,693.00",1
04/10/2024,Monthly housing and utilities bundle,,,"-$2,225.00","$3,127.00",1
07/26/2024,Periodic 30th payment,,,"-$2,200.00","$20,936.00",1
03/27/2024,Servise payment,,,-$150.00,"$2,199.00",0
12/13/2024,Abode payment plus insurance,,,"-$2,650.00","$22,356.00",1
08/01/2024,Digs payment,,,"-$1,600.00","$27,126.00",0
07/10/2025,Unit fee for residential unit,,,"-$1,125.00","$25,557.00",1
09/29/2024,Rent/payment,,,"-$1,450.00","$38,457.00",1
09/01/2025,CHARGE - AUTO,,,-$125.00,"$1,953.00",0
03/04/2024,Recurring 1st week,,,-$900.00,"$34,004.00",0
04/30/2025,Transfer to Miller,,,-$700.00,"$43,737.00",1
04/28/2025,Residential payment 15th auto,,,"-$2,250.00","$7,096.00",1
06/28/2025,Lease fee for residential unit,,,"-$2,850.00","$24,420.00",1
08/11/2025,My apartment payment,,,"-$1,600.00","$5,000.00",1
12/16/2024,RENT|AUTO,,,"-$2,300.00","$31,376.00",1
04/22/2024,Residential payment 1st of month,,,"-$1,225.00","$3,043.00",1
04/08/2025,Rant remittance,,,"-$1,850.00","$24,950.00",1
07/24/2024,Dwelling disbursement plus fees,,,-$600.00,"$45,888.00",1
07/10/2025,Utilitie payment,,,-$700.00,"$48,212.00",0
07/21/2024,Rent payment (apartment),,,"-$2,825.00","$21,940.00",1
01/22/2024,Habitation remittance,,,"-$1,675.00","$36,235.00",1
07/31/2025,RENT - DO NOT DELETE,,,"-$1,225.00","$2,449.00",1
03/09/2024,Building disbursement,,,-$850.00,"$40,448.00",0
07/31/2025,Building fee,,,-$800.00,"$27,239.00",0
05/23/2024,Unit fee for residential unit,,,-$875.00,"$22,826.00",1
04/21/2025,Abode payment plus insurance,,,"$2,950.00","$12,656.00",1
07/30/2025,Rant remittance,,,"-$2,050.00","$43,025.00",1
05/11/2025,First of month payment,,,"-$2,100.00","$24,515.00",0
09/23/2025,Building disbursement,,,-$150.00,"$37,532.00",0
03/13/2024,Rentt disbursement,,,"-$1,800.00","$11,407.00",1
03/28/2024,Pad payment,,,"-$2,825.00","$8,204.00",1
06/08/2024,Maintenance fee + insurance,,,"-$2,100.00","$33,011.00",0
09/06/2024,Periodic 30th payment,,,"-$1,700.00","$22,182.00",1
05/04/2024,Unit fee for residential unit,,,"-$1,125.00","$16,863.00",1
09/12/2025,Rant fee,,,"-$2,950.00","$25,911.00",1
10/11/2024,Building payment,,,"-$1,100.00","$45,007.00",0
05/14/2024,Subscripton payment,,,"$1,600.00","$26,883.00",0
04/04/2025,Recurring transfer to Smith,,,"-$1,325.00","$44,630.00",1
01/23/2024,Facility management disbursement,,,"-$2,775.00","$1,874.00",1
08/07/2024,Maintenence payment,,,-$450.00,"$14,538.00",0
08/09/2025,Additional to rent - fee,,,-$800.00,"$15,642.00",0
01/21/2025,Unit fee for residential unit,,,"-$1,400.00","$8,792.00",1
06/26/2024,Property Services LLC,,,-$75.00,"$21,911.00",0
09/05/2024,Apartment 12C fee,,,"-$3,050.00","$12,304.00",1
07/03/2024,Subscripton payment,,,-$400.00,"$33,207.00",0
05/01/2025,My apartment payment,,,"-$1,775.00","$24,328.00",1
12/04/2024,Semi-monthly residence,,,-$950.00,"$7,751.00",0
05/11/2025,Building fee,,,-$125.00,"$17,441.00",0
09/27/2024,UTILITY - RECURRING,,,-$450.00,"$35,479.00",0
09/15/2025,Domicile disbursement,,,"-$2,650.00","$29,019.00",1
03/16/2024,Service Quarterly,,,"-$1,000.00","$4,767.00",0
03/24/2025,Mid-month transfer,,,-$600.00,"$37,071.00",1
06/05/2024,RENT - DO NOT DELETE,,,-$950.00,"$31,451.00",1
11/20/2024,Semi-monthly residence,,,"-$1,250.00","$49,117.00",0
11/04/2024,Service 25th standing,,,-$800.00,"$30,916.00",0
11/20/2024,Rent(payment),,,"-$1,500.00","$31,559.00",1
01/06/2025,Membership Quarterly,,,-$125.00,"$48,033.00",0
05/24/2025,Rentt disbursement,,,"-$1,200.00","$13,581.00",1
08/06/2024,Utilitie payment,,,"-$1,750.00","$16,857.00",0
09/07/2024,Abode disbursement,,,"-$1,625.00","$3,217.00",1
04/12/2024,Besides rent - insurance,,,"-$1,400.00","$13,596.00",0
05/10/2025,123 Main St monthly,,,"-$1,675.00","$40,756.00",1
09/06/2024,Rant fee,,,"-$1,600.00","$14,650.00",1
08/26/2024,Residential payment 15th auto,,,"-$2,975.00","$49,455.00",1
12/30/2024,Apartment payment + parking,,,-$775.00,"$5,658.00",1
11/19/2025,Subscripton payment,,,-$900.00,"$12,475.00",0
05/29/2025,RENT_INVOICE_001,,,"-$2,775.00","$2,713.00",1
12/25/2025,Unit charge for residential unit,,,"-$2,550.00","$45,002.00",1
06/20/2025,Rent payment (apartment),,,"-$1,525.00","$45,217.00",1
01/08/2024,Maintenence payment,,,-$900.00,"$44,397.00",0
09/28/2025,Lodgings remittance,,,-$200.00,"$47,016.00",0
06/15/2024,Crib fee,,,$700.00,"$37,934.00",1
04/24/2025,Rent payment ,,,-$900.00,"$35,473.00",1
05/14/2025,Rent payment ,,,"-$2,300.00","$33,527.00",1
10/10/2025,Unit letting,,,-$850.00,"$33,064.00",0
09/21/2024,Property payment,,,-$600.00,"$32,540.00",0
09/06/2025,Rental payment,,,"$1,100.00","$8,631.00",0
04/07/2024,Residential payment Semi-monthly,,,"-$1,850.00","$44,746.00",1
11/20/2024,Besides rent - insurance,,,"-$1,550.00","$30,307.00",0
12/15/2025,Rent (missed auto),,,"-$2,950.00","$3,720.00",1
03/17/2025,Service 25th standing,,,$900.00,"$18,189.00",0
03/18/2025,Payment to Wilson,,,"-$1,250.00","$16,586.00",0
03/08/2025,Unit remittance for residential unit,,,"-$3,000.00","$38,547.00",1
02/19/2025,Rant remittance,,,"$2,200.00","$3,195.00",1
05/04/2024,Periodic 30th payment,,,"$1,600.00","$6,446.00",0
05/29/2024,First of month payment,,,"-$2,050.00","$17,676.00",1
12/21/2024,Residence fee including amenities,,,"-$2,825.00","$12,877.00",1
09/01/2024,Property management remittance,,,"$2,575.00","$46,776.00",1
06/24/2024,Habitation remittance with utilities,,,"-$2,350.00","$2,887.00",1
04/30/2024,Utilitie payment,,,-$350.00,"$15,999.00",0
05/28/2024,HOA fee incl. services,,,$350.00,"$7,953.00",0
07/13/2024,First of month payment,,,"-$1,200.00","$39,828.00",0
03/18/2025,Periodic 30th payment,,,"-$1,000.00","$26,574.00",0
05/07/2024,Unit letting,,,$100.00,"$24,078.00",0
09/06/2025,Recurring 1st week,,,-$750.00,"$4,478.00",0
09/26/2025,RENT-RECURRING,,,-$900.00,"$6,375.00",1
04/18/2024,Residential payment First Monday,,,-$750.00,"$47,619.00",1
07/11/2025,HOA fee + tax,,,-$900.00,"$9,891.00",0
12/04/2025,Rent payment ,,,"-$1,050.00","$16,857.00",1
02/27/2024,HOA fee incl. services,,,-$300.00,"$38,936.00",0
06/10/2025,Subscription 1st of month,,,"-$1,950.00","$33,490.00",0
05/16/2025,FEE - MONTHLY,,,-$600.00,"$27,549.00",0
07/15/2025,Lease charge,,,"-$1,200.00","$21,450.00",0
11/12/2025,Property Services LLC,,,-$75.00,"$49,934.00",0
10/25/2024,SERVICE - AUTO,,,$700.00,"$20,196.00",0
04/19/2024,Property Services LLC,,,-$200.00,"$30,138.00",0
04/21/2024,Complex fee for residential unit,,,"-$1,750.00","$31,551.00",1
07/05/2024,Recurring habitation expenditure,,,"$2,000.00","$37,227.00",1
06/13/2025,Property fee,,,$250.00,"$35,555.00",0
03/02/2025,Subscripton payment,,,"-$1,650.00","$25,678.00",0
03/20/2025,Residential payment 15th auto,,,"-$1,625.00","$12,978.00",1
01/03/2025,Abode payment plus insurance,,,"-$2,625.00","$2,077.00",1
05/18/2024,Complex payment,,,"-$1,250.00","$27,410.00",0
06/02/2025,ACH to Johnson LLC,,,-$700.00,"$48,663.00",1
09/21/2024,Check #1234 for monthly,,,-$500.00,"$8,654.00",0
03/11/2024,R3nt fee,,,"-$1,125.00","$42,328.00",1
09/03/2024,Residential payment 10th recurring,,,-$700.00,"$8,402.00",1
03/21/2025,Flat fee,,,"-$1,150.00","$31,775.00",1
07/06/2025,Bi-weekly housing,,,-$250.00,"$11,485.00",0
11/22/2024,RENT #2024-001,,,"-$1,900.00","$37,602.00",1
11/12/2025,Dwelling disbursement plus fees,,,"-$1,900.00","$39,221.00",1
02/06/2025,Rent(payment),,,"-$2,550.00","$22,189.00",1
04/14/2024,Domicile Solutions,,,-$700.00,"$44,970.00",0
04/28/2025,Utility fee incl. services,,,-$50.00,"$9,985.00",0
07/23/2025,Real Estate Solutions,,,"-$1,000.00","$14,119.00",0
12/12/2024,Rent payment (primary residence),,,"-$2,150.00","$24,602.00",1
06/03/2025,RENT #2024-001,,,"-$3,050.00","$2,440.00",1
04/08/2025,Excluding rent - HOA,,,-$900.00,"$34,496.00",0
09/27/2025,RENT~MONTHLY,,,"-$2,200.00","$2,596.00",1
01/20/2025,Membership 1st of month,,,-$900.00,"$32,090.00",0
03/18/2025,500 Oak Ave payment,,,"-$1,775.00","$10,755.00",1
01/07/2025,Check #1234 for monthly,,,-$600.00,"$3,264.00",0
04/23/2024,Rnet payment,,,"-$2,575.00","$43,904.00",1
09/15/2024,Maintenance fee + tax,,,$100.00,"$43,638.00",0
04/25/2024,Residential payment Every 30 days,,,"-$1,900.00","$28,697.00",1
07/11/2024,Check #1234 for monthly,,,"-$2,450.00","$17,540.00",1
03/24/2025,Residential payment Semi-monthly,,,-$700.00,"$2,703.00",1
09/28/2025,Maintenance fee + tax,,,-$250.00,"$40,283.00",0
01/23/2025,Mid-month transfer,,,"-$2,625.00","$5,116.00",1
10/17/2025,Subscription 15th auto,,,-$350.00,"$47,730.00",0
12/19/2024,Building disbursement for residential unit,,,"-$1,200.00","$39,188.00",1
02/09/2025,Rent payment ,,,"-$1,800.00","$19,007.00",1
10/29/2024,R3nt fee,,,$800.00,"$17,216.00",1
03/24/2025,Semi-monthly residence (Unit 4A),,,"-$2,450.00","$17,662.00",1
10/11/2025,RENT~MONTHLY,,,"-$2,150.00","$26,034.00",1
09/21/2024,SERVICE - RECURRING,,,-$450.00,"$17,605.00",0
08/04/2025,Property remittance,,,"-$1,100.00","$1,969.00",0
03/08/2025,Real Estate Solutions,,,"-$2,400.00","$25,498.00",0
08/02/2025,Independent of rent - repair,,,"-$1,350.00","$44,189.00",0
06/05/2024,Digs payment,,,"-$1,625.00","$31,842.00",1
09/03/2024,Rent payment ,,,"-$2,000.00","$34,597.00",1
05/04/2025,Unit charge,,,-$600.00,"$41,736.00",0
01/23/2025,Pad payment,,,-$300.00,"$27,000.00",0
01/20/2025,Residential payment Semi-monthly,,,"-$2,600.00","$8,893.00",1
06/04/2024,Servise payment,,,"-$1,750.00","$34,966.00",0
12/23/2024,Rentt disbursement,,,"-$1,675.00","$42,742.00",1
08/20/2024,Utility fee incl. services,,,"-$1,750.00","$12,267.00",0
02/04/2025,Lodging remittance,,,"-$1,900.00","$32,822.00",1
08/13/2025,Servise payment,,,-$450.00,"$7,422.00",0
04/09/2025,Zelle to Davis,,,"-$2,250.00","$8,414.00",0
11/03/2024,Unit letting,,,"-$1,775.00","$47,298.00",1
01/13/2024,Recurring transfer to Smith (Unit 17A),,,-$975.00,"$11,496.00",1
11/22/2024,Habitation remittance with utilities,,,"$1,625.00","$10,349.00",1
10/11/2025,Other than rent - tax,,,-$50.00,"$19,914.00",0
11/03/2024,Unit Management (Unit 19A),,,"-$1,000.00","$31,610.00",1
03/05/2025,RENT-RECURRING,,,"-$1,450.00","$6,213.00",1
02/07/2024,Payment ref: HOUSING-,,,"-$1,225.00","$14,503.00",1
04/08/2025,Residential payment 5th monthly,,,"-$2,575.00","$9,082.00",1
05/12/2025,Debit to Anderson,,,"-$1,600.00","$49,152.00",0
11/05/2025,Rent payment (primary residence),,,"$1,700.00","$19,821.00",1
05/12/2024,Service fee + tax,,,$500.00,"$44,651.00",0
11/18/2024,Rent payment ,,,"-$1,325.00","$33,491.00",1
02/09/2025,Subscription Bi-weekly,,,"-$2,400.00","$23,945.00",0
03/14/2024,Recurring transfer to Smith,,,-$250.00,"$49,265.00",0
09/05/2025,Distinct from rent - service,,,-$50.00,"$19,996.00",0
04/13/2025,Unit letting,,,"-$2,450.00","$15,670.00",1
03/21/2025,Pad payment,,,"-$1,700.00","$22,580.00",1
07/08/2024,Recurring transfer to Smith,,,-$250.00,"$5,050.00",0
07/07/2025,Service 5th monthly,,,-$350.00,"$6,834.00",0
06/30/2025,RENT>>PAYMENT,,,"-$1,425.00","$35,314.00",1
07/22/2024,Maintenance fee incl. services,,,-$150.00,"$45,147.00",0
10/12/2024,Premises fee with service charge,,,$900.00,"$7,518.00",1
02/11/2025,Quarterly dwelling,,,"-$1,200.00","$7,894.00",0
09/12/2024,Residence fee including amenities,,,"-$2,100.00","$49,432.00",1
01/27/2024,Domicile Solutions,,,-$800.00,"$9,480.00",0
04/23/2024,Strata payment,,,-$675.00,"$19,125.00",1
05/30/2025,Tenancy payment,,,"-$1,700.00","$40,879.00",1
06/22/2024,Recurring habitation expenditure,,,"-$1,550.00","$21,692.00",1
03/11/2024,Unit payment including maintenance,,,"$2,100.00","$6,181.00",1
01/19/2024,Maintenance fee + insurance,,,-$450.00,"$5,848.00",0
09/15/2024,Property Services LLC (Unit 12C),,,"-$1,400.00","$16,226.00",1
06/13/2025,Apartment payment + parking,,,"-$1,350.00","$27,310.00",1
10/10/2024,RENT~MONTHLY,,,"-$1,275.00","$18,702.00",1
04/16/2024,SERVICE - AUTO,,,-$125.00,"$11,904.00",0
11/21/2025,CHARGE - AUTO,,,"-$2,400.00","$45,262.00",0
01/11/2024,Remittance to Moore,,,"-$1,000.00","$46,102.00",0
11/11/2025,Residential payment Calendar month,,,"-$1,600.00","$18,639.00",1
11/16/2025,Subscription Last day,,,-$100.00,"$33,718.00",0
08/12/2024,Check #1234 for monthly,,,-$150.00,"$49,223.00",0
03/21/2025,Check #1234 for monthly,,,-$350.00,"$5,741.00",0
09/23/2025,Quarterly dwelling,,,-$650.00,"$39,291.00",0
05/21/2024,Residential payment Bi-weekly,,,"-$1,450.00","$18,814.00",1
01/13/2025,Complex payment,,,-$50.00,"$43,599.00",0
01/22/2025,Rent payment (primary residence),,,"$2,750.00","$19,802.00",1
01/20/2024,Subscription Last day,,,-$400.00,"$22,720.00",0
04/06/2024,Apart from rent - maintenance,,,$150.00,"$1,828.00",0
06/22/2025,Place remittance,,,"$1,600.00","$9,299.00",1
10/30/2024,Unit fee,,,-$900.00,"$12,235.00",0
07/11/2025,Remittance: DWELLING,,,"-$3,000.00","$4,431.00",1
03/07/2024,Property management remittance,,,"$2,150.00","$38,818.00",1
04/30/2025,Digs payment,,,$700.00,"$40,927.00",0
11/07/2024,Unit remittance,,,-$125.00,"$45,787.00",0
12/12/2025,Pad payment,,,"-$2,450.00","$39,059.00",1
10/27/2024,Flat fee,,,"-$2,075.00","$32,044.00",1
05/11/2024,RENT - DO NOT DELETE,,,-$850.00,"$45,042.00",1
02/04/2024,Lease payment,,,"-$1,400.00","$30,965.00",0
06/26/2025,Monthly payment to John,,,"-$1,850.00","$31,110.00",0
03/06/2024,Real Estate Solutions,,,-$900.00,"$46,694.00",0
06/07/2025,UTILITY - MONTHLY,,,-$50.00,"$34,980.00",0
10/20/2025,Subscripton payment,,,"-$1,000.00","$47,822.00",0
05/05/2025,Place remittance,,,"-$1,425.00","$9,722.00",1
11/12/2025,Recurring 1st week,,,-$125.00,"$24,643.00",0
08/22/2024,Debit to Anderson,,,-$200.00,"$3,422.00",0
04/09/2025,Residential payment 20th periodic,,,"-$1,125.00","$48,675.00",1
06/20/2024,Apartment 12C fee,,,-$825.00,"$14,649.00",1
07/19/2025,Domicile Solutions,,,"-$1,800.00","$28,405.00",0
12/21/2025,Place remittance,,,"-$1,775.00","$32,706.00",1
03/24/2025,Condo fee,,,"-$1,300.00","$47,905.00",1
11/08/2025,Rent (missed auto),,,"-$2,800.00","$29,960.00",1
10/02/2024,Complex charge for residential unit,,,"-$1,400.00","$4,180.00",1
05/05/2024,Building Management (Unit 34A),,,"-$1,275.00","$13,690.00",1
03/23/2025,Crib fee,,,"-$2,400.00","$6,629.00",1
01/04/2025,RENT~MONTHLY,,,"$2,100.00","$25,497.00",1
05/25/2024,Complex management remittance,,,"-$1,550.00","$10,098.00",1
08/11/2025,Property payment for residential unit,,,-$875.00,"$17,127.00",1
03/31/2024,Pad payment,,,-$50.00,"$1,512.00",0
03/04/2024,Real Estate Solutions (Unit 21B),,,"-$3,050.00","$13,839.00",1
07/04/2024,Semi-monthly residence,,,-$450.00,"$42,675.00",0
12/26/2025,Maintenence payment,,,"-$1,250.00","$24,749.00",0
09/09/2024,HOA fee + insurance,,,-$75.00,"$6,671.00",0
02/02/2025,Rnet payment,,,-$900.00,"$42,360.00",1
08/17/2024,Residential facility fee,,,"-$1,225.00","$20,974.00",1
07/22/2024,Dwelling disbursement plus fees,,,"-$1,725.00","$46,987.00",1
02/12/2025,Debit to Anderson,,,-$600.00,"$7,543.00",0
03/23/2024,RENT - DO NOT DELETE,,,"-$2,575.00","$39,258.00",1
07/10/2024,Transfer to Miller,,,"-$1,600.00","$46,227.00",0
08/11/2024,Spot payment,,,-$75.00,"$46,731.00",0
04/14/2025,Pad payment,,,-$800.00,"$7,269.00",1
10/07/2025,Building Management,,,-$100.00,"$35,787.00",0
02/26/2025,Ren tpayment,,,"-$1,350.00","$44,301.00",1
11/07/2025,Real Estate Solutions,,,"-$1,800.00","$11,150.00",0
09/23/2025,Transfer to Miller,,,"-$1,450.00","$19,030.00",1
01/10/2024,Maintenence payment,,,-$200.00,"$1,954.00",0
03/02/2025,Complex Services,,,-$950.00,"$30,928.00",1
11/23/2025,Housing Associates,,,"-$1,950.00","$12,168.00",1
07/24/2024,Subscripton payment,,,"-$1,250.00","$25,719.00",0
02/25/2024,My house monthly,,,"-$2,275.00","$12,060.00",1
09/24/2025,Debit to Anderson,,,"-$2,800.00","$34,718.00",0
06/07/2024,Unit charge for residential unit,,,"-$1,275.00","$48,939.00",1
05/10/2025,Apartment payment + parking,,,"-$2,225.00","$13,139.00",1
09/01/2024,Rent payment (apartment),,,-$700.00,"$2,265.00",1
05/12/2024,Digs payment,,,-$875.00,"$4,145.00",1
12/29/2025,Periodic 30th payment (Unit 43A),,,"$1,350.00","$7,345.00",1
03/03/2025,Monthly on 15th,,,"-$1,600.00","$33,766.00",0
05/06/2025,SERVICE - AUTO,,,-$600.00,"$3,007.00",0
06/04/2024,Unit Management,,,-$700.00,"$33,349.00",0
07/12/2024,Building payment,,,-$850.00,"$9,483.00",0
09/10/2025,Building disbursement,,,-$300.00,"$13,990.00",0
05/31/2025,Rent payment ,,,"-$1,800.00","$11,625.00",1
03/07/2024,Rentt disbursement,,,"-$1,900.00","$12,372.00",1
10/08/2024,500 Oak Ave payment,,,"-$1,600.00","$33,635.00",1
08/10/2025,Transfer to Miller,,,-$350.00,"$16,888.00",0
11/24/2024,Apartment payment + parking,,,"-$2,625.00","$2,684.00",1
08/06/2025,Housing allocation payment,,,"-$1,325.00","$28,720.00",1
07/30/2024,Lodgings remittance,,,"-$1,000.00","$27,919.00",1
05/27/2025,Subscripton payment,,,$350.00,"$34,550.00",0
12/05/2024,Servise payment,,,"-$1,600.00","$47,035.00",0
04/25/2024,Letting fee,,,"$1,800.00","$1,551.00",1
02/04/2025,Place remittance,,,-$400.00,"$21,710.00",0
05/24/2025,Rent payment (apartment),,,"-$1,000.00","$23,142.00",1
04/24/2025,Rent payment ,,,"-$1,350.00","$46,484.00",1
10/14/2025,End of month remittance,,,-$450.00,"$43,860.00",0
07/16/2024,Residential payment Quarterly,,,"$1,525.00","$13,917.00",1
01/20/2024,Lease charge,,,-$400.00,"$48,928.00",0
06/13/2024,Building payment for residential unit,,,"-$2,350.00","$12,536.00",1
07/10/2025,End of month remittance,,,-$600.00,"$37,169.00",0
10/19/2025,Subscription Monthly anniversary,,,"-$1,200.00","$40,161.00",0
02/11/2025,Rent-pay ment,,,"-$1,850.00","$32,472.00",1
04/07/2024,Residential facility fee,,,"-$2,050.00","$15,835.00",1
01/13/2024,Maintenence payment,,,-$450.00,"$23,072.00",0
12/08/2024,ACH to Johnson LLC,,,"-$1,225.00","$36,264.00",1
03/18/2024,Service 25th standing,,,"-$1,600.00","$43,752.00",0
06/08/2024,RENT|AUTO,,,-$850.00,"$6,554.00",1
04/21/2024,Accommodation remittance including tax,,,-$650.00,"$20,839.00",1
06/23/2024,Utility fee + insurance,,,-$400.00,"$48,130.00",0
10/26/2025,Rant fee,,,-$775.00,"$22,726.00",1
04/13/2024,Place remittance,,,-$150.00,"$18,874.00",0
11/22/2024,Distinct from rent - service,,,-$200.00,"$9,918.00",0
07/01/2025,FEE - AUTO,,,-$750.00,"$8,934.00",0
01/27/2025,Residence disbursement,,,"-$2,150.00","$39,331.00",1
05/02/2025,Independent of rent - repair,,,-$700.00,"$4,122.00",0
08/15/2025,RENT-RECURRING,,,"-$1,475.00","$23,752.00",1
11/10/2025,Maintenence payment,,,"-$1,350.00","$26,039.00",0
04/04/2024,Wire to Thompson,,,-$500.00,"$40,761.00",0
07/26/2025,Unit charge for residential unit,,,"-$2,825.00","$14,168.00",1
12/14/2024,Service fee incl. services,,,-$800.00,"$7,473.00",0
03/20/2024,Rent/payment,,,"-$1,800.00","$10,350.00",1
04/28/2025,Residential facility fee,,,"$2,650.00","$32,193.00",1
11/16/2025,Rental payment,,,"-$1,800.00","$18,048.00",0
09/09/2024,Maintenance fee + tax,,,"-$1,350.00","$20,645.00",0
12/10/2025,Periodic 30th payment,,,"-$1,200.00","$27,153.00",0
12/06/2025,Bi-weekly housing,,,-$50.00,"$18,415.00",0
11/10/2024,Property Services LLC,,,-$500.00,"$21,684.00",0
05/07/2024,RENT-RECURRING,,,-$650.00,"$49,902.00",1
10/11/2024,RENT|AUTO,,,"$2,200.00","$9,689.00",1
05/06/2025,Rentt disbursement,,,"-$2,825.00","$24,700.00",1
02/14/2025,FEE - RECURRING,,,"-$2,100.00","$41,528.00",0
09/26/2025,Lease fee for residential unit,,,-$875.00,"$17,637.00",1
03/08/2025,Condo fee,,,"-$1,650.00","$41,600.00",1
05/01/2024,Maintenance fee + tax,,,"-$1,800.00","$1,770.00",0
10/17/2024,Membership 25th standing,,,"-$1,200.00","$7,949.00",0
02/18/2024,Rent payment (primary residence),,,-$775.00,"$2,604.00",1
12/03/2025,Real Estate Solutions (Unit 3C),,,"-$2,225.00","$24,569.00",1
05/06/2025,Monthly on 15th (Unit 6A),,,"-$2,750.00","$4,876.00",1
09/03/2024,Utilitie payment,,,-$125.00,"$36,400.00",0
12/24/2025,Complex payment,,,-$800.00,"$12,404.00",0
01/19/2024,Wire to Thompson,,,-$700.00,"$18,464.00",0
12/01/2025,Subscripton payment,,,-$100.00,"$44,247.00",0
05/13/2024,Subscripton payment,,,-$150.00,"$36,044.00",0
05/29/2025,Monthly on 15th,,,-$50.00,"$10,384.00",0
07/18/2024,Subscripton payment,,,-$500.00,"$2,426.00",0
07/12/2024,FEE - AUTO,,,-$75.00,"$24,120.00",0
12/18/2024,Rent payment ,,,"-$1,900.00","$47,844.00",1
02/23/2025,Besides rent - insurance,,,"$1,650.00","$7,965.00",0
12/04/2025,ACH to Johnson LLC,,,$100.00,"$43,846.00",0
03/09/2024,Transfer to Miller,,,-$500.00,"$25,090.00",0
07/03/2025,Maintenance fee + insurance,,,-$800.00,"$38,180.00",0
12/24/2025,Dwelling disbursement plus fees,,,"$2,625.00","$14,888.00",1
01/18/2024,Service 10th recurring,,,"-$1,600.00","$32,359.00",0
07/24/2024,Residential Services,,,-$400.00,"$11,469.00",0
01/03/2025,Building fee for residential unit,,,"-$1,900.00","$34,312.00",1
01/23/2024,Wire to Thompson,,,"$1,400.00","$41,078.00",0
01/11/2024,Residential payment 1st of month,,,"-$1,275.00","$39,193.00",1
01/14/2024,Residence fee including amenities,,,"-$2,950.00","$16,270.00",1
07/28/2025,Servise payment,,,"-$1,350.00","$28,751.00",0
04/08/2025,Residence fee including amenities,,,"-$2,825.00","$39,988.00",1
02/18/2024,Property Services LLC,,,-$75.00,"$42,270.00",0
11/12/2025,Where I live payment,,,"-$1,575.00","$39,632.00",1
10/05/2025,SERVICE - AUTO,,,"-$1,800.00","$20,039.00",0
06/01/2024,Lease fee for residential unit,,,"-$3,050.00","$21,271.00",1
04/16/2024,Zelle to Davis,,,"-$1,325.00","$15,162.00",1
03/11/2024,RENT - DO NOT DELETE,,,"-$2,825.00","$42,714.00",1
05/19/2024,Complex fee for residential unit,,,"-$1,450.00","$5,187.00",1
07/15/2024,Other than rent - tax,,,-$900.00,"$39,435.00",0
07/25/2025,Digs payment,,,$500.00,"$5,637.00",0
10/26/2024,CHARGE - AUTO,,,-$75.00,"$23,014.00",0
07/23/2024,Service First Monday,,,-$700.00,"$7,974.00",0
04/13/2025,Unit Management,,,-$700.00,"$18,060.00",0
02/09/2025,Unit payment for residential unit,,,-$725.00,"$27,395.00",1
03/26/2024,Recurring transfer to Smith,,,-$900.00,"$10,390.00",0
12/28/2025,Residential payment 25th standing,,,"-$1,625.00","$6,625.00",1
03/29/2025,Accommodation disbursement,,,"-$1,600.00","$46,890.00",1
06/06/2024,Monthly housing and utilities bundle,,,"-$2,750.00","$36,510.00",1
11/18/2025,Place remittance,,,$450.00,"$40,255.00",0
11/25/2025,Abode payment plus insurance,,,"-$2,975.00","$31,281.00",1
08/24/2025,UTILITY - MONTHLY,,,"-$1,200.00","$35,431.00",0
06/01/2024,Separate from rent - deposit,,,-$100.00,"$43,719.00",0
03/09/2024,Letting fee,,,"-$1,700.00","$3,241.00",1
11/02/2025,Rent payment (primary residence),,,-$800.00,"$17,714.00",1
12/02/2025,Rent payment (primary residence),,,-$625.00,"$44,021.00",1
01/22/2024,Debit to Anderson,,,-$600.00,"$20,670.00",0
10/16/2024,Unit remittance,,,"-$2,250.00","$29,533.00",0
04/05/2024,Pad payment,,,"-$1,500.00","$49,743.00",1
08/07/2025,ACH to Johnson LLC,,,-$600.00,"$30,035.00",0
03/28/2025,Residence disbursement,,,"-$1,875.00","$7,773.00",1
03/20/2024,Bi-weekly housing,,,-$50.00,"$36,169.00",0
11/22/2024,CHARGE - RECURRING,,,-$250.00,"$7,974.00",0
05/07/2024,Rent payment (primary residence),,,-$625.00,"$7,008.00",1
02/28/2025,Place I stay remittance,,,-$800.00,"$44,114.00",1
02/14/2025,Utility fee + tax,,,-$300.00,"$37,666.00",0
02/29/2024,Housing allocation payment,,,"-$1,650.00","$38,625.00",1
04/23/2024,Dwelling disbursement plus fees,,,"-$1,075.00","$24,724.00",1
03/27/2024,Lease fee for residential unit,,,"$2,950.00","$26,363.00",1
11/12/2025,Membership Quarterly,,,-$450.00,"$30,000.00",0
07/07/2025,Lodging remittance,,,"-$2,000.00","$35,210.00",1
05/19/2025,RENT PAYMENT (MONTHLY),,,"-$2,350.00","$7,053.00",1
06/11/2025,FEE - MONTHLY,,,"-$1,200.00","$44,600.00",0
04/05/2024,RENT: UNIT 304,,,"-$1,200.00","$48,938.00",1
07/04/2025,Place remittance,,,"-$1,300.00","$23,920.00",1
04/24/2025,Monthly on 15th,,,-$450.00,"$17,275.00",0
06/30/2024,My unit disbursement,,,"-$3,000.00","$20,228.00",1
05/24/2024,Residential payment 20th periodic,,,"-$1,625.00","$13,025.00",1
03/02/2024,Residential payment Bi-weekly,,,-$900.00,"$2,946.00",1
02/23/2024,Utilitie payment,,,-$600.00,"$16,995.00",0
02/15/2025,Flat fee,,,-$900.00,"$34,620.00",1
03/05/2024,Complex payment,,,-$400.00,"$32,283.00",0
03/14/2024,Unit payment,,,"-$1,600.00","$19,145.00",0
11/22/2024,Independent of rent - repair,,,"-$1,200.00","$32,747.00",0
11/29/2024,Lease obligation payment,,,-$675.00,"$3,321.00",1
04/08/2024,Payment on 1st of month,,,"-$1,400.00","$10,752.00",0
01/31/2025,Dwelling remittance,,,"-$1,875.00","$30,021.00",1
10/21/2024,Subscription 15th auto,,,"-$1,000.00","$30,680.00",0
10/18/2025,Dwelling disbursement plus fees,,,"-$2,250.00","$13,915.00",1
09/06/2024,RENT_INVOICE_001,,,-$600.00,"$11,955.00",1
02/21/2024,Rent/payment,,,-$925.00,"$41,271.00",1
10/13/2024,Real estate management fee,,,"-$2,575.00","$11,933.00",1
01/14/2025,Residential occupancy fee,,,"-$2,850.00","$1,017.00",1
02/20/2024,Property payment,,,"-$1,600.00","$23,410.00",0
04/06/2024,Utilitie payment,,,-$50.00,"$45,261.00",0
05/12/2024,CHARGE - MONTHLY,,,-$600.00,"$6,745.00",0
11/10/2024,First of month payment,,,-$50.00,"$44,798.00",0
06/26/2024,Domicile Solutions,,,"-$1,600.00","$36,779.00",0
02/12/2025,UTILITY - RECURRING,,,"-$1,950.00","$6,401.00",0
11/29/2024,HOA fee + tax,,,$100.00,"$23,811.00",0
03/03/2025,Bi-weekly housing,,,-$975.00,"$42,341.00",1
08/15/2024,Remittance to Moore,,,-$450.00,"$23,597.00",0
07/22/2025,Residential payment Calendar month,,,"-$1,925.00","$42,938.00",1
08/02/2024,Service 25th standing,,,"$1,200.00","$6,885.00",0
05/10/2024,Residential payment 20th periodic,,,"-$2,550.00","$28,553.00",1
06/26/2024,Subscription 1st of month,,,-$700.00,"$46,481.00",0
05/29/2024,RENT: UNIT 304,,,"-$3,025.00","$27,306.00",1
02/07/2025,Payment on 1st of month,,,"-$2,100.00","$11,316.00",0
10/15/2025,Lease payment,,,-$700.00,"$34,189.00",0
01/23/2024,Residential occupancy fee,,,"-$2,825.00","$3,132.00",1
